{"event": "prompts_prepared", "fold": 1, "partition_role": "blind_b_shard", "validation_document_ids": ["10144254", "10331715", "11219444", "11255198", "11623322", "11908418", "11980148", "12006727", "12105292", "12124243", "12171241", "12186393", "12322239", "12385928", "12652286", "12674976", "12674977", "12692996", "12699863", "12732778", "12765696", "12822607", "12831391", "12898156", "12898639", "3652099", "4538198", "4769499", "4773268", "4867568", "4881620", "4975905", "5090660", "5107629", "5339678", "5389142", "5443993", "5511509", "5839060", "6074827", "6131905", "6339326", "6390614", "6549484", "6801452", "8151499", "8336383", "8580100", "8633184", "9806447"], "upstream_training_document_ids": ["10313222", "10553122", "10789033", "11196099", "11203018", "11221135", "11235872", "11765409", "11826603", "11871647", "11906559", "11919040", "11986149", "12017973", "12059664", "12078887", "12110755", "12110769", "12118522", "12126309", "12147048", "12250201", "12334843", "12386172", "12405443", "12444410", "12455887", "12628480", "12640707", "12646972", "12652105", "12733031", "12779223", "12798528", "12811285", "12846941", "12891056", "2866573", "2964533", "3563609", "4607013", "4644339", "4678370", "4899602", "5023785", "5368377", "5415817", "5422868", "5425407", "5452357", "5473715", "5537416", "5538066", "5562981", "5574094", "5575846", "5693559", "5763540", "5773845", "5789735", "5793168", "5866036", "5959423", "5970456", "6036836", "6048891", "6049015", "6057141", "6059678", "6063015", "6096008", "6134758", "6151044", "6219255", "6220403", "6332535", "6338757", "6390251", "6491447", "9327653"], "llm_training_document_ids": [], "demonstration_document_ids": [], "answers_removed_before_prompting": true, "baseline_exact_replay": true, "plan_sha256": "ed4577d345d5ec77033dc8b94fca7e942f9de48e86b6ed170b48ac3c7eb4bb0f", "parent_plan_sha256": "e9449586e4f7f11eaf84d5c0ffd39351b90ef862a71c217942e586a84f6c231b", "task_count": 1345, "tasks_sha256": "92512a1989224031c7b9b12a3bfa5e40806598383d926aef4dd5f83be86818a1", "max_input_tokens": 892, "maximum_grammar_tokens": 16, "protocol_module": "patientphex.llm_concept_review", "source_truncation": false, "hard_nonthinking": true}
Loading checkpoint shards:   0%|          | 0/5 [00:00<?, ?it/s]Loading checkpoint shards:  20%|██        | 1/5 [00:01<00:04,  1.17s/it]Loading checkpoint shards:  40%|████      | 2/5 [00:01<00:02,  1.04it/s]Loading checkpoint shards:  60%|██████    | 3/5 [00:02<00:01,  1.12it/s]Loading checkpoint shards:  80%|████████  | 4/5 [00:03<00:00,  1.27it/s]Loading checkpoint shards: 100%|██████████| 5/5 [00:03<00:00,  1.71it/s]Loading checkpoint shards: 100%|██████████| 5/5 [00:03<00:00,  1.37it/s]
{"event": "task_complete", "fold": 1, "completed": 1, "total": 1345, "format_errors": 0, "decisions": {"supported": 1}, "elapsed_seconds": 9.163389682769775}
{"event": "task_complete", "fold": 1, "completed": 2, "total": 1345, "format_errors": 0, "decisions": {"supported": 2}, "elapsed_seconds": 10.056045293807983}
{"event": "task_complete", "fold": 1, "completed": 3, "total": 1345, "format_errors": 0, "decisions": {"supported": 3}, "elapsed_seconds": 10.937118768692017}
{"event": "task_complete", "fold": 1, "completed": 4, "total": 1345, "format_errors": 0, "decisions": {"supported": 4}, "elapsed_seconds": 11.824222564697266}
{"event": "task_complete", "fold": 1, "completed": 5, "total": 1345, "format_errors": 0, "decisions": {"supported": 5}, "elapsed_seconds": 12.710845708847046}
{"event": "task_complete", "fold": 1, "completed": 6, "total": 1345, "format_errors": 0, "decisions": {"supported": 6}, "elapsed_seconds": 13.598814249038696}
{"event": "task_complete", "fold": 1, "completed": 7, "total": 1345, "format_errors": 0, "decisions": {"supported": 7}, "elapsed_seconds": 14.476739406585693}
{"event": "task_complete", "fold": 1, "completed": 8, "total": 1345, "format_errors": 0, "decisions": {"supported": 8}, "elapsed_seconds": 15.362648487091064}
{"event": "task_complete", "fold": 1, "completed": 9, "total": 1345, "format_errors": 0, "decisions": {"supported": 9}, "elapsed_seconds": 16.249306678771973}
{"event": "task_complete", "fold": 1, "completed": 10, "total": 1345, "format_errors": 0, "decisions": {"supported": 10}, "elapsed_seconds": 17.130424976348877}
{"event": "task_complete", "fold": 1, "completed": 11, "total": 1345, "format_errors": 0, "decisions": {"supported": 11}, "elapsed_seconds": 18.01062035560608}
{"event": "task_complete", "fold": 1, "completed": 12, "total": 1345, "format_errors": 0, "decisions": {"supported": 12}, "elapsed_seconds": 18.942095518112183}
{"event": "task_complete", "fold": 1, "completed": 13, "total": 1345, "format_errors": 0, "decisions": {"supported": 13}, "elapsed_seconds": 19.813047170639038}
{"event": "task_complete", "fold": 1, "completed": 14, "total": 1345, "format_errors": 0, "decisions": {"supported": 14}, "elapsed_seconds": 20.680285453796387}
{"event": "task_complete", "fold": 1, "completed": 15, "total": 1345, "format_errors": 0, "decisions": {"supported": 14, "other_or_general": 1}, "elapsed_seconds": 21.68659210205078}
{"event": "task_complete", "fold": 1, "completed": 16, "total": 1345, "format_errors": 0, "decisions": {"supported": 15, "other_or_general": 1}, "elapsed_seconds": 22.564062356948853}
{"event": "task_complete", "fold": 1, "completed": 17, "total": 1345, "format_errors": 0, "decisions": {"supported": 16, "other_or_general": 1}, "elapsed_seconds": 23.621280193328857}
{"event": "task_complete", "fold": 1, "completed": 18, "total": 1345, "format_errors": 0, "decisions": {"supported": 17, "other_or_general": 1}, "elapsed_seconds": 24.495201587677002}
{"event": "task_complete", "fold": 1, "completed": 19, "total": 1345, "format_errors": 0, "decisions": {"supported": 18, "other_or_general": 1}, "elapsed_seconds": 25.556888580322266}
{"event": "task_complete", "fold": 1, "completed": 20, "total": 1345, "format_errors": 0, "decisions": {"supported": 19, "other_or_general": 1}, "elapsed_seconds": 26.442207098007202}
{"event": "task_complete", "fold": 1, "completed": 21, "total": 1345, "format_errors": 0, "decisions": {"supported": 20, "other_or_general": 1}, "elapsed_seconds": 27.329509496688843}
{"event": "task_complete", "fold": 1, "completed": 22, "total": 1345, "format_errors": 0, "decisions": {"supported": 21, "other_or_general": 1}, "elapsed_seconds": 28.20925498008728}
{"event": "task_complete", "fold": 1, "completed": 23, "total": 1345, "format_errors": 0, "decisions": {"supported": 21, "other_or_general": 2}, "elapsed_seconds": 29.229485988616943}
{"event": "task_complete", "fold": 1, "completed": 24, "total": 1345, "format_errors": 0, "decisions": {"supported": 22, "other_or_general": 2}, "elapsed_seconds": 30.111478805541992}
{"event": "task_complete", "fold": 1, "completed": 25, "total": 1345, "format_errors": 0, "decisions": {"supported": 23, "other_or_general": 2}, "elapsed_seconds": 30.985910892486572}
{"event": "task_complete", "fold": 1, "completed": 26, "total": 1345, "format_errors": 0, "decisions": {"supported": 24, "other_or_general": 2}, "elapsed_seconds": 31.86427140235901}
{"event": "task_complete", "fold": 1, "completed": 27, "total": 1345, "format_errors": 0, "decisions": {"supported": 25, "other_or_general": 2}, "elapsed_seconds": 32.73937749862671}
{"event": "task_complete", "fold": 1, "completed": 28, "total": 1345, "format_errors": 0, "decisions": {"supported": 26, "other_or_general": 2}, "elapsed_seconds": 33.61454749107361}
{"event": "task_complete", "fold": 1, "completed": 29, "total": 1345, "format_errors": 0, "decisions": {"supported": 27, "other_or_general": 2}, "elapsed_seconds": 34.494115114212036}
{"event": "task_complete", "fold": 1, "completed": 30, "total": 1345, "format_errors": 0, "decisions": {"supported": 28, "other_or_general": 2}, "elapsed_seconds": 35.36150002479553}
{"event": "task_complete", "fold": 1, "completed": 31, "total": 1345, "format_errors": 0, "decisions": {"supported": 29, "other_or_general": 2}, "elapsed_seconds": 36.42310833930969}
{"event": "task_complete", "fold": 1, "completed": 32, "total": 1345, "format_errors": 0, "decisions": {"supported": 30, "other_or_general": 2}, "elapsed_seconds": 37.2936577796936}
{"event": "task_complete", "fold": 1, "completed": 33, "total": 1345, "format_errors": 0, "decisions": {"supported": 31, "other_or_general": 2}, "elapsed_seconds": 38.15945529937744}
{"event": "task_complete", "fold": 1, "completed": 34, "total": 1345, "format_errors": 0, "decisions": {"supported": 32, "other_or_general": 2}, "elapsed_seconds": 39.03410458564758}
{"event": "task_complete", "fold": 1, "completed": 35, "total": 1345, "format_errors": 0, "decisions": {"supported": 33, "other_or_general": 2}, "elapsed_seconds": 39.90661096572876}
{"event": "task_complete", "fold": 1, "completed": 36, "total": 1345, "format_errors": 0, "decisions": {"supported": 34, "other_or_general": 2}, "elapsed_seconds": 40.786664724349976}
{"event": "task_complete", "fold": 1, "completed": 37, "total": 1345, "format_errors": 0, "decisions": {"supported": 35, "other_or_general": 2}, "elapsed_seconds": 41.664278984069824}
{"event": "task_complete", "fold": 1, "completed": 38, "total": 1345, "format_errors": 0, "decisions": {"supported": 36, "other_or_general": 2}, "elapsed_seconds": 42.53737711906433}
{"event": "task_complete", "fold": 1, "completed": 39, "total": 1345, "format_errors": 0, "decisions": {"supported": 37, "other_or_general": 2}, "elapsed_seconds": 43.42503094673157}
{"event": "task_complete", "fold": 1, "completed": 40, "total": 1345, "format_errors": 0, "decisions": {"supported": 38, "other_or_general": 2}, "elapsed_seconds": 44.29657769203186}
{"event": "task_complete", "fold": 1, "completed": 41, "total": 1345, "format_errors": 0, "decisions": {"supported": 39, "other_or_general": 2}, "elapsed_seconds": 45.16974139213562}
{"event": "task_complete", "fold": 1, "completed": 42, "total": 1345, "format_errors": 0, "decisions": {"supported": 40, "other_or_general": 2}, "elapsed_seconds": 46.04723286628723}
{"event": "task_complete", "fold": 1, "completed": 43, "total": 1345, "format_errors": 0, "decisions": {"supported": 41, "other_or_general": 2}, "elapsed_seconds": 46.9340124130249}
{"event": "task_complete", "fold": 1, "completed": 44, "total": 1345, "format_errors": 0, "decisions": {"supported": 42, "other_or_general": 2}, "elapsed_seconds": 47.811819076538086}
{"event": "task_complete", "fold": 1, "completed": 45, "total": 1345, "format_errors": 0, "decisions": {"supported": 43, "other_or_general": 2}, "elapsed_seconds": 48.685420989990234}
{"event": "task_complete", "fold": 1, "completed": 46, "total": 1345, "format_errors": 0, "decisions": {"supported": 44, "other_or_general": 2}, "elapsed_seconds": 49.55450797080994}
{"event": "task_complete", "fold": 1, "completed": 47, "total": 1345, "format_errors": 0, "decisions": {"supported": 45, "other_or_general": 2}, "elapsed_seconds": 50.42823886871338}
{"event": "task_complete", "fold": 1, "completed": 48, "total": 1345, "format_errors": 0, "decisions": {"supported": 46, "other_or_general": 2}, "elapsed_seconds": 51.303136587142944}
{"event": "task_complete", "fold": 1, "completed": 49, "total": 1345, "format_errors": 0, "decisions": {"supported": 47, "other_or_general": 2}, "elapsed_seconds": 52.19044065475464}
{"event": "task_complete", "fold": 1, "completed": 50, "total": 1345, "format_errors": 0, "decisions": {"supported": 48, "other_or_general": 2}, "elapsed_seconds": 53.078431844711304}
{"event": "task_complete", "fold": 1, "completed": 51, "total": 1345, "format_errors": 0, "decisions": {"supported": 49, "other_or_general": 2}, "elapsed_seconds": 53.9599449634552}
{"event": "task_complete", "fold": 1, "completed": 52, "total": 1345, "format_errors": 0, "decisions": {"supported": 50, "other_or_general": 2}, "elapsed_seconds": 54.84548377990723}
{"event": "task_complete", "fold": 1, "completed": 53, "total": 1345, "format_errors": 0, "decisions": {"supported": 51, "other_or_general": 2}, "elapsed_seconds": 55.7320077419281}
{"event": "task_complete", "fold": 1, "completed": 54, "total": 1345, "format_errors": 0, "decisions": {"supported": 52, "other_or_general": 2}, "elapsed_seconds": 56.603625774383545}
{"event": "task_complete", "fold": 1, "completed": 55, "total": 1345, "format_errors": 0, "decisions": {"supported": 53, "other_or_general": 2}, "elapsed_seconds": 57.48494601249695}
{"event": "task_complete", "fold": 1, "completed": 56, "total": 1345, "format_errors": 0, "decisions": {"supported": 54, "other_or_general": 2}, "elapsed_seconds": 58.368003606796265}
{"event": "task_complete", "fold": 1, "completed": 57, "total": 1345, "format_errors": 0, "decisions": {"supported": 55, "other_or_general": 2}, "elapsed_seconds": 59.248735427856445}
{"event": "task_complete", "fold": 1, "completed": 58, "total": 1345, "format_errors": 0, "decisions": {"supported": 56, "other_or_general": 2}, "elapsed_seconds": 60.13159370422363}
{"event": "task_complete", "fold": 1, "completed": 59, "total": 1345, "format_errors": 0, "decisions": {"supported": 57, "other_or_general": 2}, "elapsed_seconds": 61.19786715507507}
{"event": "task_complete", "fold": 1, "completed": 60, "total": 1345, "format_errors": 0, "decisions": {"supported": 57, "other_or_general": 3}, "elapsed_seconds": 62.20578980445862}
{"event": "task_complete", "fold": 1, "completed": 61, "total": 1345, "format_errors": 0, "decisions": {"supported": 58, "other_or_general": 3}, "elapsed_seconds": 63.086530923843384}
{"event": "task_complete", "fold": 1, "completed": 62, "total": 1345, "format_errors": 0, "decisions": {"supported": 59, "other_or_general": 3}, "elapsed_seconds": 63.963889837265015}
{"event": "task_complete", "fold": 1, "completed": 63, "total": 1345, "format_errors": 0, "decisions": {"supported": 60, "other_or_general": 3}, "elapsed_seconds": 64.83099913597107}
{"event": "task_complete", "fold": 1, "completed": 64, "total": 1345, "format_errors": 0, "decisions": {"supported": 61, "other_or_general": 3}, "elapsed_seconds": 65.69422960281372}
{"event": "task_complete", "fold": 1, "completed": 65, "total": 1345, "format_errors": 0, "decisions": {"supported": 62, "other_or_general": 3}, "elapsed_seconds": 66.56803941726685}
{"event": "task_complete", "fold": 1, "completed": 66, "total": 1345, "format_errors": 0, "decisions": {"supported": 63, "other_or_general": 3}, "elapsed_seconds": 67.45503401756287}
{"event": "task_complete", "fold": 1, "completed": 67, "total": 1345, "format_errors": 0, "decisions": {"supported": 64, "other_or_general": 3}, "elapsed_seconds": 68.33214902877808}
{"event": "task_complete", "fold": 1, "completed": 68, "total": 1345, "format_errors": 0, "decisions": {"supported": 65, "other_or_general": 3}, "elapsed_seconds": 69.208500623703}
{"event": "task_complete", "fold": 1, "completed": 69, "total": 1345, "format_errors": 0, "decisions": {"supported": 66, "other_or_general": 3}, "elapsed_seconds": 70.07687449455261}
{"event": "task_complete", "fold": 1, "completed": 70, "total": 1345, "format_errors": 0, "decisions": {"supported": 67, "other_or_general": 3}, "elapsed_seconds": 70.9469575881958}
{"event": "task_complete", "fold": 1, "completed": 71, "total": 1345, "format_errors": 0, "decisions": {"supported": 68, "other_or_general": 3}, "elapsed_seconds": 71.81068730354309}
{"event": "task_complete", "fold": 1, "completed": 72, "total": 1345, "format_errors": 0, "decisions": {"supported": 69, "other_or_general": 3}, "elapsed_seconds": 72.67991757392883}
{"event": "task_complete", "fold": 1, "completed": 73, "total": 1345, "format_errors": 0, "decisions": {"supported": 70, "other_or_general": 3}, "elapsed_seconds": 73.61634373664856}
{"event": "task_complete", "fold": 1, "completed": 74, "total": 1345, "format_errors": 0, "decisions": {"supported": 71, "other_or_general": 3}, "elapsed_seconds": 74.49174308776855}
{"event": "task_complete", "fold": 1, "completed": 75, "total": 1345, "format_errors": 0, "decisions": {"supported": 72, "other_or_general": 3}, "elapsed_seconds": 75.36467385292053}
{"event": "task_complete", "fold": 1, "completed": 76, "total": 1345, "format_errors": 0, "decisions": {"supported": 73, "other_or_general": 3}, "elapsed_seconds": 76.45502829551697}
{"event": "task_complete", "fold": 1, "completed": 77, "total": 1345, "format_errors": 0, "decisions": {"supported": 74, "other_or_general": 3}, "elapsed_seconds": 77.4750747680664}
{"event": "task_complete", "fold": 1, "completed": 78, "total": 1345, "format_errors": 0, "decisions": {"supported": 75, "other_or_general": 3}, "elapsed_seconds": 78.56762075424194}
{"event": "task_complete", "fold": 1, "completed": 79, "total": 1345, "format_errors": 0, "decisions": {"supported": 76, "other_or_general": 3}, "elapsed_seconds": 79.6244592666626}
{"event": "task_complete", "fold": 1, "completed": 80, "total": 1345, "format_errors": 0, "decisions": {"supported": 77, "other_or_general": 3}, "elapsed_seconds": 80.67870354652405}
{"event": "task_complete", "fold": 1, "completed": 81, "total": 1345, "format_errors": 0, "decisions": {"supported": 78, "other_or_general": 3}, "elapsed_seconds": 81.77244782447815}
{"event": "task_complete", "fold": 1, "completed": 82, "total": 1345, "format_errors": 0, "decisions": {"supported": 79, "other_or_general": 3}, "elapsed_seconds": 82.83468580245972}
{"event": "task_complete", "fold": 1, "completed": 83, "total": 1345, "format_errors": 0, "decisions": {"supported": 80, "other_or_general": 3}, "elapsed_seconds": 83.89664626121521}
{"event": "task_complete", "fold": 1, "completed": 84, "total": 1345, "format_errors": 0, "decisions": {"supported": 81, "other_or_general": 3}, "elapsed_seconds": 84.9558756351471}
{"event": "task_complete", "fold": 1, "completed": 85, "total": 1345, "format_errors": 0, "decisions": {"supported": 82, "other_or_general": 3}, "elapsed_seconds": 85.9743390083313}
{"event": "task_complete", "fold": 1, "completed": 86, "total": 1345, "format_errors": 0, "decisions": {"supported": 83, "other_or_general": 3}, "elapsed_seconds": 86.86808705329895}
{"event": "task_complete", "fold": 1, "completed": 87, "total": 1345, "format_errors": 0, "decisions": {"supported": 84, "other_or_general": 3}, "elapsed_seconds": 87.75923252105713}
{"event": "task_complete", "fold": 1, "completed": 88, "total": 1345, "format_errors": 0, "decisions": {"supported": 85, "other_or_general": 3}, "elapsed_seconds": 88.64958620071411}
{"event": "task_complete", "fold": 1, "completed": 89, "total": 1345, "format_errors": 0, "decisions": {"supported": 85, "other_or_general": 4}, "elapsed_seconds": 89.6509370803833}
{"event": "task_complete", "fold": 1, "completed": 90, "total": 1345, "format_errors": 0, "decisions": {"supported": 85, "other_or_general": 5}, "elapsed_seconds": 90.66233706474304}
{"event": "task_complete", "fold": 1, "completed": 91, "total": 1345, "format_errors": 0, "decisions": {"supported": 86, "other_or_general": 5}, "elapsed_seconds": 91.74999260902405}
{"event": "task_complete", "fold": 1, "completed": 92, "total": 1345, "format_errors": 0, "decisions": {"supported": 87, "other_or_general": 5}, "elapsed_seconds": 92.63133430480957}
{"event": "task_complete", "fold": 1, "completed": 93, "total": 1345, "format_errors": 0, "decisions": {"supported": 87, "other_or_general": 6}, "elapsed_seconds": 93.63490986824036}
{"event": "task_complete", "fold": 1, "completed": 94, "total": 1345, "format_errors": 0, "decisions": {"supported": 87, "other_or_general": 7}, "elapsed_seconds": 94.64089703559875}
{"event": "task_complete", "fold": 1, "completed": 95, "total": 1345, "format_errors": 0, "decisions": {"supported": 87, "other_or_general": 8}, "elapsed_seconds": 95.82502865791321}
{"event": "task_complete", "fold": 1, "completed": 96, "total": 1345, "format_errors": 0, "decisions": {"supported": 88, "other_or_general": 8}, "elapsed_seconds": 96.92831540107727}
{"event": "task_complete", "fold": 1, "completed": 97, "total": 1345, "format_errors": 0, "decisions": {"supported": 89, "other_or_general": 8}, "elapsed_seconds": 98.0340645313263}
{"event": "task_complete", "fold": 1, "completed": 98, "total": 1345, "format_errors": 0, "decisions": {"supported": 90, "other_or_general": 8}, "elapsed_seconds": 98.96012735366821}
{"event": "task_complete", "fold": 1, "completed": 99, "total": 1345, "format_errors": 0, "decisions": {"supported": 91, "other_or_general": 8}, "elapsed_seconds": 99.83185243606567}
{"event": "task_complete", "fold": 1, "completed": 100, "total": 1345, "format_errors": 0, "decisions": {"supported": 91, "other_or_general": 9}, "elapsed_seconds": 100.85037636756897}
{"event": "task_complete", "fold": 1, "completed": 101, "total": 1345, "format_errors": 0, "decisions": {"supported": 92, "other_or_general": 9}, "elapsed_seconds": 101.77238488197327}
{"event": "task_complete", "fold": 1, "completed": 102, "total": 1345, "format_errors": 0, "decisions": {"supported": 93, "other_or_general": 9}, "elapsed_seconds": 102.87110018730164}
{"event": "task_complete", "fold": 1, "completed": 103, "total": 1345, "format_errors": 0, "decisions": {"supported": 94, "other_or_general": 9}, "elapsed_seconds": 103.96681880950928}
{"event": "task_complete", "fold": 1, "completed": 104, "total": 1345, "format_errors": 0, "decisions": {"supported": 95, "other_or_general": 9}, "elapsed_seconds": 105.05977201461792}
{"event": "task_complete", "fold": 1, "completed": 105, "total": 1345, "format_errors": 0, "decisions": {"supported": 96, "other_or_general": 9}, "elapsed_seconds": 106.16132259368896}
{"event": "task_complete", "fold": 1, "completed": 106, "total": 1345, "format_errors": 0, "decisions": {"supported": 97, "other_or_general": 9}, "elapsed_seconds": 107.22068905830383}
{"event": "task_complete", "fold": 1, "completed": 107, "total": 1345, "format_errors": 0, "decisions": {"supported": 98, "other_or_general": 9}, "elapsed_seconds": 108.28056740760803}
{"event": "task_complete", "fold": 1, "completed": 108, "total": 1345, "format_errors": 0, "decisions": {"supported": 99, "other_or_general": 9}, "elapsed_seconds": 109.30420684814453}
{"event": "task_complete", "fold": 1, "completed": 109, "total": 1345, "format_errors": 0, "decisions": {"supported": 100, "other_or_general": 9}, "elapsed_seconds": 110.36287450790405}
{"event": "task_complete", "fold": 1, "completed": 110, "total": 1345, "format_errors": 0, "decisions": {"supported": 101, "other_or_general": 9}, "elapsed_seconds": 111.25015687942505}
{"event": "task_complete", "fold": 1, "completed": 111, "total": 1345, "format_errors": 0, "decisions": {"supported": 102, "other_or_general": 9}, "elapsed_seconds": 112.13651394844055}
{"event": "task_complete", "fold": 1, "completed": 112, "total": 1345, "format_errors": 0, "decisions": {"supported": 102, "other_or_general": 10}, "elapsed_seconds": 113.13769578933716}
{"event": "task_complete", "fold": 1, "completed": 113, "total": 1345, "format_errors": 0, "decisions": {"supported": 103, "other_or_general": 10}, "elapsed_seconds": 114.19975519180298}
{"event": "task_complete", "fold": 1, "completed": 114, "total": 1345, "format_errors": 0, "decisions": {"supported": 104, "other_or_general": 10}, "elapsed_seconds": 115.12367820739746}
{"event": "task_complete", "fold": 1, "completed": 115, "total": 1345, "format_errors": 0, "decisions": {"supported": 105, "other_or_general": 10}, "elapsed_seconds": 116.21501445770264}
{"event": "task_complete", "fold": 1, "completed": 116, "total": 1345, "format_errors": 0, "decisions": {"supported": 106, "other_or_general": 10}, "elapsed_seconds": 117.28451371192932}
{"event": "task_complete", "fold": 1, "completed": 117, "total": 1345, "format_errors": 0, "decisions": {"supported": 107, "other_or_general": 10}, "elapsed_seconds": 118.35412073135376}
{"event": "task_complete", "fold": 1, "completed": 118, "total": 1345, "format_errors": 0, "decisions": {"supported": 108, "other_or_general": 10}, "elapsed_seconds": 119.42235016822815}
{"event": "task_complete", "fold": 1, "completed": 119, "total": 1345, "format_errors": 0, "decisions": {"supported": 109, "other_or_general": 10}, "elapsed_seconds": 120.48570537567139}
{"event": "task_complete", "fold": 1, "completed": 120, "total": 1345, "format_errors": 0, "decisions": {"supported": 110, "other_or_general": 10}, "elapsed_seconds": 121.36242985725403}
{"event": "task_complete", "fold": 1, "completed": 121, "total": 1345, "format_errors": 0, "decisions": {"supported": 111, "other_or_general": 10}, "elapsed_seconds": 122.39419364929199}
{"event": "task_complete", "fold": 1, "completed": 122, "total": 1345, "format_errors": 0, "decisions": {"supported": 112, "other_or_general": 10}, "elapsed_seconds": 123.4233283996582}
{"event": "task_complete", "fold": 1, "completed": 123, "total": 1345, "format_errors": 0, "decisions": {"supported": 113, "other_or_general": 10}, "elapsed_seconds": 124.32422232627869}
{"event": "task_complete", "fold": 1, "completed": 124, "total": 1345, "format_errors": 0, "decisions": {"supported": 114, "other_or_general": 10}, "elapsed_seconds": 125.34693002700806}
{"event": "task_complete", "fold": 1, "completed": 125, "total": 1345, "format_errors": 0, "decisions": {"supported": 115, "other_or_general": 10}, "elapsed_seconds": 126.37423753738403}
{"event": "task_complete", "fold": 1, "completed": 126, "total": 1345, "format_errors": 0, "decisions": {"supported": 116, "other_or_general": 10}, "elapsed_seconds": 127.41364979743958}
{"event": "task_complete", "fold": 1, "completed": 127, "total": 1345, "format_errors": 0, "decisions": {"supported": 117, "other_or_general": 10}, "elapsed_seconds": 128.26984524726868}
{"event": "task_complete", "fold": 1, "completed": 128, "total": 1345, "format_errors": 0, "decisions": {"supported": 118, "other_or_general": 10}, "elapsed_seconds": 129.1328468322754}
{"event": "task_complete", "fold": 1, "completed": 129, "total": 1345, "format_errors": 0, "decisions": {"supported": 119, "other_or_general": 10}, "elapsed_seconds": 129.98532462120056}
{"event": "task_complete", "fold": 1, "completed": 130, "total": 1345, "format_errors": 0, "decisions": {"supported": 120, "other_or_general": 10}, "elapsed_seconds": 130.83367896080017}
{"event": "task_complete", "fold": 1, "completed": 131, "total": 1345, "format_errors": 0, "decisions": {"supported": 121, "other_or_general": 10}, "elapsed_seconds": 131.69159364700317}
{"event": "task_complete", "fold": 1, "completed": 132, "total": 1345, "format_errors": 0, "decisions": {"supported": 122, "other_or_general": 10}, "elapsed_seconds": 132.76563215255737}
{"event": "task_complete", "fold": 1, "completed": 133, "total": 1345, "format_errors": 0, "decisions": {"supported": 123, "other_or_general": 10}, "elapsed_seconds": 133.79857850074768}
{"event": "task_complete", "fold": 1, "completed": 134, "total": 1345, "format_errors": 0, "decisions": {"supported": 124, "other_or_general": 10}, "elapsed_seconds": 134.65675735473633}
{"event": "task_complete", "fold": 1, "completed": 135, "total": 1345, "format_errors": 0, "decisions": {"supported": 125, "other_or_general": 10}, "elapsed_seconds": 135.5181794166565}
{"event": "task_complete", "fold": 1, "completed": 136, "total": 1345, "format_errors": 0, "decisions": {"supported": 126, "other_or_general": 10}, "elapsed_seconds": 136.37830066680908}
{"event": "task_complete", "fold": 1, "completed": 137, "total": 1345, "format_errors": 0, "decisions": {"supported": 127, "other_or_general": 10}, "elapsed_seconds": 137.23620319366455}
{"event": "task_complete", "fold": 1, "completed": 138, "total": 1345, "format_errors": 0, "decisions": {"supported": 128, "other_or_general": 10}, "elapsed_seconds": 138.09721279144287}
{"event": "task_complete", "fold": 1, "completed": 139, "total": 1345, "format_errors": 0, "decisions": {"supported": 129, "other_or_general": 10}, "elapsed_seconds": 139.13716793060303}
{"event": "task_complete", "fold": 1, "completed": 140, "total": 1345, "format_errors": 0, "decisions": {"supported": 130, "other_or_general": 10}, "elapsed_seconds": 139.9852592945099}
{"event": "task_complete", "fold": 1, "completed": 141, "total": 1345, "format_errors": 0, "decisions": {"supported": 131, "other_or_general": 10}, "elapsed_seconds": 141.01906824111938}
{"event": "task_complete", "fold": 1, "completed": 142, "total": 1345, "format_errors": 0, "decisions": {"supported": 132, "other_or_general": 10}, "elapsed_seconds": 142.07719254493713}
{"event": "task_complete", "fold": 1, "completed": 143, "total": 1345, "format_errors": 0, "decisions": {"supported": 133, "other_or_general": 10}, "elapsed_seconds": 143.105318069458}
{"event": "task_complete", "fold": 1, "completed": 144, "total": 1345, "format_errors": 0, "decisions": {"supported": 134, "other_or_general": 10}, "elapsed_seconds": 144.00245761871338}
{"event": "task_complete", "fold": 1, "completed": 145, "total": 1345, "format_errors": 0, "decisions": {"supported": 135, "other_or_general": 10}, "elapsed_seconds": 145.02227783203125}
{"event": "task_complete", "fold": 1, "completed": 146, "total": 1345, "format_errors": 0, "decisions": {"supported": 136, "other_or_general": 10}, "elapsed_seconds": 145.8783824443817}
{"event": "task_complete", "fold": 1, "completed": 147, "total": 1345, "format_errors": 0, "decisions": {"supported": 137, "other_or_general": 10}, "elapsed_seconds": 146.7330551147461}
{"event": "task_complete", "fold": 1, "completed": 148, "total": 1345, "format_errors": 0, "decisions": {"supported": 138, "other_or_general": 10}, "elapsed_seconds": 147.76038026809692}
{"event": "task_complete", "fold": 1, "completed": 149, "total": 1345, "format_errors": 0, "decisions": {"supported": 139, "other_or_general": 10}, "elapsed_seconds": 148.7877688407898}
{"event": "task_complete", "fold": 1, "completed": 150, "total": 1345, "format_errors": 0, "decisions": {"supported": 140, "other_or_general": 10}, "elapsed_seconds": 149.80877017974854}
{"event": "task_complete", "fold": 1, "completed": 151, "total": 1345, "format_errors": 0, "decisions": {"supported": 141, "other_or_general": 10}, "elapsed_seconds": 150.84176683425903}
{"event": "task_complete", "fold": 1, "completed": 152, "total": 1345, "format_errors": 0, "decisions": {"supported": 142, "other_or_general": 10}, "elapsed_seconds": 151.87538957595825}
{"event": "task_complete", "fold": 1, "completed": 153, "total": 1345, "format_errors": 0, "decisions": {"supported": 143, "other_or_general": 10}, "elapsed_seconds": 152.90668416023254}
{"event": "task_complete", "fold": 1, "completed": 154, "total": 1345, "format_errors": 0, "decisions": {"supported": 144, "other_or_general": 10}, "elapsed_seconds": 153.94582629203796}
{"event": "task_complete", "fold": 1, "completed": 155, "total": 1345, "format_errors": 0, "decisions": {"supported": 145, "other_or_general": 10}, "elapsed_seconds": 154.98035383224487}
{"event": "task_complete", "fold": 1, "completed": 156, "total": 1345, "format_errors": 0, "decisions": {"supported": 146, "other_or_general": 10}, "elapsed_seconds": 156.01365613937378}
{"event": "task_complete", "fold": 1, "completed": 157, "total": 1345, "format_errors": 0, "decisions": {"supported": 147, "other_or_general": 10}, "elapsed_seconds": 156.92646551132202}
{"event": "task_complete", "fold": 1, "completed": 158, "total": 1345, "format_errors": 0, "decisions": {"supported": 148, "other_or_general": 10}, "elapsed_seconds": 157.8289532661438}
{"event": "task_complete", "fold": 1, "completed": 159, "total": 1345, "format_errors": 0, "decisions": {"supported": 149, "other_or_general": 10}, "elapsed_seconds": 158.7344663143158}
{"event": "task_complete", "fold": 1, "completed": 160, "total": 1345, "format_errors": 0, "decisions": {"supported": 150, "other_or_general": 10}, "elapsed_seconds": 159.76470184326172}
{"event": "task_complete", "fold": 1, "completed": 161, "total": 1345, "format_errors": 0, "decisions": {"supported": 151, "other_or_general": 10}, "elapsed_seconds": 160.79582905769348}
{"event": "task_complete", "fold": 1, "completed": 162, "total": 1345, "format_errors": 0, "decisions": {"supported": 152, "other_or_general": 10}, "elapsed_seconds": 161.83115553855896}
{"event": "task_complete", "fold": 1, "completed": 163, "total": 1345, "format_errors": 0, "decisions": {"supported": 153, "other_or_general": 10}, "elapsed_seconds": 162.87105870246887}
{"event": "task_complete", "fold": 1, "completed": 164, "total": 1345, "format_errors": 0, "decisions": {"supported": 154, "other_or_general": 10}, "elapsed_seconds": 163.90715169906616}
{"event": "task_complete", "fold": 1, "completed": 165, "total": 1345, "format_errors": 0, "decisions": {"supported": 155, "other_or_general": 10}, "elapsed_seconds": 164.94601583480835}
{"event": "task_complete", "fold": 1, "completed": 166, "total": 1345, "format_errors": 0, "decisions": {"supported": 156, "other_or_general": 10}, "elapsed_seconds": 165.85523319244385}
{"event": "task_complete", "fold": 1, "completed": 167, "total": 1345, "format_errors": 0, "decisions": {"supported": 157, "other_or_general": 10}, "elapsed_seconds": 166.77066111564636}
{"event": "task_complete", "fold": 1, "completed": 168, "total": 1345, "format_errors": 0, "decisions": {"supported": 158, "other_or_general": 10}, "elapsed_seconds": 167.6832993030548}
{"event": "task_complete", "fold": 1, "completed": 169, "total": 1345, "format_errors": 0, "decisions": {"supported": 159, "other_or_general": 10}, "elapsed_seconds": 168.59501194953918}
{"event": "task_complete", "fold": 1, "completed": 170, "total": 1345, "format_errors": 0, "decisions": {"supported": 160, "other_or_general": 10}, "elapsed_seconds": 169.5110285282135}
{"event": "task_complete", "fold": 1, "completed": 171, "total": 1345, "format_errors": 0, "decisions": {"supported": 161, "other_or_general": 10}, "elapsed_seconds": 170.36238360404968}
{"event": "task_complete", "fold": 1, "completed": 172, "total": 1345, "format_errors": 0, "decisions": {"supported": 162, "other_or_general": 10}, "elapsed_seconds": 171.26811504364014}
{"event": "task_complete", "fold": 1, "completed": 173, "total": 1345, "format_errors": 0, "decisions": {"supported": 163, "other_or_general": 10}, "elapsed_seconds": 172.2922863960266}
{"event": "task_complete", "fold": 1, "completed": 174, "total": 1345, "format_errors": 0, "decisions": {"supported": 164, "other_or_general": 10}, "elapsed_seconds": 173.2000765800476}
{"event": "task_complete", "fold": 1, "completed": 175, "total": 1345, "format_errors": 0, "decisions": {"supported": 165, "other_or_general": 10}, "elapsed_seconds": 174.04275035858154}
{"event": "task_complete", "fold": 1, "completed": 176, "total": 1345, "format_errors": 0, "decisions": {"supported": 166, "other_or_general": 10}, "elapsed_seconds": 174.90688467025757}
{"event": "task_complete", "fold": 1, "completed": 177, "total": 1345, "format_errors": 0, "decisions": {"supported": 167, "other_or_general": 10}, "elapsed_seconds": 175.7737753391266}
{"event": "task_complete", "fold": 1, "completed": 178, "total": 1345, "format_errors": 0, "decisions": {"supported": 168, "other_or_general": 10}, "elapsed_seconds": 176.6411328315735}
{"event": "task_complete", "fold": 1, "completed": 179, "total": 1345, "format_errors": 0, "decisions": {"supported": 169, "other_or_general": 10}, "elapsed_seconds": 177.68095088005066}
{"event": "task_complete", "fold": 1, "completed": 180, "total": 1345, "format_errors": 0, "decisions": {"supported": 170, "other_or_general": 10}, "elapsed_seconds": 178.52706623077393}
{"event": "task_complete", "fold": 1, "completed": 181, "total": 1345, "format_errors": 0, "decisions": {"supported": 170, "other_or_general": 11}, "elapsed_seconds": 179.50400185585022}
{"event": "task_complete", "fold": 1, "completed": 182, "total": 1345, "format_errors": 0, "decisions": {"supported": 171, "other_or_general": 11}, "elapsed_seconds": 180.3703112602234}
{"event": "task_complete", "fold": 1, "completed": 183, "total": 1345, "format_errors": 0, "decisions": {"supported": 171, "other_or_general": 12}, "elapsed_seconds": 181.3586344718933}
{"event": "task_complete", "fold": 1, "completed": 184, "total": 1345, "format_errors": 0, "decisions": {"supported": 172, "other_or_general": 12}, "elapsed_seconds": 182.25875663757324}
{"event": "task_complete", "fold": 1, "completed": 185, "total": 1345, "format_errors": 0, "decisions": {"supported": 173, "other_or_general": 12}, "elapsed_seconds": 183.11046504974365}
{"event": "task_complete", "fold": 1, "completed": 186, "total": 1345, "format_errors": 0, "decisions": {"supported": 174, "other_or_general": 12}, "elapsed_seconds": 183.95787239074707}
{"event": "task_complete", "fold": 1, "completed": 187, "total": 1345, "format_errors": 0, "decisions": {"supported": 175, "other_or_general": 12}, "elapsed_seconds": 184.8159840106964}
{"event": "task_complete", "fold": 1, "completed": 188, "total": 1345, "format_errors": 0, "decisions": {"supported": 176, "other_or_general": 12}, "elapsed_seconds": 185.67473316192627}
{"event": "task_complete", "fold": 1, "completed": 189, "total": 1345, "format_errors": 0, "decisions": {"supported": 177, "other_or_general": 12}, "elapsed_seconds": 186.5421006679535}
{"event": "task_complete", "fold": 1, "completed": 190, "total": 1345, "format_errors": 0, "decisions": {"supported": 178, "other_or_general": 12}, "elapsed_seconds": 187.40014553070068}
{"event": "task_complete", "fold": 1, "completed": 191, "total": 1345, "format_errors": 0, "decisions": {"supported": 179, "other_or_general": 12}, "elapsed_seconds": 188.31147694587708}
{"event": "task_complete", "fold": 1, "completed": 192, "total": 1345, "format_errors": 0, "decisions": {"supported": 180, "other_or_general": 12}, "elapsed_seconds": 189.17555451393127}
{"event": "task_complete", "fold": 1, "completed": 193, "total": 1345, "format_errors": 0, "decisions": {"supported": 181, "other_or_general": 12}, "elapsed_seconds": 190.03483033180237}
{"event": "task_complete", "fold": 1, "completed": 194, "total": 1345, "format_errors": 0, "decisions": {"supported": 182, "other_or_general": 12}, "elapsed_seconds": 190.89107584953308}
{"event": "task_complete", "fold": 1, "completed": 195, "total": 1345, "format_errors": 0, "decisions": {"supported": 183, "other_or_general": 12}, "elapsed_seconds": 191.80548191070557}
{"event": "task_complete", "fold": 1, "completed": 196, "total": 1345, "format_errors": 0, "decisions": {"supported": 184, "other_or_general": 12}, "elapsed_seconds": 192.87007546424866}
{"event": "task_complete", "fold": 1, "completed": 197, "total": 1345, "format_errors": 0, "decisions": {"supported": 185, "other_or_general": 12}, "elapsed_seconds": 193.72509813308716}
{"event": "task_complete", "fold": 1, "completed": 198, "total": 1345, "format_errors": 0, "decisions": {"supported": 186, "other_or_general": 12}, "elapsed_seconds": 194.59153604507446}
{"event": "task_complete", "fold": 1, "completed": 199, "total": 1345, "format_errors": 0, "decisions": {"supported": 187, "other_or_general": 12}, "elapsed_seconds": 195.6273262500763}
{"event": "task_complete", "fold": 1, "completed": 200, "total": 1345, "format_errors": 0, "decisions": {"supported": 188, "other_or_general": 12}, "elapsed_seconds": 196.472473859787}
{"event": "task_complete", "fold": 1, "completed": 201, "total": 1345, "format_errors": 0, "decisions": {"supported": 189, "other_or_general": 12}, "elapsed_seconds": 197.3265085220337}
{"event": "task_complete", "fold": 1, "completed": 202, "total": 1345, "format_errors": 0, "decisions": {"supported": 190, "other_or_general": 12}, "elapsed_seconds": 198.17142295837402}
{"event": "task_complete", "fold": 1, "completed": 203, "total": 1345, "format_errors": 0, "decisions": {"supported": 191, "other_or_general": 12}, "elapsed_seconds": 199.0265805721283}
{"event": "task_complete", "fold": 1, "completed": 204, "total": 1345, "format_errors": 0, "decisions": {"supported": 192, "other_or_general": 12}, "elapsed_seconds": 199.8834671974182}
{"event": "task_complete", "fold": 1, "completed": 205, "total": 1345, "format_errors": 0, "decisions": {"supported": 193, "other_or_general": 12}, "elapsed_seconds": 200.72475862503052}
{"event": "task_complete", "fold": 1, "completed": 206, "total": 1345, "format_errors": 0, "decisions": {"supported": 194, "other_or_general": 12}, "elapsed_seconds": 201.58403635025024}
{"event": "task_complete", "fold": 1, "completed": 207, "total": 1345, "format_errors": 0, "decisions": {"supported": 195, "other_or_general": 12}, "elapsed_seconds": 202.43260645866394}
{"event": "task_complete", "fold": 1, "completed": 208, "total": 1345, "format_errors": 0, "decisions": {"supported": 196, "other_or_general": 12}, "elapsed_seconds": 203.2885458469391}
{"event": "task_complete", "fold": 1, "completed": 209, "total": 1345, "format_errors": 0, "decisions": {"supported": 197, "other_or_general": 12}, "elapsed_seconds": 204.14833068847656}
{"event": "task_complete", "fold": 1, "completed": 210, "total": 1345, "format_errors": 0, "decisions": {"supported": 198, "other_or_general": 12}, "elapsed_seconds": 204.99570417404175}
{"event": "task_complete", "fold": 1, "completed": 211, "total": 1345, "format_errors": 0, "decisions": {"supported": 199, "other_or_general": 12}, "elapsed_seconds": 205.84343099594116}
{"event": "task_complete", "fold": 1, "completed": 212, "total": 1345, "format_errors": 0, "decisions": {"supported": 199, "other_or_general": 13}, "elapsed_seconds": 206.88156843185425}
{"event": "task_complete", "fold": 1, "completed": 213, "total": 1345, "format_errors": 0, "decisions": {"supported": 199, "other_or_general": 14}, "elapsed_seconds": 207.8613657951355}
{"event": "task_complete", "fold": 1, "completed": 214, "total": 1345, "format_errors": 0, "decisions": {"supported": 200, "other_or_general": 14}, "elapsed_seconds": 208.70939660072327}
{"event": "task_complete", "fold": 1, "completed": 215, "total": 1345, "format_errors": 0, "decisions": {"supported": 200, "other_or_general": 15}, "elapsed_seconds": 209.69274520874023}
{"event": "task_complete", "fold": 1, "completed": 216, "total": 1345, "format_errors": 0, "decisions": {"supported": 201, "other_or_general": 15}, "elapsed_seconds": 210.53516125679016}
{"event": "task_complete", "fold": 1, "completed": 217, "total": 1345, "format_errors": 0, "decisions": {"supported": 202, "other_or_general": 15}, "elapsed_seconds": 211.52949261665344}
{"event": "task_complete", "fold": 1, "completed": 218, "total": 1345, "format_errors": 0, "decisions": {"supported": 203, "other_or_general": 15}, "elapsed_seconds": 212.55932593345642}
{"event": "task_complete", "fold": 1, "completed": 219, "total": 1345, "format_errors": 0, "decisions": {"supported": 204, "other_or_general": 15}, "elapsed_seconds": 213.588885307312}
{"event": "task_complete", "fold": 1, "completed": 220, "total": 1345, "format_errors": 0, "decisions": {"supported": 205, "other_or_general": 15}, "elapsed_seconds": 214.49348139762878}
{"event": "task_complete", "fold": 1, "completed": 221, "total": 1345, "format_errors": 0, "decisions": {"supported": 206, "other_or_general": 15}, "elapsed_seconds": 215.39943838119507}
{"event": "task_complete", "fold": 1, "completed": 222, "total": 1345, "format_errors": 0, "decisions": {"supported": 207, "other_or_general": 15}, "elapsed_seconds": 216.30924773216248}
{"event": "task_complete", "fold": 1, "completed": 223, "total": 1345, "format_errors": 0, "decisions": {"supported": 208, "other_or_general": 15}, "elapsed_seconds": 217.14918661117554}
{"event": "task_complete", "fold": 1, "completed": 224, "total": 1345, "format_errors": 0, "decisions": {"supported": 209, "other_or_general": 15}, "elapsed_seconds": 217.99453258514404}
{"event": "task_complete", "fold": 1, "completed": 225, "total": 1345, "format_errors": 0, "decisions": {"supported": 210, "other_or_general": 15}, "elapsed_seconds": 218.84819197654724}
{"event": "task_complete", "fold": 1, "completed": 226, "total": 1345, "format_errors": 0, "decisions": {"supported": 210, "other_or_general": 16}, "elapsed_seconds": 219.83081674575806}
{"event": "task_complete", "fold": 1, "completed": 227, "total": 1345, "format_errors": 0, "decisions": {"supported": 211, "other_or_general": 16}, "elapsed_seconds": 220.87193322181702}
{"event": "task_complete", "fold": 1, "completed": 228, "total": 1345, "format_errors": 0, "decisions": {"supported": 212, "other_or_general": 16}, "elapsed_seconds": 221.73379826545715}
{"event": "task_complete", "fold": 1, "completed": 229, "total": 1345, "format_errors": 0, "decisions": {"supported": 213, "other_or_general": 16}, "elapsed_seconds": 222.6400146484375}
{"event": "task_complete", "fold": 1, "completed": 230, "total": 1345, "format_errors": 0, "decisions": {"supported": 214, "other_or_general": 16}, "elapsed_seconds": 223.50421357154846}
{"event": "task_complete", "fold": 1, "completed": 231, "total": 1345, "format_errors": 0, "decisions": {"supported": 215, "other_or_general": 16}, "elapsed_seconds": 224.36134099960327}
{"event": "task_complete", "fold": 1, "completed": 232, "total": 1345, "format_errors": 0, "decisions": {"supported": 216, "other_or_general": 16}, "elapsed_seconds": 225.2134690284729}
{"event": "task_complete", "fold": 1, "completed": 233, "total": 1345, "format_errors": 0, "decisions": {"supported": 217, "other_or_general": 16}, "elapsed_seconds": 226.24401354789734}
{"event": "task_complete", "fold": 1, "completed": 234, "total": 1345, "format_errors": 0, "decisions": {"supported": 218, "other_or_general": 16}, "elapsed_seconds": 227.14963746070862}
{"event": "task_complete", "fold": 1, "completed": 235, "total": 1345, "format_errors": 0, "decisions": {"supported": 219, "other_or_general": 16}, "elapsed_seconds": 228.0074212551117}
{"event": "task_complete", "fold": 1, "completed": 236, "total": 1345, "format_errors": 0, "decisions": {"supported": 220, "other_or_general": 16}, "elapsed_seconds": 228.87386894226074}
{"event": "task_complete", "fold": 1, "completed": 237, "total": 1345, "format_errors": 0, "decisions": {"supported": 221, "other_or_general": 16}, "elapsed_seconds": 229.73880910873413}
{"event": "task_complete", "fold": 1, "completed": 238, "total": 1345, "format_errors": 0, "decisions": {"supported": 222, "other_or_general": 16}, "elapsed_seconds": 230.7324514389038}
{"event": "task_complete", "fold": 1, "completed": 239, "total": 1345, "format_errors": 0, "decisions": {"supported": 223, "other_or_general": 16}, "elapsed_seconds": 231.75892615318298}
{"event": "task_complete", "fold": 1, "completed": 240, "total": 1345, "format_errors": 0, "decisions": {"supported": 224, "other_or_general": 16}, "elapsed_seconds": 232.6059856414795}
{"event": "task_complete", "fold": 1, "completed": 241, "total": 1345, "format_errors": 0, "decisions": {"supported": 224, "other_or_general": 17}, "elapsed_seconds": 233.5750629901886}
{"event": "task_complete", "fold": 1, "completed": 242, "total": 1345, "format_errors": 0, "decisions": {"supported": 225, "other_or_general": 17}, "elapsed_seconds": 234.48019123077393}
{"event": "task_complete", "fold": 1, "completed": 243, "total": 1345, "format_errors": 0, "decisions": {"supported": 225, "other_or_general": 18}, "elapsed_seconds": 235.45616912841797}
{"event": "task_complete", "fold": 1, "completed": 244, "total": 1345, "format_errors": 0, "decisions": {"supported": 225, "other_or_general": 19}, "elapsed_seconds": 236.43792963027954}
{"event": "task_complete", "fold": 1, "completed": 245, "total": 1345, "format_errors": 0, "decisions": {"supported": 226, "other_or_general": 19}, "elapsed_seconds": 237.29458165168762}
{"event": "task_complete", "fold": 1, "completed": 246, "total": 1345, "format_errors": 0, "decisions": {"supported": 226, "other_or_general": 20}, "elapsed_seconds": 238.27730536460876}
{"event": "task_complete", "fold": 1, "completed": 247, "total": 1345, "format_errors": 0, "decisions": {"supported": 226, "other_or_general": 21}, "elapsed_seconds": 239.25378584861755}
{"event": "task_complete", "fold": 1, "completed": 248, "total": 1345, "format_errors": 0, "decisions": {"supported": 227, "other_or_general": 21}, "elapsed_seconds": 240.10328078269958}
{"event": "task_complete", "fold": 1, "completed": 249, "total": 1345, "format_errors": 0, "decisions": {"supported": 228, "other_or_general": 21}, "elapsed_seconds": 241.13307929039001}
{"event": "task_complete", "fold": 1, "completed": 250, "total": 1345, "format_errors": 0, "decisions": {"supported": 229, "other_or_general": 21}, "elapsed_seconds": 242.16541290283203}
{"event": "task_complete", "fold": 1, "completed": 251, "total": 1345, "format_errors": 0, "decisions": {"supported": 230, "other_or_general": 21}, "elapsed_seconds": 243.01881575584412}
{"event": "task_complete", "fold": 1, "completed": 252, "total": 1345, "format_errors": 0, "decisions": {"supported": 231, "other_or_general": 21}, "elapsed_seconds": 243.86491298675537}
{"event": "task_complete", "fold": 1, "completed": 253, "total": 1345, "format_errors": 0, "decisions": {"supported": 232, "other_or_general": 21}, "elapsed_seconds": 244.7081434726715}
{"event": "task_complete", "fold": 1, "completed": 254, "total": 1345, "format_errors": 0, "decisions": {"supported": 233, "other_or_general": 21}, "elapsed_seconds": 245.56081795692444}
{"event": "task_complete", "fold": 1, "completed": 255, "total": 1345, "format_errors": 0, "decisions": {"supported": 234, "other_or_general": 21}, "elapsed_seconds": 246.40901637077332}
{"event": "task_complete", "fold": 1, "completed": 256, "total": 1345, "format_errors": 0, "decisions": {"supported": 235, "other_or_general": 21}, "elapsed_seconds": 247.26191782951355}
{"event": "task_complete", "fold": 1, "completed": 257, "total": 1345, "format_errors": 0, "decisions": {"supported": 236, "other_or_general": 21}, "elapsed_seconds": 248.11975121498108}
{"event": "task_complete", "fold": 1, "completed": 258, "total": 1345, "format_errors": 0, "decisions": {"supported": 237, "other_or_general": 21}, "elapsed_seconds": 248.97358989715576}
{"event": "task_complete", "fold": 1, "completed": 259, "total": 1345, "format_errors": 0, "decisions": {"supported": 238, "other_or_general": 21}, "elapsed_seconds": 249.8308403491974}
{"event": "task_complete", "fold": 1, "completed": 260, "total": 1345, "format_errors": 0, "decisions": {"supported": 239, "other_or_general": 21}, "elapsed_seconds": 250.67080736160278}
{"event": "task_complete", "fold": 1, "completed": 261, "total": 1345, "format_errors": 0, "decisions": {"supported": 240, "other_or_general": 21}, "elapsed_seconds": 251.5099229812622}
{"event": "task_complete", "fold": 1, "completed": 262, "total": 1345, "format_errors": 0, "decisions": {"supported": 241, "other_or_general": 21}, "elapsed_seconds": 252.36643028259277}
{"event": "task_complete", "fold": 1, "completed": 263, "total": 1345, "format_errors": 0, "decisions": {"supported": 242, "other_or_general": 21}, "elapsed_seconds": 253.219402551651}
{"event": "task_complete", "fold": 1, "completed": 264, "total": 1345, "format_errors": 0, "decisions": {"supported": 243, "other_or_general": 21}, "elapsed_seconds": 254.07306337356567}
{"event": "task_complete", "fold": 1, "completed": 265, "total": 1345, "format_errors": 0, "decisions": {"supported": 244, "other_or_general": 21}, "elapsed_seconds": 254.93617248535156}
{"event": "task_complete", "fold": 1, "completed": 266, "total": 1345, "format_errors": 0, "decisions": {"supported": 244, "other_or_general": 22}, "elapsed_seconds": 255.90610456466675}
{"event": "task_complete", "fold": 1, "completed": 267, "total": 1345, "format_errors": 0, "decisions": {"supported": 244, "other_or_general": 23}, "elapsed_seconds": 256.8857259750366}
{"event": "task_complete", "fold": 1, "completed": 268, "total": 1345, "format_errors": 0, "decisions": {"supported": 245, "other_or_general": 23}, "elapsed_seconds": 257.7473089694977}
{"event": "task_complete", "fold": 1, "completed": 269, "total": 1345, "format_errors": 0, "decisions": {"supported": 246, "other_or_general": 23}, "elapsed_seconds": 258.59150671958923}
{"event": "task_complete", "fold": 1, "completed": 270, "total": 1345, "format_errors": 0, "decisions": {"supported": 247, "other_or_general": 23}, "elapsed_seconds": 259.4396891593933}
{"event": "task_complete", "fold": 1, "completed": 271, "total": 1345, "format_errors": 0, "decisions": {"supported": 248, "other_or_general": 23}, "elapsed_seconds": 260.2828891277313}
{"event": "task_complete", "fold": 1, "completed": 272, "total": 1345, "format_errors": 0, "decisions": {"supported": 249, "other_or_general": 23}, "elapsed_seconds": 261.13301825523376}
{"event": "task_complete", "fold": 1, "completed": 273, "total": 1345, "format_errors": 0, "decisions": {"supported": 250, "other_or_general": 23}, "elapsed_seconds": 261.9804608821869}
{"event": "task_complete", "fold": 1, "completed": 274, "total": 1345, "format_errors": 0, "decisions": {"supported": 251, "other_or_general": 23}, "elapsed_seconds": 262.829017162323}
{"event": "task_complete", "fold": 1, "completed": 275, "total": 1345, "format_errors": 0, "decisions": {"supported": 252, "other_or_general": 23}, "elapsed_seconds": 263.67198181152344}
{"event": "task_complete", "fold": 1, "completed": 276, "total": 1345, "format_errors": 0, "decisions": {"supported": 253, "other_or_general": 23}, "elapsed_seconds": 264.5379750728607}
{"event": "task_complete", "fold": 1, "completed": 277, "total": 1345, "format_errors": 0, "decisions": {"supported": 254, "other_or_general": 23}, "elapsed_seconds": 265.44112062454224}
{"event": "task_complete", "fold": 1, "completed": 278, "total": 1345, "format_errors": 0, "decisions": {"supported": 255, "other_or_general": 23}, "elapsed_seconds": 266.30186128616333}
{"event": "task_complete", "fold": 1, "completed": 279, "total": 1345, "format_errors": 0, "decisions": {"supported": 256, "other_or_general": 23}, "elapsed_seconds": 267.1533510684967}
{"event": "task_complete", "fold": 1, "completed": 280, "total": 1345, "format_errors": 0, "decisions": {"supported": 257, "other_or_general": 23}, "elapsed_seconds": 268.00288128852844}
{"event": "task_complete", "fold": 1, "completed": 281, "total": 1345, "format_errors": 0, "decisions": {"supported": 258, "other_or_general": 23}, "elapsed_seconds": 268.85560178756714}
{"event": "task_complete", "fold": 1, "completed": 282, "total": 1345, "format_errors": 0, "decisions": {"supported": 259, "other_or_general": 23}, "elapsed_seconds": 269.7597393989563}
{"event": "task_complete", "fold": 1, "completed": 283, "total": 1345, "format_errors": 0, "decisions": {"supported": 260, "other_or_general": 23}, "elapsed_seconds": 270.66187620162964}
{"event": "task_complete", "fold": 1, "completed": 284, "total": 1345, "format_errors": 0, "decisions": {"supported": 261, "other_or_general": 23}, "elapsed_seconds": 271.569433927536}
{"event": "task_complete", "fold": 1, "completed": 285, "total": 1345, "format_errors": 0, "decisions": {"supported": 262, "other_or_general": 23}, "elapsed_seconds": 272.47057819366455}
{"event": "task_complete", "fold": 1, "completed": 286, "total": 1345, "format_errors": 0, "decisions": {"supported": 263, "other_or_general": 23}, "elapsed_seconds": 273.34109258651733}
{"event": "task_complete", "fold": 1, "completed": 287, "total": 1345, "format_errors": 0, "decisions": {"supported": 264, "other_or_general": 23}, "elapsed_seconds": 274.2095365524292}
{"event": "task_complete", "fold": 1, "completed": 288, "total": 1345, "format_errors": 0, "decisions": {"supported": 265, "other_or_general": 23}, "elapsed_seconds": 275.058696269989}
{"event": "task_complete", "fold": 1, "completed": 289, "total": 1345, "format_errors": 0, "decisions": {"supported": 265, "other_or_general": 24}, "elapsed_seconds": 276.04214811325073}
{"event": "task_complete", "fold": 1, "completed": 290, "total": 1345, "format_errors": 0, "decisions": {"supported": 266, "other_or_general": 24}, "elapsed_seconds": 276.8844859600067}
{"event": "task_complete", "fold": 1, "completed": 291, "total": 1345, "format_errors": 0, "decisions": {"supported": 267, "other_or_general": 24}, "elapsed_seconds": 277.737375497818}
{"event": "task_complete", "fold": 1, "completed": 292, "total": 1345, "format_errors": 0, "decisions": {"supported": 268, "other_or_general": 24}, "elapsed_seconds": 278.59484100341797}
{"event": "task_complete", "fold": 1, "completed": 293, "total": 1345, "format_errors": 0, "decisions": {"supported": 269, "other_or_general": 24}, "elapsed_seconds": 279.4571304321289}
{"event": "task_complete", "fold": 1, "completed": 294, "total": 1345, "format_errors": 0, "decisions": {"supported": 270, "other_or_general": 24}, "elapsed_seconds": 280.31604409217834}
{"event": "task_complete", "fold": 1, "completed": 295, "total": 1345, "format_errors": 0, "decisions": {"supported": 271, "other_or_general": 24}, "elapsed_seconds": 281.3842570781708}
{"event": "task_complete", "fold": 1, "completed": 296, "total": 1345, "format_errors": 0, "decisions": {"supported": 272, "other_or_general": 24}, "elapsed_seconds": 282.24169754981995}
{"event": "task_complete", "fold": 1, "completed": 297, "total": 1345, "format_errors": 0, "decisions": {"supported": 273, "other_or_general": 24}, "elapsed_seconds": 283.31167793273926}
{"event": "task_complete", "fold": 1, "completed": 298, "total": 1345, "format_errors": 0, "decisions": {"supported": 274, "other_or_general": 24}, "elapsed_seconds": 284.1753406524658}
{"event": "task_complete", "fold": 1, "completed": 299, "total": 1345, "format_errors": 0, "decisions": {"supported": 275, "other_or_general": 24}, "elapsed_seconds": 285.0356547832489}
{"event": "task_complete", "fold": 1, "completed": 300, "total": 1345, "format_errors": 0, "decisions": {"supported": 276, "other_or_general": 24}, "elapsed_seconds": 285.87885069847107}
{"event": "task_complete", "fold": 1, "completed": 301, "total": 1345, "format_errors": 0, "decisions": {"supported": 277, "other_or_general": 24}, "elapsed_seconds": 286.7352213859558}
{"event": "task_complete", "fold": 1, "completed": 302, "total": 1345, "format_errors": 0, "decisions": {"supported": 278, "other_or_general": 24}, "elapsed_seconds": 287.58108496665955}
{"event": "task_complete", "fold": 1, "completed": 303, "total": 1345, "format_errors": 0, "decisions": {"supported": 279, "other_or_general": 24}, "elapsed_seconds": 288.4378321170807}
{"event": "task_complete", "fold": 1, "completed": 304, "total": 1345, "format_errors": 0, "decisions": {"supported": 279, "other_or_general": 25}, "elapsed_seconds": 289.60501861572266}
{"event": "task_complete", "fold": 1, "completed": 305, "total": 1345, "format_errors": 0, "decisions": {"supported": 279, "other_or_general": 26}, "elapsed_seconds": 290.64170813560486}
{"event": "task_complete", "fold": 1, "completed": 306, "total": 1345, "format_errors": 0, "decisions": {"supported": 280, "other_or_general": 26}, "elapsed_seconds": 291.4929082393646}
{"event": "task_complete", "fold": 1, "completed": 307, "total": 1345, "format_errors": 0, "decisions": {"supported": 280, "other_or_general": 27}, "elapsed_seconds": 292.53056359291077}
{"event": "task_complete", "fold": 1, "completed": 308, "total": 1345, "format_errors": 0, "decisions": {"supported": 280, "other_or_general": 28}, "elapsed_seconds": 293.56207823753357}
{"event": "task_complete", "fold": 1, "completed": 309, "total": 1345, "format_errors": 0, "decisions": {"supported": 281, "other_or_general": 28}, "elapsed_seconds": 294.42150259017944}
{"event": "task_complete", "fold": 1, "completed": 310, "total": 1345, "format_errors": 0, "decisions": {"supported": 282, "other_or_general": 28}, "elapsed_seconds": 295.2705442905426}
{"event": "task_complete", "fold": 1, "completed": 311, "total": 1345, "format_errors": 0, "decisions": {"supported": 283, "other_or_general": 28}, "elapsed_seconds": 296.12405276298523}
{"event": "task_complete", "fold": 1, "completed": 312, "total": 1345, "format_errors": 0, "decisions": {"supported": 284, "other_or_general": 28}, "elapsed_seconds": 296.99253845214844}
{"event": "task_complete", "fold": 1, "completed": 313, "total": 1345, "format_errors": 0, "decisions": {"supported": 285, "other_or_general": 28}, "elapsed_seconds": 297.848614692688}
{"event": "task_complete", "fold": 1, "completed": 314, "total": 1345, "format_errors": 0, "decisions": {"supported": 286, "other_or_general": 28}, "elapsed_seconds": 298.70411252975464}
{"event": "task_complete", "fold": 1, "completed": 315, "total": 1345, "format_errors": 0, "decisions": {"supported": 287, "other_or_general": 28}, "elapsed_seconds": 299.55770659446716}
{"event": "task_complete", "fold": 1, "completed": 316, "total": 1345, "format_errors": 0, "decisions": {"supported": 288, "other_or_general": 28}, "elapsed_seconds": 300.421639919281}
{"event": "task_complete", "fold": 1, "completed": 317, "total": 1345, "format_errors": 0, "decisions": {"supported": 288, "other_or_general": 29}, "elapsed_seconds": 301.3873200416565}
{"event": "task_complete", "fold": 1, "completed": 318, "total": 1345, "format_errors": 0, "decisions": {"supported": 289, "other_or_general": 29}, "elapsed_seconds": 302.23748803138733}
{"event": "task_complete", "fold": 1, "completed": 319, "total": 1345, "format_errors": 0, "decisions": {"supported": 290, "other_or_general": 29}, "elapsed_seconds": 303.08763122558594}
{"event": "task_complete", "fold": 1, "completed": 320, "total": 1345, "format_errors": 0, "decisions": {"supported": 291, "other_or_general": 29}, "elapsed_seconds": 304.0769829750061}
{"event": "task_complete", "fold": 1, "completed": 321, "total": 1345, "format_errors": 0, "decisions": {"supported": 292, "other_or_general": 29}, "elapsed_seconds": 304.9208335876465}
{"event": "task_complete", "fold": 1, "completed": 322, "total": 1345, "format_errors": 0, "decisions": {"supported": 293, "other_or_general": 29}, "elapsed_seconds": 305.7714421749115}
{"event": "task_complete", "fold": 1, "completed": 323, "total": 1345, "format_errors": 0, "decisions": {"supported": 294, "other_or_general": 29}, "elapsed_seconds": 306.6264719963074}
{"event": "task_complete", "fold": 1, "completed": 324, "total": 1345, "format_errors": 0, "decisions": {"supported": 295, "other_or_general": 29}, "elapsed_seconds": 307.4652714729309}
{"event": "task_complete", "fold": 1, "completed": 325, "total": 1345, "format_errors": 0, "decisions": {"supported": 296, "other_or_general": 29}, "elapsed_seconds": 308.3074526786804}
{"event": "task_complete", "fold": 1, "completed": 326, "total": 1345, "format_errors": 0, "decisions": {"supported": 297, "other_or_general": 29}, "elapsed_seconds": 309.1469097137451}
{"event": "task_complete", "fold": 1, "completed": 327, "total": 1345, "format_errors": 0, "decisions": {"supported": 298, "other_or_general": 29}, "elapsed_seconds": 309.998122215271}
{"event": "task_complete", "fold": 1, "completed": 328, "total": 1345, "format_errors": 0, "decisions": {"supported": 299, "other_or_general": 29}, "elapsed_seconds": 310.84596610069275}
{"event": "task_complete", "fold": 1, "completed": 329, "total": 1345, "format_errors": 0, "decisions": {"supported": 300, "other_or_general": 29}, "elapsed_seconds": 311.6943542957306}
{"event": "task_complete", "fold": 1, "completed": 330, "total": 1345, "format_errors": 0, "decisions": {"supported": 301, "other_or_general": 29}, "elapsed_seconds": 312.55131816864014}
{"event": "task_complete", "fold": 1, "completed": 331, "total": 1345, "format_errors": 0, "decisions": {"supported": 302, "other_or_general": 29}, "elapsed_seconds": 313.408714056015}
{"event": "task_complete", "fold": 1, "completed": 332, "total": 1345, "format_errors": 0, "decisions": {"supported": 303, "other_or_general": 29}, "elapsed_seconds": 314.2672379016876}
{"event": "task_complete", "fold": 1, "completed": 333, "total": 1345, "format_errors": 0, "decisions": {"supported": 304, "other_or_general": 29}, "elapsed_seconds": 315.1200261116028}
{"event": "task_complete", "fold": 1, "completed": 334, "total": 1345, "format_errors": 0, "decisions": {"supported": 305, "other_or_general": 29}, "elapsed_seconds": 315.9811038970947}
{"event": "task_complete", "fold": 1, "completed": 335, "total": 1345, "format_errors": 0, "decisions": {"supported": 306, "other_or_general": 29}, "elapsed_seconds": 316.82790184020996}
{"event": "task_complete", "fold": 1, "completed": 336, "total": 1345, "format_errors": 0, "decisions": {"supported": 307, "other_or_general": 29}, "elapsed_seconds": 317.677063703537}
{"event": "task_complete", "fold": 1, "completed": 337, "total": 1345, "format_errors": 0, "decisions": {"supported": 308, "other_or_general": 29}, "elapsed_seconds": 318.5431110858917}
{"event": "task_complete", "fold": 1, "completed": 338, "total": 1345, "format_errors": 0, "decisions": {"supported": 309, "other_or_general": 29}, "elapsed_seconds": 319.4107539653778}
{"event": "task_complete", "fold": 1, "completed": 339, "total": 1345, "format_errors": 0, "decisions": {"supported": 310, "other_or_general": 29}, "elapsed_seconds": 320.25830245018005}
{"event": "task_complete", "fold": 1, "completed": 340, "total": 1345, "format_errors": 0, "decisions": {"supported": 311, "other_or_general": 29}, "elapsed_seconds": 321.10001587867737}
{"event": "task_complete", "fold": 1, "completed": 341, "total": 1345, "format_errors": 0, "decisions": {"supported": 312, "other_or_general": 29}, "elapsed_seconds": 321.95231461524963}
{"event": "task_complete", "fold": 1, "completed": 342, "total": 1345, "format_errors": 0, "decisions": {"supported": 313, "other_or_general": 29}, "elapsed_seconds": 322.80187702178955}
{"event": "task_complete", "fold": 1, "completed": 343, "total": 1345, "format_errors": 0, "decisions": {"supported": 313, "other_or_general": 30}, "elapsed_seconds": 323.77599716186523}
{"event": "task_complete", "fold": 1, "completed": 344, "total": 1345, "format_errors": 0, "decisions": {"supported": 314, "other_or_general": 30}, "elapsed_seconds": 324.6313524246216}
{"event": "task_complete", "fold": 1, "completed": 345, "total": 1345, "format_errors": 0, "decisions": {"supported": 314, "other_or_general": 31}, "elapsed_seconds": 325.60456371307373}
{"event": "task_complete", "fold": 1, "completed": 346, "total": 1345, "format_errors": 0, "decisions": {"supported": 315, "other_or_general": 31}, "elapsed_seconds": 326.5149619579315}
{"event": "task_complete", "fold": 1, "completed": 347, "total": 1345, "format_errors": 0, "decisions": {"supported": 316, "other_or_general": 31}, "elapsed_seconds": 327.37551069259644}
{"event": "task_complete", "fold": 1, "completed": 348, "total": 1345, "format_errors": 0, "decisions": {"supported": 317, "other_or_general": 31}, "elapsed_seconds": 328.23330211639404}
{"event": "task_complete", "fold": 1, "completed": 349, "total": 1345, "format_errors": 0, "decisions": {"supported": 318, "other_or_general": 31}, "elapsed_seconds": 329.09825468063354}
{"event": "task_complete", "fold": 1, "completed": 350, "total": 1345, "format_errors": 0, "decisions": {"supported": 319, "other_or_general": 31}, "elapsed_seconds": 329.95844054222107}
{"event": "task_complete", "fold": 1, "completed": 351, "total": 1345, "format_errors": 0, "decisions": {"supported": 320, "other_or_general": 31}, "elapsed_seconds": 330.8204755783081}
{"event": "task_complete", "fold": 1, "completed": 352, "total": 1345, "format_errors": 0, "decisions": {"supported": 321, "other_or_general": 31}, "elapsed_seconds": 331.67472767829895}
{"event": "task_complete", "fold": 1, "completed": 353, "total": 1345, "format_errors": 0, "decisions": {"supported": 322, "other_or_general": 31}, "elapsed_seconds": 332.5451514720917}
{"event": "task_complete", "fold": 1, "completed": 354, "total": 1345, "format_errors": 0, "decisions": {"supported": 323, "other_or_general": 31}, "elapsed_seconds": 333.39559268951416}
{"event": "task_complete", "fold": 1, "completed": 355, "total": 1345, "format_errors": 0, "decisions": {"supported": 324, "other_or_general": 31}, "elapsed_seconds": 334.2426862716675}
{"event": "task_complete", "fold": 1, "completed": 356, "total": 1345, "format_errors": 0, "decisions": {"supported": 325, "other_or_general": 31}, "elapsed_seconds": 335.0842249393463}
{"event": "task_complete", "fold": 1, "completed": 357, "total": 1345, "format_errors": 0, "decisions": {"supported": 326, "other_or_general": 31}, "elapsed_seconds": 335.9263553619385}
{"event": "task_complete", "fold": 1, "completed": 358, "total": 1345, "format_errors": 0, "decisions": {"supported": 327, "other_or_general": 31}, "elapsed_seconds": 336.7892875671387}
{"event": "task_complete", "fold": 1, "completed": 359, "total": 1345, "format_errors": 0, "decisions": {"supported": 328, "other_or_general": 31}, "elapsed_seconds": 337.64051127433777}
{"event": "task_complete", "fold": 1, "completed": 360, "total": 1345, "format_errors": 0, "decisions": {"supported": 329, "other_or_general": 31}, "elapsed_seconds": 338.4965310096741}
{"event": "task_complete", "fold": 1, "completed": 361, "total": 1345, "format_errors": 0, "decisions": {"supported": 330, "other_or_general": 31}, "elapsed_seconds": 339.34613585472107}
{"event": "task_complete", "fold": 1, "completed": 362, "total": 1345, "format_errors": 0, "decisions": {"supported": 331, "other_or_general": 31}, "elapsed_seconds": 340.1942489147186}
{"event": "task_complete", "fold": 1, "completed": 363, "total": 1345, "format_errors": 0, "decisions": {"supported": 332, "other_or_general": 31}, "elapsed_seconds": 341.0470464229584}
{"event": "task_complete", "fold": 1, "completed": 364, "total": 1345, "format_errors": 0, "decisions": {"supported": 333, "other_or_general": 31}, "elapsed_seconds": 341.8941547870636}
{"event": "task_complete", "fold": 1, "completed": 365, "total": 1345, "format_errors": 0, "decisions": {"supported": 334, "other_or_general": 31}, "elapsed_seconds": 342.7491819858551}
{"event": "task_complete", "fold": 1, "completed": 366, "total": 1345, "format_errors": 0, "decisions": {"supported": 335, "other_or_general": 31}, "elapsed_seconds": 343.60634112358093}
{"event": "task_complete", "fold": 1, "completed": 367, "total": 1345, "format_errors": 0, "decisions": {"supported": 336, "other_or_general": 31}, "elapsed_seconds": 344.4637587070465}
{"event": "task_complete", "fold": 1, "completed": 368, "total": 1345, "format_errors": 0, "decisions": {"supported": 337, "other_or_general": 31}, "elapsed_seconds": 345.32106947898865}
{"event": "task_complete", "fold": 1, "completed": 369, "total": 1345, "format_errors": 0, "decisions": {"supported": 338, "other_or_general": 31}, "elapsed_seconds": 346.18966126441956}
{"event": "task_complete", "fold": 1, "completed": 370, "total": 1345, "format_errors": 0, "decisions": {"supported": 339, "other_or_general": 31}, "elapsed_seconds": 347.05223274230957}
{"event": "task_complete", "fold": 1, "completed": 371, "total": 1345, "format_errors": 0, "decisions": {"supported": 340, "other_or_general": 31}, "elapsed_seconds": 347.9002661705017}
{"event": "task_complete", "fold": 1, "completed": 372, "total": 1345, "format_errors": 0, "decisions": {"supported": 341, "other_or_general": 31}, "elapsed_seconds": 348.74237060546875}
{"event": "task_complete", "fold": 1, "completed": 373, "total": 1345, "format_errors": 0, "decisions": {"supported": 342, "other_or_general": 31}, "elapsed_seconds": 349.5876145362854}
{"event": "task_complete", "fold": 1, "completed": 374, "total": 1345, "format_errors": 0, "decisions": {"supported": 342, "other_or_general": 32}, "elapsed_seconds": 350.5585608482361}
{"event": "task_complete", "fold": 1, "completed": 375, "total": 1345, "format_errors": 0, "decisions": {"supported": 343, "other_or_general": 32}, "elapsed_seconds": 351.4082806110382}
{"event": "task_complete", "fold": 1, "completed": 376, "total": 1345, "format_errors": 0, "decisions": {"supported": 343, "other_or_general": 33}, "elapsed_seconds": 352.3857762813568}
{"event": "task_complete", "fold": 1, "completed": 377, "total": 1345, "format_errors": 0, "decisions": {"supported": 344, "other_or_general": 33}, "elapsed_seconds": 353.2515275478363}
{"event": "task_complete", "fold": 1, "completed": 378, "total": 1345, "format_errors": 0, "decisions": {"supported": 344, "other_or_general": 34}, "elapsed_seconds": 354.23483967781067}
{"event": "task_complete", "fold": 1, "completed": 379, "total": 1345, "format_errors": 0, "decisions": {"supported": 345, "other_or_general": 34}, "elapsed_seconds": 355.0897624492645}
{"event": "task_complete", "fold": 1, "completed": 380, "total": 1345, "format_errors": 0, "decisions": {"supported": 346, "other_or_general": 34}, "elapsed_seconds": 355.9506211280823}
{"event": "task_complete", "fold": 1, "completed": 381, "total": 1345, "format_errors": 0, "decisions": {"supported": 347, "other_or_general": 34}, "elapsed_seconds": 356.85598134994507}
{"event": "task_complete", "fold": 1, "completed": 382, "total": 1345, "format_errors": 0, "decisions": {"supported": 348, "other_or_general": 34}, "elapsed_seconds": 357.709748506546}
{"event": "task_complete", "fold": 1, "completed": 383, "total": 1345, "format_errors": 0, "decisions": {"supported": 349, "other_or_general": 34}, "elapsed_seconds": 358.55775570869446}
{"event": "task_complete", "fold": 1, "completed": 384, "total": 1345, "format_errors": 0, "decisions": {"supported": 349, "other_or_general": 35}, "elapsed_seconds": 359.5273377895355}
{"event": "task_complete", "fold": 1, "completed": 385, "total": 1345, "format_errors": 0, "decisions": {"supported": 350, "other_or_general": 35}, "elapsed_seconds": 360.39551973342896}
{"event": "task_complete", "fold": 1, "completed": 386, "total": 1345, "format_errors": 0, "decisions": {"supported": 351, "other_or_general": 35}, "elapsed_seconds": 361.2440142631531}
{"event": "task_complete", "fold": 1, "completed": 387, "total": 1345, "format_errors": 0, "decisions": {"supported": 352, "other_or_general": 35}, "elapsed_seconds": 362.08861565589905}
{"event": "task_complete", "fold": 1, "completed": 388, "total": 1345, "format_errors": 0, "decisions": {"supported": 353, "other_or_general": 35}, "elapsed_seconds": 362.93900299072266}
{"event": "task_complete", "fold": 1, "completed": 389, "total": 1345, "format_errors": 0, "decisions": {"supported": 354, "other_or_general": 35}, "elapsed_seconds": 363.79087495803833}
{"event": "task_complete", "fold": 1, "completed": 390, "total": 1345, "format_errors": 0, "decisions": {"supported": 355, "other_or_general": 35}, "elapsed_seconds": 364.64212369918823}
{"event": "task_complete", "fold": 1, "completed": 391, "total": 1345, "format_errors": 0, "decisions": {"supported": 356, "other_or_general": 35}, "elapsed_seconds": 365.4935200214386}
{"event": "task_complete", "fold": 1, "completed": 392, "total": 1345, "format_errors": 0, "decisions": {"supported": 357, "other_or_general": 35}, "elapsed_seconds": 366.34668922424316}
{"event": "task_complete", "fold": 1, "completed": 393, "total": 1345, "format_errors": 0, "decisions": {"supported": 358, "other_or_general": 35}, "elapsed_seconds": 367.19997215270996}
{"event": "task_complete", "fold": 1, "completed": 394, "total": 1345, "format_errors": 0, "decisions": {"supported": 358, "other_or_general": 36}, "elapsed_seconds": 368.1841607093811}
{"event": "task_complete", "fold": 1, "completed": 395, "total": 1345, "format_errors": 0, "decisions": {"supported": 359, "other_or_general": 36}, "elapsed_seconds": 369.02604818344116}
{"event": "task_complete", "fold": 1, "completed": 396, "total": 1345, "format_errors": 0, "decisions": {"supported": 360, "other_or_general": 36}, "elapsed_seconds": 369.8902039527893}
{"event": "task_complete", "fold": 1, "completed": 397, "total": 1345, "format_errors": 0, "decisions": {"supported": 361, "other_or_general": 36}, "elapsed_seconds": 370.74749875068665}
{"event": "task_complete", "fold": 1, "completed": 398, "total": 1345, "format_errors": 0, "decisions": {"supported": 362, "other_or_general": 36}, "elapsed_seconds": 371.61696553230286}
{"event": "task_complete", "fold": 1, "completed": 399, "total": 1345, "format_errors": 0, "decisions": {"supported": 363, "other_or_general": 36}, "elapsed_seconds": 372.4716491699219}
{"event": "task_complete", "fold": 1, "completed": 400, "total": 1345, "format_errors": 0, "decisions": {"supported": 364, "other_or_general": 36}, "elapsed_seconds": 373.33048462867737}
{"event": "task_complete", "fold": 1, "completed": 401, "total": 1345, "format_errors": 0, "decisions": {"supported": 365, "other_or_general": 36}, "elapsed_seconds": 374.19878578186035}
{"event": "task_complete", "fold": 1, "completed": 402, "total": 1345, "format_errors": 0, "decisions": {"supported": 366, "other_or_general": 36}, "elapsed_seconds": 375.1085886955261}
{"event": "task_complete", "fold": 1, "completed": 403, "total": 1345, "format_errors": 0, "decisions": {"supported": 367, "other_or_general": 36}, "elapsed_seconds": 376.01396465301514}
{"event": "task_complete", "fold": 1, "completed": 404, "total": 1345, "format_errors": 0, "decisions": {"supported": 368, "other_or_general": 36}, "elapsed_seconds": 376.87320041656494}
{"event": "task_complete", "fold": 1, "completed": 405, "total": 1345, "format_errors": 0, "decisions": {"supported": 369, "other_or_general": 36}, "elapsed_seconds": 377.72489953041077}
{"event": "task_complete", "fold": 1, "completed": 406, "total": 1345, "format_errors": 0, "decisions": {"supported": 370, "other_or_general": 36}, "elapsed_seconds": 378.5745165348053}
{"event": "task_complete", "fold": 1, "completed": 407, "total": 1345, "format_errors": 0, "decisions": {"supported": 371, "other_or_general": 36}, "elapsed_seconds": 379.4284064769745}
{"event": "task_complete", "fold": 1, "completed": 408, "total": 1345, "format_errors": 0, "decisions": {"supported": 372, "other_or_general": 36}, "elapsed_seconds": 380.28426122665405}
{"event": "task_complete", "fold": 1, "completed": 409, "total": 1345, "format_errors": 0, "decisions": {"supported": 373, "other_or_general": 36}, "elapsed_seconds": 381.141930103302}
{"event": "task_complete", "fold": 1, "completed": 410, "total": 1345, "format_errors": 0, "decisions": {"supported": 374, "other_or_general": 36}, "elapsed_seconds": 382.00109362602234}
{"event": "task_complete", "fold": 1, "completed": 411, "total": 1345, "format_errors": 0, "decisions": {"supported": 375, "other_or_general": 36}, "elapsed_seconds": 382.87051796913147}
{"event": "task_complete", "fold": 1, "completed": 412, "total": 1345, "format_errors": 0, "decisions": {"supported": 376, "other_or_general": 36}, "elapsed_seconds": 383.7345311641693}
{"event": "task_complete", "fold": 1, "completed": 413, "total": 1345, "format_errors": 0, "decisions": {"supported": 377, "other_or_general": 36}, "elapsed_seconds": 384.72307300567627}
{"event": "task_complete", "fold": 1, "completed": 414, "total": 1345, "format_errors": 0, "decisions": {"supported": 378, "other_or_general": 36}, "elapsed_seconds": 385.750714302063}
{"event": "task_complete", "fold": 1, "completed": 415, "total": 1345, "format_errors": 0, "decisions": {"supported": 379, "other_or_general": 36}, "elapsed_seconds": 386.5996718406677}
{"event": "task_complete", "fold": 1, "completed": 416, "total": 1345, "format_errors": 0, "decisions": {"supported": 380, "other_or_general": 36}, "elapsed_seconds": 387.58666920661926}
{"event": "task_complete", "fold": 1, "completed": 417, "total": 1345, "format_errors": 0, "decisions": {"supported": 381, "other_or_general": 36}, "elapsed_seconds": 388.43007159233093}
{"event": "task_complete", "fold": 1, "completed": 418, "total": 1345, "format_errors": 0, "decisions": {"supported": 382, "other_or_general": 36}, "elapsed_seconds": 389.2803189754486}
{"event": "task_complete", "fold": 1, "completed": 419, "total": 1345, "format_errors": 0, "decisions": {"supported": 383, "other_or_general": 36}, "elapsed_seconds": 390.1166310310364}
{"event": "task_complete", "fold": 1, "completed": 420, "total": 1345, "format_errors": 0, "decisions": {"supported": 384, "other_or_general": 36}, "elapsed_seconds": 391.023047208786}
{"event": "task_complete", "fold": 1, "completed": 421, "total": 1345, "format_errors": 0, "decisions": {"supported": 385, "other_or_general": 36}, "elapsed_seconds": 391.933956861496}
{"event": "task_complete", "fold": 1, "completed": 422, "total": 1345, "format_errors": 0, "decisions": {"supported": 386, "other_or_general": 36}, "elapsed_seconds": 392.840722322464}
{"event": "task_complete", "fold": 1, "completed": 423, "total": 1345, "format_errors": 0, "decisions": {"supported": 387, "other_or_general": 36}, "elapsed_seconds": 393.69363474845886}
{"event": "task_complete", "fold": 1, "completed": 424, "total": 1345, "format_errors": 0, "decisions": {"supported": 388, "other_or_general": 36}, "elapsed_seconds": 394.5546917915344}
{"event": "task_complete", "fold": 1, "completed": 425, "total": 1345, "format_errors": 0, "decisions": {"supported": 389, "other_or_general": 36}, "elapsed_seconds": 395.4131488800049}
{"event": "task_complete", "fold": 1, "completed": 426, "total": 1345, "format_errors": 0, "decisions": {"supported": 390, "other_or_general": 36}, "elapsed_seconds": 396.25712609291077}
{"event": "task_complete", "fold": 1, "completed": 427, "total": 1345, "format_errors": 0, "decisions": {"supported": 391, "other_or_general": 36}, "elapsed_seconds": 397.1002821922302}
{"event": "task_complete", "fold": 1, "completed": 428, "total": 1345, "format_errors": 0, "decisions": {"supported": 392, "other_or_general": 36}, "elapsed_seconds": 397.964816570282}
{"event": "task_complete", "fold": 1, "completed": 429, "total": 1345, "format_errors": 0, "decisions": {"supported": 393, "other_or_general": 36}, "elapsed_seconds": 398.8227894306183}
{"event": "task_complete", "fold": 1, "completed": 430, "total": 1345, "format_errors": 0, "decisions": {"supported": 394, "other_or_general": 36}, "elapsed_seconds": 399.85866618156433}
{"event": "task_complete", "fold": 1, "completed": 431, "total": 1345, "format_errors": 0, "decisions": {"supported": 395, "other_or_general": 36}, "elapsed_seconds": 400.8947238922119}
{"event": "task_complete", "fold": 1, "completed": 432, "total": 1345, "format_errors": 0, "decisions": {"supported": 396, "other_or_general": 36}, "elapsed_seconds": 401.74885058403015}
{"event": "task_complete", "fold": 1, "completed": 433, "total": 1345, "format_errors": 0, "decisions": {"supported": 397, "other_or_general": 36}, "elapsed_seconds": 402.6082937717438}
{"event": "task_complete", "fold": 1, "completed": 434, "total": 1345, "format_errors": 0, "decisions": {"supported": 398, "other_or_general": 36}, "elapsed_seconds": 403.4697012901306}
{"event": "task_complete", "fold": 1, "completed": 435, "total": 1345, "format_errors": 0, "decisions": {"supported": 399, "other_or_general": 36}, "elapsed_seconds": 404.30717635154724}
{"event": "task_complete", "fold": 1, "completed": 436, "total": 1345, "format_errors": 0, "decisions": {"supported": 400, "other_or_general": 36}, "elapsed_seconds": 405.206743478775}
{"event": "task_complete", "fold": 1, "completed": 437, "total": 1345, "format_errors": 0, "decisions": {"supported": 401, "other_or_general": 36}, "elapsed_seconds": 406.05206274986267}
{"event": "task_complete", "fold": 1, "completed": 438, "total": 1345, "format_errors": 0, "decisions": {"supported": 402, "other_or_general": 36}, "elapsed_seconds": 406.9016304016113}
{"event": "task_complete", "fold": 1, "completed": 439, "total": 1345, "format_errors": 0, "decisions": {"supported": 403, "other_or_general": 36}, "elapsed_seconds": 407.7439703941345}
{"event": "task_complete", "fold": 1, "completed": 440, "total": 1345, "format_errors": 0, "decisions": {"supported": 403, "other_or_general": 37}, "elapsed_seconds": 408.71924686431885}
{"event": "task_complete", "fold": 1, "completed": 441, "total": 1345, "format_errors": 0, "decisions": {"supported": 403, "other_or_general": 38}, "elapsed_seconds": 409.69191813468933}
{"event": "task_complete", "fold": 1, "completed": 442, "total": 1345, "format_errors": 0, "decisions": {"supported": 404, "other_or_general": 38}, "elapsed_seconds": 410.7309081554413}
{"event": "task_complete", "fold": 1, "completed": 443, "total": 1345, "format_errors": 0, "decisions": {"supported": 405, "other_or_general": 38}, "elapsed_seconds": 411.64872670173645}
{"event": "task_complete", "fold": 1, "completed": 444, "total": 1345, "format_errors": 0, "decisions": {"supported": 406, "other_or_general": 38}, "elapsed_seconds": 412.554230928421}
{"event": "task_complete", "fold": 1, "completed": 445, "total": 1345, "format_errors": 0, "decisions": {"supported": 407, "other_or_general": 38}, "elapsed_seconds": 413.4585783481598}
{"event": "task_complete", "fold": 1, "completed": 446, "total": 1345, "format_errors": 0, "decisions": {"supported": 408, "other_or_general": 38}, "elapsed_seconds": 414.3276436328888}
{"event": "task_complete", "fold": 1, "completed": 447, "total": 1345, "format_errors": 0, "decisions": {"supported": 409, "other_or_general": 38}, "elapsed_seconds": 415.1896722316742}
{"event": "task_complete", "fold": 1, "completed": 448, "total": 1345, "format_errors": 0, "decisions": {"supported": 410, "other_or_general": 38}, "elapsed_seconds": 416.09795808792114}
{"event": "task_complete", "fold": 1, "completed": 449, "total": 1345, "format_errors": 0, "decisions": {"supported": 411, "other_or_general": 38}, "elapsed_seconds": 416.95661449432373}
{"event": "task_complete", "fold": 1, "completed": 450, "total": 1345, "format_errors": 0, "decisions": {"supported": 412, "other_or_general": 38}, "elapsed_seconds": 417.8039479255676}
{"event": "task_complete", "fold": 1, "completed": 451, "total": 1345, "format_errors": 0, "decisions": {"supported": 412, "other_or_general": 39}, "elapsed_seconds": 418.77419686317444}
{"event": "task_complete", "fold": 1, "completed": 452, "total": 1345, "format_errors": 0, "decisions": {"supported": 413, "other_or_general": 39}, "elapsed_seconds": 419.6332354545593}
{"event": "task_complete", "fold": 1, "completed": 453, "total": 1345, "format_errors": 0, "decisions": {"supported": 414, "other_or_general": 39}, "elapsed_seconds": 420.4874005317688}
{"event": "task_complete", "fold": 1, "completed": 454, "total": 1345, "format_errors": 0, "decisions": {"supported": 414, "other_or_general": 40}, "elapsed_seconds": 421.47614789009094}
{"event": "task_complete", "fold": 1, "completed": 455, "total": 1345, "format_errors": 0, "decisions": {"supported": 415, "other_or_general": 40}, "elapsed_seconds": 422.3255121707916}
{"event": "task_complete", "fold": 1, "completed": 456, "total": 1345, "format_errors": 0, "decisions": {"supported": 416, "other_or_general": 40}, "elapsed_seconds": 423.16550159454346}
{"event": "task_complete", "fold": 1, "completed": 457, "total": 1345, "format_errors": 0, "decisions": {"supported": 417, "other_or_general": 40}, "elapsed_seconds": 424.009330034256}
{"event": "task_complete", "fold": 1, "completed": 458, "total": 1345, "format_errors": 0, "decisions": {"supported": 418, "other_or_general": 40}, "elapsed_seconds": 424.8582031726837}
{"event": "task_complete", "fold": 1, "completed": 459, "total": 1345, "format_errors": 0, "decisions": {"supported": 419, "other_or_general": 40}, "elapsed_seconds": 425.70505475997925}
{"event": "task_complete", "fold": 1, "completed": 460, "total": 1345, "format_errors": 0, "decisions": {"supported": 420, "other_or_general": 40}, "elapsed_seconds": 426.5575773715973}
{"event": "task_complete", "fold": 1, "completed": 461, "total": 1345, "format_errors": 0, "decisions": {"supported": 421, "other_or_general": 40}, "elapsed_seconds": 427.4034171104431}
{"event": "task_complete", "fold": 1, "completed": 462, "total": 1345, "format_errors": 0, "decisions": {"supported": 422, "other_or_general": 40}, "elapsed_seconds": 428.24067544937134}
{"event": "task_complete", "fold": 1, "completed": 463, "total": 1345, "format_errors": 0, "decisions": {"supported": 423, "other_or_general": 40}, "elapsed_seconds": 429.0963137149811}
{"event": "task_complete", "fold": 1, "completed": 464, "total": 1345, "format_errors": 0, "decisions": {"supported": 424, "other_or_general": 40}, "elapsed_seconds": 429.9449110031128}
{"event": "task_complete", "fold": 1, "completed": 465, "total": 1345, "format_errors": 0, "decisions": {"supported": 425, "other_or_general": 40}, "elapsed_seconds": 430.7934784889221}
{"event": "task_complete", "fold": 1, "completed": 466, "total": 1345, "format_errors": 0, "decisions": {"supported": 426, "other_or_general": 40}, "elapsed_seconds": 431.6430037021637}
{"event": "task_complete", "fold": 1, "completed": 467, "total": 1345, "format_errors": 0, "decisions": {"supported": 427, "other_or_general": 40}, "elapsed_seconds": 432.48972249031067}
{"event": "task_complete", "fold": 1, "completed": 468, "total": 1345, "format_errors": 0, "decisions": {"supported": 428, "other_or_general": 40}, "elapsed_seconds": 433.5223240852356}
{"event": "task_complete", "fold": 1, "completed": 469, "total": 1345, "format_errors": 0, "decisions": {"supported": 429, "other_or_general": 40}, "elapsed_seconds": 434.376829624176}
{"event": "task_complete", "fold": 1, "completed": 470, "total": 1345, "format_errors": 0, "decisions": {"supported": 430, "other_or_general": 40}, "elapsed_seconds": 435.4018466472626}
{"event": "task_complete", "fold": 1, "completed": 471, "total": 1345, "format_errors": 0, "decisions": {"supported": 431, "other_or_general": 40}, "elapsed_seconds": 436.31149792671204}
{"event": "task_complete", "fold": 1, "completed": 472, "total": 1345, "format_errors": 0, "decisions": {"supported": 432, "other_or_general": 40}, "elapsed_seconds": 437.21462869644165}
{"event": "task_complete", "fold": 1, "completed": 473, "total": 1345, "format_errors": 0, "decisions": {"supported": 433, "other_or_general": 40}, "elapsed_seconds": 438.0532217025757}
{"event": "task_complete", "fold": 1, "completed": 474, "total": 1345, "format_errors": 0, "decisions": {"supported": 434, "other_or_general": 40}, "elapsed_seconds": 438.9087886810303}
{"event": "task_complete", "fold": 1, "completed": 475, "total": 1345, "format_errors": 0, "decisions": {"supported": 435, "other_or_general": 40}, "elapsed_seconds": 439.7623565196991}
{"event": "task_complete", "fold": 1, "completed": 476, "total": 1345, "format_errors": 0, "decisions": {"supported": 436, "other_or_general": 40}, "elapsed_seconds": 440.79274225234985}
{"event": "task_complete", "fold": 1, "completed": 477, "total": 1345, "format_errors": 0, "decisions": {"supported": 437, "other_or_general": 40}, "elapsed_seconds": 441.6355640888214}
{"event": "task_complete", "fold": 1, "completed": 478, "total": 1345, "format_errors": 0, "decisions": {"supported": 438, "other_or_general": 40}, "elapsed_seconds": 442.48444151878357}
{"event": "task_complete", "fold": 1, "completed": 479, "total": 1345, "format_errors": 0, "decisions": {"supported": 439, "other_or_general": 40}, "elapsed_seconds": 443.32636618614197}
{"event": "task_complete", "fold": 1, "completed": 480, "total": 1345, "format_errors": 0, "decisions": {"supported": 440, "other_or_general": 40}, "elapsed_seconds": 444.3639736175537}
{"event": "task_complete", "fold": 1, "completed": 481, "total": 1345, "format_errors": 0, "decisions": {"supported": 441, "other_or_general": 40}, "elapsed_seconds": 445.39051389694214}
{"event": "task_complete", "fold": 1, "completed": 482, "total": 1345, "format_errors": 0, "decisions": {"supported": 442, "other_or_general": 40}, "elapsed_seconds": 446.30186104774475}
{"event": "task_complete", "fold": 1, "completed": 483, "total": 1345, "format_errors": 0, "decisions": {"supported": 443, "other_or_general": 40}, "elapsed_seconds": 447.15168833732605}
{"event": "task_complete", "fold": 1, "completed": 484, "total": 1345, "format_errors": 0, "decisions": {"supported": 443, "other_or_general": 41}, "elapsed_seconds": 448.1265630722046}
{"event": "task_complete", "fold": 1, "completed": 485, "total": 1345, "format_errors": 0, "decisions": {"supported": 443, "other_or_general": 42}, "elapsed_seconds": 449.106139421463}
{"event": "task_complete", "fold": 1, "completed": 486, "total": 1345, "format_errors": 0, "decisions": {"supported": 444, "other_or_general": 42}, "elapsed_seconds": 449.95407032966614}
{"event": "task_complete", "fold": 1, "completed": 487, "total": 1345, "format_errors": 0, "decisions": {"supported": 445, "other_or_general": 42}, "elapsed_seconds": 450.7965500354767}
{"event": "task_complete", "fold": 1, "completed": 488, "total": 1345, "format_errors": 0, "decisions": {"supported": 446, "other_or_general": 42}, "elapsed_seconds": 451.63156938552856}
{"event": "task_complete", "fold": 1, "completed": 489, "total": 1345, "format_errors": 0, "decisions": {"supported": 447, "other_or_general": 42}, "elapsed_seconds": 452.47518134117126}
{"event": "task_complete", "fold": 1, "completed": 490, "total": 1345, "format_errors": 0, "decisions": {"supported": 448, "other_or_general": 42}, "elapsed_seconds": 453.3244044780731}
{"event": "task_complete", "fold": 1, "completed": 491, "total": 1345, "format_errors": 0, "decisions": {"supported": 449, "other_or_general": 42}, "elapsed_seconds": 454.3909432888031}
{"event": "task_complete", "fold": 1, "completed": 492, "total": 1345, "format_errors": 0, "decisions": {"supported": 449, "other_or_general": 43}, "elapsed_seconds": 455.3687551021576}
{"event": "task_complete", "fold": 1, "completed": 493, "total": 1345, "format_errors": 0, "decisions": {"supported": 450, "other_or_general": 43}, "elapsed_seconds": 456.22480511665344}
{"event": "task_complete", "fold": 1, "completed": 494, "total": 1345, "format_errors": 0, "decisions": {"supported": 451, "other_or_general": 43}, "elapsed_seconds": 457.3007900714874}
{"event": "task_complete", "fold": 1, "completed": 495, "total": 1345, "format_errors": 0, "decisions": {"supported": 452, "other_or_general": 43}, "elapsed_seconds": 458.15079975128174}
{"event": "task_complete", "fold": 1, "completed": 496, "total": 1345, "format_errors": 0, "decisions": {"supported": 453, "other_or_general": 43}, "elapsed_seconds": 459.22635889053345}
{"event": "task_complete", "fold": 1, "completed": 497, "total": 1345, "format_errors": 0, "decisions": {"supported": 454, "other_or_general": 43}, "elapsed_seconds": 460.0779826641083}
{"event": "task_complete", "fold": 1, "completed": 498, "total": 1345, "format_errors": 0, "decisions": {"supported": 455, "other_or_general": 43}, "elapsed_seconds": 460.9267065525055}
{"event": "task_complete", "fold": 1, "completed": 499, "total": 1345, "format_errors": 0, "decisions": {"supported": 456, "other_or_general": 43}, "elapsed_seconds": 461.99049258232117}
{"event": "task_complete", "fold": 1, "completed": 500, "total": 1345, "format_errors": 0, "decisions": {"supported": 457, "other_or_general": 43}, "elapsed_seconds": 462.8410189151764}
{"event": "task_complete", "fold": 1, "completed": 501, "total": 1345, "format_errors": 0, "decisions": {"supported": 458, "other_or_general": 43}, "elapsed_seconds": 463.89785957336426}
{"event": "task_complete", "fold": 1, "completed": 502, "total": 1345, "format_errors": 0, "decisions": {"supported": 459, "other_or_general": 43}, "elapsed_seconds": 464.74472308158875}
{"event": "task_complete", "fold": 1, "completed": 503, "total": 1345, "format_errors": 0, "decisions": {"supported": 460, "other_or_general": 43}, "elapsed_seconds": 465.5934057235718}
{"event": "task_complete", "fold": 1, "completed": 504, "total": 1345, "format_errors": 0, "decisions": {"supported": 461, "other_or_general": 43}, "elapsed_seconds": 466.6189980506897}
{"event": "task_complete", "fold": 1, "completed": 505, "total": 1345, "format_errors": 0, "decisions": {"supported": 462, "other_or_general": 43}, "elapsed_seconds": 467.46195697784424}
{"event": "task_complete", "fold": 1, "completed": 506, "total": 1345, "format_errors": 0, "decisions": {"supported": 463, "other_or_general": 43}, "elapsed_seconds": 468.31131052970886}
{"event": "task_complete", "fold": 1, "completed": 507, "total": 1345, "format_errors": 0, "decisions": {"supported": 464, "other_or_general": 43}, "elapsed_seconds": 469.3753390312195}
{"event": "task_complete", "fold": 1, "completed": 508, "total": 1345, "format_errors": 0, "decisions": {"supported": 465, "other_or_general": 43}, "elapsed_seconds": 470.2286841869354}
{"event": "task_complete", "fold": 1, "completed": 509, "total": 1345, "format_errors": 0, "decisions": {"supported": 466, "other_or_general": 43}, "elapsed_seconds": 471.082799911499}
{"event": "task_complete", "fold": 1, "completed": 510, "total": 1345, "format_errors": 0, "decisions": {"supported": 467, "other_or_general": 43}, "elapsed_seconds": 471.9378311634064}
{"event": "task_complete", "fold": 1, "completed": 511, "total": 1345, "format_errors": 0, "decisions": {"supported": 468, "other_or_general": 43}, "elapsed_seconds": 473.01089453697205}
{"event": "task_complete", "fold": 1, "completed": 512, "total": 1345, "format_errors": 0, "decisions": {"supported": 469, "other_or_general": 43}, "elapsed_seconds": 474.078665971756}
{"event": "task_complete", "fold": 1, "completed": 513, "total": 1345, "format_errors": 0, "decisions": {"supported": 470, "other_or_general": 43}, "elapsed_seconds": 474.9326674938202}
{"event": "task_complete", "fold": 1, "completed": 514, "total": 1345, "format_errors": 0, "decisions": {"supported": 471, "other_or_general": 43}, "elapsed_seconds": 475.7859032154083}
{"event": "task_complete", "fold": 1, "completed": 515, "total": 1345, "format_errors": 0, "decisions": {"supported": 472, "other_or_general": 43}, "elapsed_seconds": 476.63493299484253}
{"event": "task_complete", "fold": 1, "completed": 516, "total": 1345, "format_errors": 0, "decisions": {"supported": 473, "other_or_general": 43}, "elapsed_seconds": 477.4868006706238}
{"event": "task_complete", "fold": 1, "completed": 517, "total": 1345, "format_errors": 0, "decisions": {"supported": 474, "other_or_general": 43}, "elapsed_seconds": 478.56080079078674}
{"event": "task_complete", "fold": 1, "completed": 518, "total": 1345, "format_errors": 0, "decisions": {"supported": 475, "other_or_general": 43}, "elapsed_seconds": 479.4067347049713}
{"event": "task_complete", "fold": 1, "completed": 519, "total": 1345, "format_errors": 0, "decisions": {"supported": 476, "other_or_general": 43}, "elapsed_seconds": 480.24771308898926}
{"event": "task_complete", "fold": 1, "completed": 520, "total": 1345, "format_errors": 0, "decisions": {"supported": 477, "other_or_general": 43}, "elapsed_seconds": 481.28619718551636}
{"event": "task_complete", "fold": 1, "completed": 521, "total": 1345, "format_errors": 0, "decisions": {"supported": 478, "other_or_general": 43}, "elapsed_seconds": 482.13588666915894}
{"event": "task_complete", "fold": 1, "completed": 522, "total": 1345, "format_errors": 0, "decisions": {"supported": 479, "other_or_general": 43}, "elapsed_seconds": 483.2081501483917}
{"event": "task_complete", "fold": 1, "completed": 523, "total": 1345, "format_errors": 0, "decisions": {"supported": 480, "other_or_general": 43}, "elapsed_seconds": 484.27766847610474}
{"event": "task_complete", "fold": 1, "completed": 524, "total": 1345, "format_errors": 0, "decisions": {"supported": 480, "other_or_general": 44}, "elapsed_seconds": 485.2512228488922}
{"event": "task_complete", "fold": 1, "completed": 525, "total": 1345, "format_errors": 0, "decisions": {"supported": 481, "other_or_general": 44}, "elapsed_seconds": 486.1062681674957}
{"event": "task_complete", "fold": 1, "completed": 526, "total": 1345, "format_errors": 0, "decisions": {"supported": 482, "other_or_general": 44}, "elapsed_seconds": 486.95216631889343}
{"event": "task_complete", "fold": 1, "completed": 527, "total": 1345, "format_errors": 0, "decisions": {"supported": 483, "other_or_general": 44}, "elapsed_seconds": 487.79367232322693}
{"event": "task_complete", "fold": 1, "completed": 528, "total": 1345, "format_errors": 0, "decisions": {"supported": 484, "other_or_general": 44}, "elapsed_seconds": 488.6387345790863}
{"event": "task_complete", "fold": 1, "completed": 529, "total": 1345, "format_errors": 0, "decisions": {"supported": 484, "other_or_general": 45}, "elapsed_seconds": 489.6191613674164}
{"event": "task_complete", "fold": 1, "completed": 530, "total": 1345, "format_errors": 0, "decisions": {"supported": 485, "other_or_general": 45}, "elapsed_seconds": 490.6867334842682}
{"event": "task_complete", "fold": 1, "completed": 531, "total": 1345, "format_errors": 0, "decisions": {"supported": 486, "other_or_general": 45}, "elapsed_seconds": 491.5391228199005}
{"event": "task_complete", "fold": 1, "completed": 532, "total": 1345, "format_errors": 0, "decisions": {"supported": 487, "other_or_general": 45}, "elapsed_seconds": 492.6018559932709}
{"event": "task_complete", "fold": 1, "completed": 533, "total": 1345, "format_errors": 0, "decisions": {"supported": 488, "other_or_general": 45}, "elapsed_seconds": 493.6360604763031}
{"event": "task_complete", "fold": 1, "completed": 534, "total": 1345, "format_errors": 0, "decisions": {"supported": 489, "other_or_general": 45}, "elapsed_seconds": 494.47838950157166}
{"event": "task_complete", "fold": 1, "completed": 535, "total": 1345, "format_errors": 0, "decisions": {"supported": 490, "other_or_general": 45}, "elapsed_seconds": 495.3239486217499}
{"event": "task_complete", "fold": 1, "completed": 536, "total": 1345, "format_errors": 0, "decisions": {"supported": 491, "other_or_general": 45}, "elapsed_seconds": 496.17852807044983}
{"event": "task_complete", "fold": 1, "completed": 537, "total": 1345, "format_errors": 0, "decisions": {"supported": 492, "other_or_general": 45}, "elapsed_seconds": 497.2157607078552}
{"event": "task_complete", "fold": 1, "completed": 538, "total": 1345, "format_errors": 0, "decisions": {"supported": 493, "other_or_general": 45}, "elapsed_seconds": 498.0592484474182}
{"event": "task_complete", "fold": 1, "completed": 539, "total": 1345, "format_errors": 0, "decisions": {"supported": 494, "other_or_general": 45}, "elapsed_seconds": 498.9118959903717}
{"event": "task_complete", "fold": 1, "completed": 540, "total": 1345, "format_errors": 0, "decisions": {"supported": 495, "other_or_general": 45}, "elapsed_seconds": 499.9768738746643}
{"event": "task_complete", "fold": 1, "completed": 541, "total": 1345, "format_errors": 0, "decisions": {"supported": 496, "other_or_general": 45}, "elapsed_seconds": 500.83002948760986}
{"event": "task_complete", "fold": 1, "completed": 542, "total": 1345, "format_errors": 0, "decisions": {"supported": 497, "other_or_general": 45}, "elapsed_seconds": 501.6938052177429}
{"event": "task_complete", "fold": 1, "completed": 543, "total": 1345, "format_errors": 0, "decisions": {"supported": 498, "other_or_general": 45}, "elapsed_seconds": 502.54906129837036}
{"event": "task_complete", "fold": 1, "completed": 544, "total": 1345, "format_errors": 0, "decisions": {"supported": 499, "other_or_general": 45}, "elapsed_seconds": 503.62014174461365}
{"event": "task_complete", "fold": 1, "completed": 545, "total": 1345, "format_errors": 0, "decisions": {"supported": 500, "other_or_general": 45}, "elapsed_seconds": 504.6915135383606}
{"event": "task_complete", "fold": 1, "completed": 546, "total": 1345, "format_errors": 0, "decisions": {"supported": 501, "other_or_general": 45}, "elapsed_seconds": 505.55310130119324}
{"event": "task_complete", "fold": 1, "completed": 547, "total": 1345, "format_errors": 0, "decisions": {"supported": 502, "other_or_general": 45}, "elapsed_seconds": 506.4051196575165}
{"event": "task_complete", "fold": 1, "completed": 548, "total": 1345, "format_errors": 0, "decisions": {"supported": 503, "other_or_general": 45}, "elapsed_seconds": 507.2653007507324}
{"event": "task_complete", "fold": 1, "completed": 549, "total": 1345, "format_errors": 0, "decisions": {"supported": 504, "other_or_general": 45}, "elapsed_seconds": 508.34339928627014}
{"event": "task_complete", "fold": 1, "completed": 550, "total": 1345, "format_errors": 0, "decisions": {"supported": 505, "other_or_general": 45}, "elapsed_seconds": 509.17742133140564}
{"event": "task_complete", "fold": 1, "completed": 551, "total": 1345, "format_errors": 0, "decisions": {"supported": 506, "other_or_general": 45}, "elapsed_seconds": 510.010605096817}
{"event": "task_complete", "fold": 1, "completed": 552, "total": 1345, "format_errors": 0, "decisions": {"supported": 507, "other_or_general": 45}, "elapsed_seconds": 510.86542201042175}
{"event": "task_complete", "fold": 1, "completed": 553, "total": 1345, "format_errors": 0, "decisions": {"supported": 508, "other_or_general": 45}, "elapsed_seconds": 511.7199647426605}
{"event": "task_complete", "fold": 1, "completed": 554, "total": 1345, "format_errors": 0, "decisions": {"supported": 509, "other_or_general": 45}, "elapsed_seconds": 512.570469379425}
{"event": "task_complete", "fold": 1, "completed": 555, "total": 1345, "format_errors": 0, "decisions": {"supported": 510, "other_or_general": 45}, "elapsed_seconds": 513.4133715629578}
{"event": "task_complete", "fold": 1, "completed": 556, "total": 1345, "format_errors": 0, "decisions": {"supported": 511, "other_or_general": 45}, "elapsed_seconds": 514.2582743167877}
{"event": "task_complete", "fold": 1, "completed": 557, "total": 1345, "format_errors": 0, "decisions": {"supported": 512, "other_or_general": 45}, "elapsed_seconds": 515.094560623169}
{"event": "task_complete", "fold": 1, "completed": 558, "total": 1345, "format_errors": 0, "decisions": {"supported": 513, "other_or_general": 45}, "elapsed_seconds": 515.9521408081055}
{"event": "task_complete", "fold": 1, "completed": 559, "total": 1345, "format_errors": 0, "decisions": {"supported": 514, "other_or_general": 45}, "elapsed_seconds": 516.8128743171692}
{"event": "task_complete", "fold": 1, "completed": 560, "total": 1345, "format_errors": 0, "decisions": {"supported": 515, "other_or_general": 45}, "elapsed_seconds": 517.6609034538269}
{"event": "task_complete", "fold": 1, "completed": 561, "total": 1345, "format_errors": 0, "decisions": {"supported": 516, "other_or_general": 45}, "elapsed_seconds": 518.5138881206512}
{"event": "task_complete", "fold": 1, "completed": 562, "total": 1345, "format_errors": 0, "decisions": {"supported": 517, "other_or_general": 45}, "elapsed_seconds": 519.3675630092621}
{"event": "task_complete", "fold": 1, "completed": 563, "total": 1345, "format_errors": 0, "decisions": {"supported": 518, "other_or_general": 45}, "elapsed_seconds": 520.2108178138733}
{"event": "task_complete", "fold": 1, "completed": 564, "total": 1345, "format_errors": 0, "decisions": {"supported": 518, "other_or_general": 46}, "elapsed_seconds": 521.1831469535828}
{"event": "task_complete", "fold": 1, "completed": 565, "total": 1345, "format_errors": 0, "decisions": {"supported": 519, "other_or_general": 46}, "elapsed_seconds": 522.0302994251251}
{"event": "task_complete", "fold": 1, "completed": 566, "total": 1345, "format_errors": 0, "decisions": {"supported": 520, "other_or_general": 46}, "elapsed_seconds": 522.8666968345642}
{"event": "task_complete", "fold": 1, "completed": 567, "total": 1345, "format_errors": 0, "decisions": {"supported": 521, "other_or_general": 46}, "elapsed_seconds": 523.7144224643707}
{"event": "task_complete", "fold": 1, "completed": 568, "total": 1345, "format_errors": 0, "decisions": {"supported": 522, "other_or_general": 46}, "elapsed_seconds": 524.5629189014435}
{"event": "task_complete", "fold": 1, "completed": 569, "total": 1345, "format_errors": 0, "decisions": {"supported": 523, "other_or_general": 46}, "elapsed_seconds": 525.3990676403046}
{"event": "task_complete", "fold": 1, "completed": 570, "total": 1345, "format_errors": 0, "decisions": {"supported": 524, "other_or_general": 46}, "elapsed_seconds": 526.2460298538208}
{"event": "task_complete", "fold": 1, "completed": 571, "total": 1345, "format_errors": 0, "decisions": {"supported": 525, "other_or_general": 46}, "elapsed_seconds": 527.0980451107025}
{"event": "task_complete", "fold": 1, "completed": 572, "total": 1345, "format_errors": 0, "decisions": {"supported": 526, "other_or_general": 46}, "elapsed_seconds": 527.9495594501495}
{"event": "task_complete", "fold": 1, "completed": 573, "total": 1345, "format_errors": 0, "decisions": {"supported": 527, "other_or_general": 46}, "elapsed_seconds": 528.7960388660431}
{"event": "task_complete", "fold": 1, "completed": 574, "total": 1345, "format_errors": 0, "decisions": {"supported": 528, "other_or_general": 46}, "elapsed_seconds": 529.6414921283722}
{"event": "task_complete", "fold": 1, "completed": 575, "total": 1345, "format_errors": 0, "decisions": {"supported": 529, "other_or_general": 46}, "elapsed_seconds": 530.5007910728455}
{"event": "task_complete", "fold": 1, "completed": 576, "total": 1345, "format_errors": 0, "decisions": {"supported": 530, "other_or_general": 46}, "elapsed_seconds": 531.4005973339081}
{"event": "task_complete", "fold": 1, "completed": 577, "total": 1345, "format_errors": 0, "decisions": {"supported": 531, "other_or_general": 46}, "elapsed_seconds": 532.2544047832489}
{"event": "task_complete", "fold": 1, "completed": 578, "total": 1345, "format_errors": 0, "decisions": {"supported": 532, "other_or_general": 46}, "elapsed_seconds": 533.1186196804047}
{"event": "task_complete", "fold": 1, "completed": 579, "total": 1345, "format_errors": 0, "decisions": {"supported": 533, "other_or_general": 46}, "elapsed_seconds": 533.9726400375366}
{"event": "task_complete", "fold": 1, "completed": 580, "total": 1345, "format_errors": 0, "decisions": {"supported": 534, "other_or_general": 46}, "elapsed_seconds": 534.8109409809113}
{"event": "task_complete", "fold": 1, "completed": 581, "total": 1345, "format_errors": 0, "decisions": {"supported": 535, "other_or_general": 46}, "elapsed_seconds": 535.6573684215546}
{"event": "task_complete", "fold": 1, "completed": 582, "total": 1345, "format_errors": 0, "decisions": {"supported": 536, "other_or_general": 46}, "elapsed_seconds": 536.5041327476501}
{"event": "task_complete", "fold": 1, "completed": 583, "total": 1345, "format_errors": 0, "decisions": {"supported": 536, "other_or_general": 47}, "elapsed_seconds": 537.4788768291473}
{"event": "task_complete", "fold": 1, "completed": 584, "total": 1345, "format_errors": 0, "decisions": {"supported": 536, "other_or_general": 48}, "elapsed_seconds": 538.4459631443024}
{"event": "task_complete", "fold": 1, "completed": 585, "total": 1345, "format_errors": 0, "decisions": {"supported": 537, "other_or_general": 48}, "elapsed_seconds": 539.2893974781036}
{"event": "task_complete", "fold": 1, "completed": 586, "total": 1345, "format_errors": 0, "decisions": {"supported": 538, "other_or_general": 48}, "elapsed_seconds": 540.1741247177124}
{"event": "task_complete", "fold": 1, "completed": 587, "total": 1345, "format_errors": 0, "decisions": {"supported": 539, "other_or_general": 48}, "elapsed_seconds": 541.021888256073}
{"event": "task_complete", "fold": 1, "completed": 588, "total": 1345, "format_errors": 0, "decisions": {"supported": 540, "other_or_general": 48}, "elapsed_seconds": 541.8784384727478}
{"event": "task_complete", "fold": 1, "completed": 589, "total": 1345, "format_errors": 0, "decisions": {"supported": 540, "other_or_general": 49}, "elapsed_seconds": 542.842039346695}
{"event": "task_complete", "fold": 1, "completed": 590, "total": 1345, "format_errors": 0, "decisions": {"supported": 541, "other_or_general": 49}, "elapsed_seconds": 543.6943159103394}
{"event": "task_complete", "fold": 1, "completed": 591, "total": 1345, "format_errors": 0, "decisions": {"supported": 541, "other_or_general": 50}, "elapsed_seconds": 544.6616423130035}
{"event": "task_complete", "fold": 1, "completed": 592, "total": 1345, "format_errors": 0, "decisions": {"supported": 542, "other_or_general": 50}, "elapsed_seconds": 545.5030822753906}
{"event": "task_complete", "fold": 1, "completed": 593, "total": 1345, "format_errors": 0, "decisions": {"supported": 543, "other_or_general": 50}, "elapsed_seconds": 546.3522968292236}
{"event": "task_complete", "fold": 1, "completed": 594, "total": 1345, "format_errors": 0, "decisions": {"supported": 544, "other_or_general": 50}, "elapsed_seconds": 547.2027716636658}
{"event": "task_complete", "fold": 1, "completed": 595, "total": 1345, "format_errors": 0, "decisions": {"supported": 545, "other_or_general": 50}, "elapsed_seconds": 548.0397188663483}
{"event": "task_complete", "fold": 1, "completed": 596, "total": 1345, "format_errors": 0, "decisions": {"supported": 546, "other_or_general": 50}, "elapsed_seconds": 548.8785784244537}
{"event": "task_complete", "fold": 1, "completed": 597, "total": 1345, "format_errors": 0, "decisions": {"supported": 547, "other_or_general": 50}, "elapsed_seconds": 549.7201008796692}
{"event": "task_complete", "fold": 1, "completed": 598, "total": 1345, "format_errors": 0, "decisions": {"supported": 548, "other_or_general": 50}, "elapsed_seconds": 550.579950094223}
{"event": "task_complete", "fold": 1, "completed": 599, "total": 1345, "format_errors": 0, "decisions": {"supported": 549, "other_or_general": 50}, "elapsed_seconds": 551.4253792762756}
{"event": "task_complete", "fold": 1, "completed": 600, "total": 1345, "format_errors": 0, "decisions": {"supported": 550, "other_or_general": 50}, "elapsed_seconds": 552.2688207626343}
{"event": "task_complete", "fold": 1, "completed": 601, "total": 1345, "format_errors": 0, "decisions": {"supported": 551, "other_or_general": 50}, "elapsed_seconds": 553.1060659885406}
{"event": "task_complete", "fold": 1, "completed": 602, "total": 1345, "format_errors": 0, "decisions": {"supported": 552, "other_or_general": 50}, "elapsed_seconds": 553.9609620571136}
{"event": "task_complete", "fold": 1, "completed": 603, "total": 1345, "format_errors": 0, "decisions": {"supported": 552, "other_or_general": 51}, "elapsed_seconds": 554.9268634319305}
{"event": "task_complete", "fold": 1, "completed": 604, "total": 1345, "format_errors": 0, "decisions": {"supported": 553, "other_or_general": 51}, "elapsed_seconds": 555.766756772995}
{"event": "task_complete", "fold": 1, "completed": 605, "total": 1345, "format_errors": 0, "decisions": {"supported": 554, "other_or_general": 51}, "elapsed_seconds": 556.618081331253}
{"event": "task_complete", "fold": 1, "completed": 606, "total": 1345, "format_errors": 0, "decisions": {"supported": 555, "other_or_general": 51}, "elapsed_seconds": 557.462235212326}
{"event": "task_complete", "fold": 1, "completed": 607, "total": 1345, "format_errors": 0, "decisions": {"supported": 556, "other_or_general": 51}, "elapsed_seconds": 558.3204455375671}
{"event": "task_complete", "fold": 1, "completed": 608, "total": 1345, "format_errors": 0, "decisions": {"supported": 557, "other_or_general": 51}, "elapsed_seconds": 559.1654214859009}
{"event": "task_complete", "fold": 1, "completed": 609, "total": 1345, "format_errors": 0, "decisions": {"supported": 557, "other_or_general": 52}, "elapsed_seconds": 560.3262574672699}
{"event": "task_complete", "fold": 1, "completed": 610, "total": 1345, "format_errors": 0, "decisions": {"supported": 557, "other_or_general": 53}, "elapsed_seconds": 561.4922616481781}
{"event": "task_complete", "fold": 1, "completed": 611, "total": 1345, "format_errors": 0, "decisions": {"supported": 558, "other_or_general": 53}, "elapsed_seconds": 562.3445506095886}
{"event": "task_complete", "fold": 1, "completed": 612, "total": 1345, "format_errors": 0, "decisions": {"supported": 558, "other_or_general": 54}, "elapsed_seconds": 563.514613866806}
{"event": "task_complete", "fold": 1, "completed": 613, "total": 1345, "format_errors": 0, "decisions": {"supported": 559, "other_or_general": 54}, "elapsed_seconds": 564.3691411018372}
{"event": "task_complete", "fold": 1, "completed": 614, "total": 1345, "format_errors": 0, "decisions": {"supported": 560, "other_or_general": 54}, "elapsed_seconds": 565.2309548854828}
{"event": "task_complete", "fold": 1, "completed": 615, "total": 1345, "format_errors": 0, "decisions": {"supported": 561, "other_or_general": 54}, "elapsed_seconds": 566.0891857147217}
{"event": "task_complete", "fold": 1, "completed": 616, "total": 1345, "format_errors": 0, "decisions": {"supported": 562, "other_or_general": 54}, "elapsed_seconds": 566.9439661502838}
{"event": "task_complete", "fold": 1, "completed": 617, "total": 1345, "format_errors": 0, "decisions": {"supported": 563, "other_or_general": 54}, "elapsed_seconds": 567.8004438877106}
{"event": "task_complete", "fold": 1, "completed": 618, "total": 1345, "format_errors": 0, "decisions": {"supported": 564, "other_or_general": 54}, "elapsed_seconds": 568.6691699028015}
{"event": "task_complete", "fold": 1, "completed": 619, "total": 1345, "format_errors": 0, "decisions": {"supported": 565, "other_or_general": 54}, "elapsed_seconds": 569.52552485466}
{"event": "task_complete", "fold": 1, "completed": 620, "total": 1345, "format_errors": 0, "decisions": {"supported": 566, "other_or_general": 54}, "elapsed_seconds": 570.3737690448761}
{"event": "task_complete", "fold": 1, "completed": 621, "total": 1345, "format_errors": 0, "decisions": {"supported": 567, "other_or_general": 54}, "elapsed_seconds": 571.213623046875}
{"event": "task_complete", "fold": 1, "completed": 622, "total": 1345, "format_errors": 0, "decisions": {"supported": 567, "other_or_general": 55}, "elapsed_seconds": 572.1857039928436}
{"event": "task_complete", "fold": 1, "completed": 623, "total": 1345, "format_errors": 0, "decisions": {"supported": 568, "other_or_general": 55}, "elapsed_seconds": 573.0356335639954}
{"event": "task_complete", "fold": 1, "completed": 624, "total": 1345, "format_errors": 0, "decisions": {"supported": 569, "other_or_general": 55}, "elapsed_seconds": 573.889897108078}
{"event": "task_complete", "fold": 1, "completed": 625, "total": 1345, "format_errors": 0, "decisions": {"supported": 569, "other_or_general": 56}, "elapsed_seconds": 574.8665764331818}
{"event": "task_complete", "fold": 1, "completed": 626, "total": 1345, "format_errors": 0, "decisions": {"supported": 570, "other_or_general": 56}, "elapsed_seconds": 575.7153055667877}
{"event": "task_complete", "fold": 1, "completed": 627, "total": 1345, "format_errors": 0, "decisions": {"supported": 571, "other_or_general": 56}, "elapsed_seconds": 576.5616195201874}
{"event": "task_complete", "fold": 1, "completed": 628, "total": 1345, "format_errors": 0, "decisions": {"supported": 572, "other_or_general": 56}, "elapsed_seconds": 577.412670135498}
{"event": "task_complete", "fold": 1, "completed": 629, "total": 1345, "format_errors": 0, "decisions": {"supported": 573, "other_or_general": 56}, "elapsed_seconds": 578.2522730827332}
{"event": "task_complete", "fold": 1, "completed": 630, "total": 1345, "format_errors": 0, "decisions": {"supported": 574, "other_or_general": 56}, "elapsed_seconds": 579.1063840389252}
{"event": "task_complete", "fold": 1, "completed": 631, "total": 1345, "format_errors": 0, "decisions": {"supported": 575, "other_or_general": 56}, "elapsed_seconds": 579.9492177963257}
{"event": "task_complete", "fold": 1, "completed": 632, "total": 1345, "format_errors": 0, "decisions": {"supported": 575, "other_or_general": 57}, "elapsed_seconds": 580.9195349216461}
{"event": "task_complete", "fold": 1, "completed": 633, "total": 1345, "format_errors": 0, "decisions": {"supported": 575, "other_or_general": 58}, "elapsed_seconds": 581.8900430202484}
{"event": "task_complete", "fold": 1, "completed": 634, "total": 1345, "format_errors": 0, "decisions": {"supported": 576, "other_or_general": 58}, "elapsed_seconds": 582.7299115657806}
{"event": "task_complete", "fold": 1, "completed": 635, "total": 1345, "format_errors": 0, "decisions": {"supported": 577, "other_or_general": 58}, "elapsed_seconds": 583.5758085250854}
{"event": "task_complete", "fold": 1, "completed": 636, "total": 1345, "format_errors": 0, "decisions": {"supported": 578, "other_or_general": 58}, "elapsed_seconds": 584.4171760082245}
{"event": "task_complete", "fold": 1, "completed": 637, "total": 1345, "format_errors": 0, "decisions": {"supported": 579, "other_or_general": 58}, "elapsed_seconds": 585.2691242694855}
{"event": "task_complete", "fold": 1, "completed": 638, "total": 1345, "format_errors": 0, "decisions": {"supported": 580, "other_or_general": 58}, "elapsed_seconds": 586.1184492111206}
{"event": "task_complete", "fold": 1, "completed": 639, "total": 1345, "format_errors": 0, "decisions": {"supported": 581, "other_or_general": 58}, "elapsed_seconds": 586.95570063591}
{"event": "task_complete", "fold": 1, "completed": 640, "total": 1345, "format_errors": 0, "decisions": {"supported": 582, "other_or_general": 58}, "elapsed_seconds": 587.8037767410278}
{"event": "task_complete", "fold": 1, "completed": 641, "total": 1345, "format_errors": 0, "decisions": {"supported": 582, "other_or_general": 59}, "elapsed_seconds": 588.7917425632477}
{"event": "task_complete", "fold": 1, "completed": 642, "total": 1345, "format_errors": 0, "decisions": {"supported": 583, "other_or_general": 59}, "elapsed_seconds": 589.6360385417938}
{"event": "task_complete", "fold": 1, "completed": 643, "total": 1345, "format_errors": 0, "decisions": {"supported": 583, "other_or_general": 60}, "elapsed_seconds": 590.6180160045624}
{"event": "task_complete", "fold": 1, "completed": 644, "total": 1345, "format_errors": 0, "decisions": {"supported": 584, "other_or_general": 60}, "elapsed_seconds": 591.4721465110779}
{"event": "task_complete", "fold": 1, "completed": 645, "total": 1345, "format_errors": 0, "decisions": {"supported": 585, "other_or_general": 60}, "elapsed_seconds": 592.3252441883087}
{"event": "task_complete", "fold": 1, "completed": 646, "total": 1345, "format_errors": 0, "decisions": {"supported": 586, "other_or_general": 60}, "elapsed_seconds": 593.1871113777161}
{"event": "task_complete", "fold": 1, "completed": 647, "total": 1345, "format_errors": 0, "decisions": {"supported": 586, "other_or_general": 61}, "elapsed_seconds": 594.1692624092102}
{"event": "task_complete", "fold": 1, "completed": 648, "total": 1345, "format_errors": 0, "decisions": {"supported": 587, "other_or_general": 61}, "elapsed_seconds": 595.0234282016754}
{"event": "task_complete", "fold": 1, "completed": 649, "total": 1345, "format_errors": 0, "decisions": {"supported": 588, "other_or_general": 61}, "elapsed_seconds": 595.8822300434113}
{"event": "task_complete", "fold": 1, "completed": 650, "total": 1345, "format_errors": 0, "decisions": {"supported": 589, "other_or_general": 61}, "elapsed_seconds": 596.7424108982086}
{"event": "task_complete", "fold": 1, "completed": 651, "total": 1345, "format_errors": 0, "decisions": {"supported": 590, "other_or_general": 61}, "elapsed_seconds": 597.6021296977997}
{"event": "task_complete", "fold": 1, "completed": 652, "total": 1345, "format_errors": 0, "decisions": {"supported": 591, "other_or_general": 61}, "elapsed_seconds": 598.4514946937561}
{"event": "task_complete", "fold": 1, "completed": 653, "total": 1345, "format_errors": 0, "decisions": {"supported": 592, "other_or_general": 61}, "elapsed_seconds": 599.3003900051117}
{"event": "task_complete", "fold": 1, "completed": 654, "total": 1345, "format_errors": 0, "decisions": {"supported": 593, "other_or_general": 61}, "elapsed_seconds": 600.1562955379486}
{"event": "task_complete", "fold": 1, "completed": 655, "total": 1345, "format_errors": 0, "decisions": {"supported": 594, "other_or_general": 61}, "elapsed_seconds": 600.9971067905426}
{"event": "task_complete", "fold": 1, "completed": 656, "total": 1345, "format_errors": 0, "decisions": {"supported": 595, "other_or_general": 61}, "elapsed_seconds": 601.850700378418}
{"event": "task_complete", "fold": 1, "completed": 657, "total": 1345, "format_errors": 0, "decisions": {"supported": 596, "other_or_general": 61}, "elapsed_seconds": 602.6951818466187}
{"event": "task_complete", "fold": 1, "completed": 658, "total": 1345, "format_errors": 0, "decisions": {"supported": 597, "other_or_general": 61}, "elapsed_seconds": 603.5476610660553}
{"event": "task_complete", "fold": 1, "completed": 659, "total": 1345, "format_errors": 0, "decisions": {"supported": 598, "other_or_general": 61}, "elapsed_seconds": 604.3854522705078}
{"event": "task_complete", "fold": 1, "completed": 660, "total": 1345, "format_errors": 0, "decisions": {"supported": 599, "other_or_general": 61}, "elapsed_seconds": 605.2378013134003}
{"event": "task_complete", "fold": 1, "completed": 661, "total": 1345, "format_errors": 0, "decisions": {"supported": 600, "other_or_general": 61}, "elapsed_seconds": 606.0907728672028}
{"event": "task_complete", "fold": 1, "completed": 662, "total": 1345, "format_errors": 0, "decisions": {"supported": 600, "other_or_general": 62}, "elapsed_seconds": 607.0697968006134}
{"event": "task_complete", "fold": 1, "completed": 663, "total": 1345, "format_errors": 0, "decisions": {"supported": 601, "other_or_general": 62}, "elapsed_seconds": 607.9138293266296}
{"event": "task_complete", "fold": 1, "completed": 664, "total": 1345, "format_errors": 0, "decisions": {"supported": 602, "other_or_general": 62}, "elapsed_seconds": 608.7564988136292}
{"event": "task_complete", "fold": 1, "completed": 665, "total": 1345, "format_errors": 0, "decisions": {"supported": 602, "other_or_general": 63}, "elapsed_seconds": 609.7273325920105}
{"event": "task_complete", "fold": 1, "completed": 666, "total": 1345, "format_errors": 0, "decisions": {"supported": 603, "other_or_general": 63}, "elapsed_seconds": 610.5817542076111}
{"event": "task_complete", "fold": 1, "completed": 667, "total": 1345, "format_errors": 0, "decisions": {"supported": 604, "other_or_general": 63}, "elapsed_seconds": 611.4385764598846}
{"event": "task_complete", "fold": 1, "completed": 668, "total": 1345, "format_errors": 0, "decisions": {"supported": 605, "other_or_general": 63}, "elapsed_seconds": 612.2877089977264}
{"event": "task_complete", "fold": 1, "completed": 669, "total": 1345, "format_errors": 0, "decisions": {"supported": 606, "other_or_general": 63}, "elapsed_seconds": 613.137716293335}
{"event": "task_complete", "fold": 1, "completed": 670, "total": 1345, "format_errors": 0, "decisions": {"supported": 607, "other_or_general": 63}, "elapsed_seconds": 613.9922354221344}
{"event": "task_complete", "fold": 1, "completed": 671, "total": 1345, "format_errors": 0, "decisions": {"supported": 608, "other_or_general": 63}, "elapsed_seconds": 614.8518855571747}
{"event": "task_complete", "fold": 1, "completed": 672, "total": 1345, "format_errors": 0, "decisions": {"supported": 609, "other_or_general": 63}, "elapsed_seconds": 615.704488992691}
{"event": "task_complete", "fold": 1, "completed": 673, "total": 1345, "format_errors": 0, "decisions": {"supported": 610, "other_or_general": 63}, "elapsed_seconds": 616.5596280097961}
{"event": "task_complete", "fold": 1, "completed": 674, "total": 1345, "format_errors": 0, "decisions": {"supported": 611, "other_or_general": 63}, "elapsed_seconds": 617.4145212173462}
{"event": "task_complete", "fold": 1, "completed": 675, "total": 1345, "format_errors": 0, "decisions": {"supported": 612, "other_or_general": 63}, "elapsed_seconds": 618.2666006088257}
{"event": "task_complete", "fold": 1, "completed": 676, "total": 1345, "format_errors": 0, "decisions": {"supported": 612, "other_or_general": 64}, "elapsed_seconds": 619.2390899658203}
{"event": "task_complete", "fold": 1, "completed": 677, "total": 1345, "format_errors": 0, "decisions": {"supported": 613, "other_or_general": 64}, "elapsed_seconds": 620.0984506607056}
{"event": "task_complete", "fold": 1, "completed": 678, "total": 1345, "format_errors": 0, "decisions": {"supported": 614, "other_or_general": 64}, "elapsed_seconds": 620.9500241279602}
{"event": "task_complete", "fold": 1, "completed": 679, "total": 1345, "format_errors": 0, "decisions": {"supported": 615, "other_or_general": 64}, "elapsed_seconds": 621.8055622577667}
{"event": "task_complete", "fold": 1, "completed": 680, "total": 1345, "format_errors": 0, "decisions": {"supported": 616, "other_or_general": 64}, "elapsed_seconds": 622.6593813896179}
{"event": "task_complete", "fold": 1, "completed": 681, "total": 1345, "format_errors": 0, "decisions": {"supported": 617, "other_or_general": 64}, "elapsed_seconds": 623.5048599243164}
{"event": "task_complete", "fold": 1, "completed": 682, "total": 1345, "format_errors": 0, "decisions": {"supported": 618, "other_or_general": 64}, "elapsed_seconds": 624.3604598045349}
{"event": "task_complete", "fold": 1, "completed": 683, "total": 1345, "format_errors": 0, "decisions": {"supported": 619, "other_or_general": 64}, "elapsed_seconds": 625.2057929039001}
{"event": "task_complete", "fold": 1, "completed": 684, "total": 1345, "format_errors": 0, "decisions": {"supported": 620, "other_or_general": 64}, "elapsed_seconds": 626.0477135181427}
{"event": "task_complete", "fold": 1, "completed": 685, "total": 1345, "format_errors": 0, "decisions": {"supported": 621, "other_or_general": 64}, "elapsed_seconds": 626.8915712833405}
{"event": "task_complete", "fold": 1, "completed": 686, "total": 1345, "format_errors": 0, "decisions": {"supported": 622, "other_or_general": 64}, "elapsed_seconds": 627.7448234558105}
{"event": "task_complete", "fold": 1, "completed": 687, "total": 1345, "format_errors": 0, "decisions": {"supported": 623, "other_or_general": 64}, "elapsed_seconds": 628.5991473197937}
{"event": "task_complete", "fold": 1, "completed": 688, "total": 1345, "format_errors": 0, "decisions": {"supported": 624, "other_or_general": 64}, "elapsed_seconds": 629.4463431835175}
{"event": "task_complete", "fold": 1, "completed": 689, "total": 1345, "format_errors": 0, "decisions": {"supported": 625, "other_or_general": 64}, "elapsed_seconds": 630.2965753078461}
{"event": "task_complete", "fold": 1, "completed": 690, "total": 1345, "format_errors": 0, "decisions": {"supported": 626, "other_or_general": 64}, "elapsed_seconds": 631.1458675861359}
{"event": "task_complete", "fold": 1, "completed": 691, "total": 1345, "format_errors": 0, "decisions": {"supported": 627, "other_or_general": 64}, "elapsed_seconds": 631.992844581604}
{"event": "task_complete", "fold": 1, "completed": 692, "total": 1345, "format_errors": 0, "decisions": {"supported": 628, "other_or_general": 64}, "elapsed_seconds": 632.8417451381683}
{"event": "task_complete", "fold": 1, "completed": 693, "total": 1345, "format_errors": 0, "decisions": {"supported": 629, "other_or_general": 64}, "elapsed_seconds": 633.697690486908}
{"event": "task_complete", "fold": 1, "completed": 694, "total": 1345, "format_errors": 0, "decisions": {"supported": 630, "other_or_general": 64}, "elapsed_seconds": 634.5386047363281}
{"event": "task_complete", "fold": 1, "completed": 695, "total": 1345, "format_errors": 0, "decisions": {"supported": 630, "other_or_general": 65}, "elapsed_seconds": 635.5070209503174}
{"event": "task_complete", "fold": 1, "completed": 696, "total": 1345, "format_errors": 0, "decisions": {"supported": 631, "other_or_general": 65}, "elapsed_seconds": 636.3553996086121}
{"event": "task_complete", "fold": 1, "completed": 697, "total": 1345, "format_errors": 0, "decisions": {"supported": 632, "other_or_general": 65}, "elapsed_seconds": 637.2009446620941}
{"event": "task_complete", "fold": 1, "completed": 698, "total": 1345, "format_errors": 0, "decisions": {"supported": 633, "other_or_general": 65}, "elapsed_seconds": 638.0485415458679}
{"event": "task_complete", "fold": 1, "completed": 699, "total": 1345, "format_errors": 0, "decisions": {"supported": 634, "other_or_general": 65}, "elapsed_seconds": 638.8921000957489}
{"event": "task_complete", "fold": 1, "completed": 700, "total": 1345, "format_errors": 0, "decisions": {"supported": 635, "other_or_general": 65}, "elapsed_seconds": 639.7298922538757}
{"event": "task_complete", "fold": 1, "completed": 701, "total": 1345, "format_errors": 0, "decisions": {"supported": 636, "other_or_general": 65}, "elapsed_seconds": 640.5808129310608}
{"event": "task_complete", "fold": 1, "completed": 702, "total": 1345, "format_errors": 0, "decisions": {"supported": 637, "other_or_general": 65}, "elapsed_seconds": 641.4333641529083}
{"event": "task_complete", "fold": 1, "completed": 703, "total": 1345, "format_errors": 0, "decisions": {"supported": 638, "other_or_general": 65}, "elapsed_seconds": 642.2835245132446}
{"event": "task_complete", "fold": 1, "completed": 704, "total": 1345, "format_errors": 0, "decisions": {"supported": 639, "other_or_general": 65}, "elapsed_seconds": 643.1337361335754}
{"event": "task_complete", "fold": 1, "completed": 705, "total": 1345, "format_errors": 0, "decisions": {"supported": 639, "other_or_general": 66}, "elapsed_seconds": 644.1060132980347}
{"event": "task_complete", "fold": 1, "completed": 706, "total": 1345, "format_errors": 0, "decisions": {"supported": 639, "other_or_general": 67}, "elapsed_seconds": 645.073076248169}
{"event": "task_complete", "fold": 1, "completed": 707, "total": 1345, "format_errors": 0, "decisions": {"supported": 640, "other_or_general": 67}, "elapsed_seconds": 645.910965681076}
{"event": "task_complete", "fold": 1, "completed": 708, "total": 1345, "format_errors": 0, "decisions": {"supported": 641, "other_or_general": 67}, "elapsed_seconds": 646.761148929596}
{"event": "task_complete", "fold": 1, "completed": 709, "total": 1345, "format_errors": 0, "decisions": {"supported": 641, "other_or_general": 68}, "elapsed_seconds": 647.7370703220367}
{"event": "task_complete", "fold": 1, "completed": 710, "total": 1345, "format_errors": 0, "decisions": {"supported": 642, "other_or_general": 68}, "elapsed_seconds": 648.5810308456421}
{"event": "task_complete", "fold": 1, "completed": 711, "total": 1345, "format_errors": 0, "decisions": {"supported": 643, "other_or_general": 68}, "elapsed_seconds": 649.4281492233276}
{"event": "task_complete", "fold": 1, "completed": 712, "total": 1345, "format_errors": 0, "decisions": {"supported": 643, "other_or_general": 69}, "elapsed_seconds": 650.4004628658295}
{"event": "task_complete", "fold": 1, "completed": 713, "total": 1345, "format_errors": 0, "decisions": {"supported": 643, "other_or_general": 70}, "elapsed_seconds": 651.3683505058289}
{"event": "task_complete", "fold": 1, "completed": 714, "total": 1345, "format_errors": 0, "decisions": {"supported": 644, "other_or_general": 70}, "elapsed_seconds": 652.2009930610657}
{"event": "task_complete", "fold": 1, "completed": 715, "total": 1345, "format_errors": 0, "decisions": {"supported": 645, "other_or_general": 70}, "elapsed_seconds": 653.0537371635437}
{"event": "task_complete", "fold": 1, "completed": 716, "total": 1345, "format_errors": 0, "decisions": {"supported": 646, "other_or_general": 70}, "elapsed_seconds": 653.9008798599243}
{"event": "task_complete", "fold": 1, "completed": 717, "total": 1345, "format_errors": 0, "decisions": {"supported": 647, "other_or_general": 70}, "elapsed_seconds": 654.7369239330292}
{"event": "task_complete", "fold": 1, "completed": 718, "total": 1345, "format_errors": 0, "decisions": {"supported": 647, "other_or_general": 71}, "elapsed_seconds": 655.7047040462494}
{"event": "task_complete", "fold": 1, "completed": 719, "total": 1345, "format_errors": 0, "decisions": {"supported": 648, "other_or_general": 71}, "elapsed_seconds": 656.556423664093}
{"event": "task_complete", "fold": 1, "completed": 720, "total": 1345, "format_errors": 0, "decisions": {"supported": 649, "other_or_general": 71}, "elapsed_seconds": 657.4153664112091}
{"event": "task_complete", "fold": 1, "completed": 721, "total": 1345, "format_errors": 0, "decisions": {"supported": 649, "other_or_general": 72}, "elapsed_seconds": 658.3886852264404}
{"event": "task_complete", "fold": 1, "completed": 722, "total": 1345, "format_errors": 0, "decisions": {"supported": 650, "other_or_general": 72}, "elapsed_seconds": 659.2336735725403}
{"event": "task_complete", "fold": 1, "completed": 723, "total": 1345, "format_errors": 0, "decisions": {"supported": 651, "other_or_general": 72}, "elapsed_seconds": 660.0711500644684}
{"event": "task_complete", "fold": 1, "completed": 724, "total": 1345, "format_errors": 0, "decisions": {"supported": 651, "other_or_general": 73}, "elapsed_seconds": 661.0968415737152}
{"event": "task_complete", "fold": 1, "completed": 725, "total": 1345, "format_errors": 0, "decisions": {"supported": 651, "other_or_general": 74}, "elapsed_seconds": 662.0757296085358}
{"event": "task_complete", "fold": 1, "completed": 726, "total": 1345, "format_errors": 0, "decisions": {"supported": 652, "other_or_general": 74}, "elapsed_seconds": 663.1017265319824}
{"event": "task_complete", "fold": 1, "completed": 727, "total": 1345, "format_errors": 0, "decisions": {"supported": 653, "other_or_general": 74}, "elapsed_seconds": 663.9441516399384}
{"event": "task_complete", "fold": 1, "completed": 728, "total": 1345, "format_errors": 0, "decisions": {"supported": 654, "other_or_general": 74}, "elapsed_seconds": 664.8016040325165}
{"event": "task_complete", "fold": 1, "completed": 729, "total": 1345, "format_errors": 0, "decisions": {"supported": 655, "other_or_general": 74}, "elapsed_seconds": 665.6564040184021}
{"event": "task_complete", "fold": 1, "completed": 730, "total": 1345, "format_errors": 0, "decisions": {"supported": 656, "other_or_general": 74}, "elapsed_seconds": 666.5167119503021}
{"event": "task_complete", "fold": 1, "completed": 731, "total": 1345, "format_errors": 0, "decisions": {"supported": 657, "other_or_general": 74}, "elapsed_seconds": 667.54758477211}
{"event": "task_complete", "fold": 1, "completed": 732, "total": 1345, "format_errors": 0, "decisions": {"supported": 658, "other_or_general": 74}, "elapsed_seconds": 668.3982079029083}
{"event": "task_complete", "fold": 1, "completed": 733, "total": 1345, "format_errors": 0, "decisions": {"supported": 659, "other_or_general": 74}, "elapsed_seconds": 669.2446265220642}
{"event": "task_complete", "fold": 1, "completed": 734, "total": 1345, "format_errors": 0, "decisions": {"supported": 660, "other_or_general": 74}, "elapsed_seconds": 670.0872142314911}
{"event": "task_complete", "fold": 1, "completed": 735, "total": 1345, "format_errors": 0, "decisions": {"supported": 661, "other_or_general": 74}, "elapsed_seconds": 670.9237875938416}
{"event": "task_complete", "fold": 1, "completed": 736, "total": 1345, "format_errors": 0, "decisions": {"supported": 662, "other_or_general": 74}, "elapsed_seconds": 671.7645964622498}
{"event": "task_complete", "fold": 1, "completed": 737, "total": 1345, "format_errors": 0, "decisions": {"supported": 663, "other_or_general": 74}, "elapsed_seconds": 672.8313729763031}
{"event": "task_complete", "fold": 1, "completed": 738, "total": 1345, "format_errors": 0, "decisions": {"supported": 664, "other_or_general": 74}, "elapsed_seconds": 673.6894283294678}
{"event": "task_complete", "fold": 1, "completed": 739, "total": 1345, "format_errors": 0, "decisions": {"supported": 665, "other_or_general": 74}, "elapsed_seconds": 674.6029453277588}
{"event": "task_complete", "fold": 1, "completed": 740, "total": 1345, "format_errors": 0, "decisions": {"supported": 665, "other_or_general": 75}, "elapsed_seconds": 675.5771346092224}
{"event": "task_complete", "fold": 1, "completed": 741, "total": 1345, "format_errors": 0, "decisions": {"supported": 666, "other_or_general": 75}, "elapsed_seconds": 676.4261858463287}
{"event": "task_complete", "fold": 1, "completed": 742, "total": 1345, "format_errors": 0, "decisions": {"supported": 666, "other_or_general": 76}, "elapsed_seconds": 677.4516687393188}
{"event": "task_complete", "fold": 1, "completed": 743, "total": 1345, "format_errors": 0, "decisions": {"supported": 667, "other_or_general": 76}, "elapsed_seconds": 678.3141369819641}
{"event": "task_complete", "fold": 1, "completed": 744, "total": 1345, "format_errors": 0, "decisions": {"supported": 668, "other_or_general": 76}, "elapsed_seconds": 679.1701414585114}
{"event": "task_complete", "fold": 1, "completed": 745, "total": 1345, "format_errors": 0, "decisions": {"supported": 669, "other_or_general": 76}, "elapsed_seconds": 680.0155801773071}
{"event": "task_complete", "fold": 1, "completed": 746, "total": 1345, "format_errors": 0, "decisions": {"supported": 670, "other_or_general": 76}, "elapsed_seconds": 680.8711974620819}
{"event": "task_complete", "fold": 1, "completed": 747, "total": 1345, "format_errors": 0, "decisions": {"supported": 671, "other_or_general": 76}, "elapsed_seconds": 681.7167267799377}
{"event": "task_complete", "fold": 1, "completed": 748, "total": 1345, "format_errors": 0, "decisions": {"supported": 672, "other_or_general": 76}, "elapsed_seconds": 682.5611698627472}
{"event": "task_complete", "fold": 1, "completed": 749, "total": 1345, "format_errors": 0, "decisions": {"supported": 673, "other_or_general": 76}, "elapsed_seconds": 683.4226775169373}
{"event": "task_complete", "fold": 1, "completed": 750, "total": 1345, "format_errors": 0, "decisions": {"supported": 673, "other_or_general": 77}, "elapsed_seconds": 684.4010508060455}
{"event": "task_complete", "fold": 1, "completed": 751, "total": 1345, "format_errors": 0, "decisions": {"supported": 674, "other_or_general": 77}, "elapsed_seconds": 685.2664666175842}
{"event": "task_complete", "fold": 1, "completed": 752, "total": 1345, "format_errors": 0, "decisions": {"supported": 675, "other_or_general": 77}, "elapsed_seconds": 686.1207463741302}
{"event": "task_complete", "fold": 1, "completed": 753, "total": 1345, "format_errors": 0, "decisions": {"supported": 675, "other_or_general": 78}, "elapsed_seconds": 687.0970532894135}
{"event": "task_complete", "fold": 1, "completed": 754, "total": 1345, "format_errors": 0, "decisions": {"supported": 676, "other_or_general": 78}, "elapsed_seconds": 687.9947276115417}
{"event": "task_complete", "fold": 1, "completed": 755, "total": 1345, "format_errors": 0, "decisions": {"supported": 677, "other_or_general": 78}, "elapsed_seconds": 688.847898721695}
{"event": "task_complete", "fold": 1, "completed": 756, "total": 1345, "format_errors": 0, "decisions": {"supported": 678, "other_or_general": 78}, "elapsed_seconds": 689.7032034397125}
{"event": "task_complete", "fold": 1, "completed": 757, "total": 1345, "format_errors": 0, "decisions": {"supported": 679, "other_or_general": 78}, "elapsed_seconds": 690.551940202713}
{"event": "task_complete", "fold": 1, "completed": 758, "total": 1345, "format_errors": 0, "decisions": {"supported": 680, "other_or_general": 78}, "elapsed_seconds": 691.4038984775543}
{"event": "task_complete", "fold": 1, "completed": 759, "total": 1345, "format_errors": 0, "decisions": {"supported": 681, "other_or_general": 78}, "elapsed_seconds": 692.2586715221405}
{"event": "task_complete", "fold": 1, "completed": 760, "total": 1345, "format_errors": 0, "decisions": {"supported": 682, "other_or_general": 78}, "elapsed_seconds": 693.116014957428}
{"event": "task_complete", "fold": 1, "completed": 761, "total": 1345, "format_errors": 0, "decisions": {"supported": 683, "other_or_general": 78}, "elapsed_seconds": 693.9721512794495}
{"event": "task_complete", "fold": 1, "completed": 762, "total": 1345, "format_errors": 0, "decisions": {"supported": 684, "other_or_general": 78}, "elapsed_seconds": 694.8212811946869}
{"event": "task_complete", "fold": 1, "completed": 763, "total": 1345, "format_errors": 0, "decisions": {"supported": 685, "other_or_general": 78}, "elapsed_seconds": 695.6771056652069}
{"event": "task_complete", "fold": 1, "completed": 764, "total": 1345, "format_errors": 0, "decisions": {"supported": 686, "other_or_general": 78}, "elapsed_seconds": 696.5234568119049}
{"event": "task_complete", "fold": 1, "completed": 765, "total": 1345, "format_errors": 0, "decisions": {"supported": 687, "other_or_general": 78}, "elapsed_seconds": 697.5844945907593}
{"event": "task_complete", "fold": 1, "completed": 766, "total": 1345, "format_errors": 0, "decisions": {"supported": 688, "other_or_general": 78}, "elapsed_seconds": 698.4471697807312}
{"event": "task_complete", "fold": 1, "completed": 767, "total": 1345, "format_errors": 0, "decisions": {"supported": 689, "other_or_general": 78}, "elapsed_seconds": 699.2920873165131}
{"event": "task_complete", "fold": 1, "completed": 768, "total": 1345, "format_errors": 0, "decisions": {"supported": 690, "other_or_general": 78}, "elapsed_seconds": 700.1478126049042}
{"event": "task_complete", "fold": 1, "completed": 769, "total": 1345, "format_errors": 0, "decisions": {"supported": 691, "other_or_general": 78}, "elapsed_seconds": 701.0465385913849}
{"event": "task_complete", "fold": 1, "completed": 770, "total": 1345, "format_errors": 0, "decisions": {"supported": 692, "other_or_general": 78}, "elapsed_seconds": 701.9069559574127}
{"event": "task_complete", "fold": 1, "completed": 771, "total": 1345, "format_errors": 0, "decisions": {"supported": 693, "other_or_general": 78}, "elapsed_seconds": 702.7577559947968}
{"event": "task_complete", "fold": 1, "completed": 772, "total": 1345, "format_errors": 0, "decisions": {"supported": 694, "other_or_general": 78}, "elapsed_seconds": 703.607372045517}
{"event": "task_complete", "fold": 1, "completed": 773, "total": 1345, "format_errors": 0, "decisions": {"supported": 695, "other_or_general": 78}, "elapsed_seconds": 704.4572350978851}
{"event": "task_complete", "fold": 1, "completed": 774, "total": 1345, "format_errors": 0, "decisions": {"supported": 696, "other_or_general": 78}, "elapsed_seconds": 705.3107798099518}
{"event": "task_complete", "fold": 1, "completed": 775, "total": 1345, "format_errors": 0, "decisions": {"supported": 697, "other_or_general": 78}, "elapsed_seconds": 706.1675567626953}
{"event": "task_complete", "fold": 1, "completed": 776, "total": 1345, "format_errors": 0, "decisions": {"supported": 698, "other_or_general": 78}, "elapsed_seconds": 707.0303184986115}
{"event": "task_complete", "fold": 1, "completed": 777, "total": 1345, "format_errors": 0, "decisions": {"supported": 699, "other_or_general": 78}, "elapsed_seconds": 707.8912110328674}
{"event": "task_complete", "fold": 1, "completed": 778, "total": 1345, "format_errors": 0, "decisions": {"supported": 700, "other_or_general": 78}, "elapsed_seconds": 708.7376449108124}
{"event": "task_complete", "fold": 1, "completed": 779, "total": 1345, "format_errors": 0, "decisions": {"supported": 701, "other_or_general": 78}, "elapsed_seconds": 709.6535193920135}
{"event": "task_complete", "fold": 1, "completed": 780, "total": 1345, "format_errors": 0, "decisions": {"supported": 702, "other_or_general": 78}, "elapsed_seconds": 710.5548048019409}
{"event": "task_complete", "fold": 1, "completed": 781, "total": 1345, "format_errors": 0, "decisions": {"supported": 703, "other_or_general": 78}, "elapsed_seconds": 711.398200750351}
{"event": "task_complete", "fold": 1, "completed": 782, "total": 1345, "format_errors": 0, "decisions": {"supported": 704, "other_or_general": 78}, "elapsed_seconds": 712.2478291988373}
{"event": "task_complete", "fold": 1, "completed": 783, "total": 1345, "format_errors": 0, "decisions": {"supported": 705, "other_or_general": 78}, "elapsed_seconds": 713.0896618366241}
{"event": "task_complete", "fold": 1, "completed": 784, "total": 1345, "format_errors": 0, "decisions": {"supported": 706, "other_or_general": 78}, "elapsed_seconds": 713.93599152565}
{"event": "task_complete", "fold": 1, "completed": 785, "total": 1345, "format_errors": 0, "decisions": {"supported": 707, "other_or_general": 78}, "elapsed_seconds": 714.77059674263}
{"event": "task_complete", "fold": 1, "completed": 786, "total": 1345, "format_errors": 0, "decisions": {"supported": 708, "other_or_general": 78}, "elapsed_seconds": 715.6145231723785}
{"event": "task_complete", "fold": 1, "completed": 787, "total": 1345, "format_errors": 0, "decisions": {"supported": 709, "other_or_general": 78}, "elapsed_seconds": 716.4698264598846}
{"event": "task_complete", "fold": 1, "completed": 788, "total": 1345, "format_errors": 0, "decisions": {"supported": 710, "other_or_general": 78}, "elapsed_seconds": 717.32164478302}
{"event": "task_complete", "fold": 1, "completed": 789, "total": 1345, "format_errors": 0, "decisions": {"supported": 710, "other_or_general": 79}, "elapsed_seconds": 718.3074753284454}
{"event": "task_complete", "fold": 1, "completed": 790, "total": 1345, "format_errors": 0, "decisions": {"supported": 711, "other_or_general": 79}, "elapsed_seconds": 719.1537652015686}
{"event": "task_complete", "fold": 1, "completed": 791, "total": 1345, "format_errors": 0, "decisions": {"supported": 712, "other_or_general": 79}, "elapsed_seconds": 719.9987452030182}
{"event": "task_complete", "fold": 1, "completed": 792, "total": 1345, "format_errors": 0, "decisions": {"supported": 713, "other_or_general": 79}, "elapsed_seconds": 720.8417031764984}
{"event": "task_complete", "fold": 1, "completed": 793, "total": 1345, "format_errors": 0, "decisions": {"supported": 714, "other_or_general": 79}, "elapsed_seconds": 721.6876192092896}
{"event": "task_complete", "fold": 1, "completed": 794, "total": 1345, "format_errors": 0, "decisions": {"supported": 715, "other_or_general": 79}, "elapsed_seconds": 722.542053937912}
{"event": "task_complete", "fold": 1, "completed": 795, "total": 1345, "format_errors": 0, "decisions": {"supported": 716, "other_or_general": 79}, "elapsed_seconds": 723.3882553577423}
{"event": "task_complete", "fold": 1, "completed": 796, "total": 1345, "format_errors": 0, "decisions": {"supported": 717, "other_or_general": 79}, "elapsed_seconds": 724.2335796356201}
{"event": "task_complete", "fold": 1, "completed": 797, "total": 1345, "format_errors": 0, "decisions": {"supported": 718, "other_or_general": 79}, "elapsed_seconds": 725.082001209259}
{"event": "task_complete", "fold": 1, "completed": 798, "total": 1345, "format_errors": 0, "decisions": {"supported": 719, "other_or_general": 79}, "elapsed_seconds": 725.9355206489563}
{"event": "task_complete", "fold": 1, "completed": 799, "total": 1345, "format_errors": 0, "decisions": {"supported": 720, "other_or_general": 79}, "elapsed_seconds": 726.7892756462097}
{"event": "task_complete", "fold": 1, "completed": 800, "total": 1345, "format_errors": 0, "decisions": {"supported": 721, "other_or_general": 79}, "elapsed_seconds": 727.6460127830505}
{"event": "task_complete", "fold": 1, "completed": 801, "total": 1345, "format_errors": 0, "decisions": {"supported": 722, "other_or_general": 79}, "elapsed_seconds": 728.4980232715607}
{"event": "task_complete", "fold": 1, "completed": 802, "total": 1345, "format_errors": 0, "decisions": {"supported": 722, "other_or_general": 80}, "elapsed_seconds": 729.4726209640503}
{"event": "task_complete", "fold": 1, "completed": 803, "total": 1345, "format_errors": 0, "decisions": {"supported": 723, "other_or_general": 80}, "elapsed_seconds": 730.3115639686584}
{"event": "task_complete", "fold": 1, "completed": 804, "total": 1345, "format_errors": 0, "decisions": {"supported": 723, "other_or_general": 81}, "elapsed_seconds": 731.292473077774}
{"event": "task_complete", "fold": 1, "completed": 805, "total": 1345, "format_errors": 0, "decisions": {"supported": 723, "other_or_general": 82}, "elapsed_seconds": 732.2682330608368}
{"event": "task_complete", "fold": 1, "completed": 806, "total": 1345, "format_errors": 0, "decisions": {"supported": 724, "other_or_general": 82}, "elapsed_seconds": 733.1134209632874}
{"event": "task_complete", "fold": 1, "completed": 807, "total": 1345, "format_errors": 0, "decisions": {"supported": 725, "other_or_general": 82}, "elapsed_seconds": 733.9615197181702}
{"event": "task_complete", "fold": 1, "completed": 808, "total": 1345, "format_errors": 0, "decisions": {"supported": 726, "other_or_general": 82}, "elapsed_seconds": 734.80455493927}
{"event": "task_complete", "fold": 1, "completed": 809, "total": 1345, "format_errors": 0, "decisions": {"supported": 727, "other_or_general": 82}, "elapsed_seconds": 735.6519360542297}
{"event": "task_complete", "fold": 1, "completed": 810, "total": 1345, "format_errors": 0, "decisions": {"supported": 728, "other_or_general": 82}, "elapsed_seconds": 736.5111479759216}
{"event": "task_complete", "fold": 1, "completed": 811, "total": 1345, "format_errors": 0, "decisions": {"supported": 728, "other_or_general": 83}, "elapsed_seconds": 737.4925498962402}
{"event": "task_complete", "fold": 1, "completed": 812, "total": 1345, "format_errors": 0, "decisions": {"supported": 729, "other_or_general": 83}, "elapsed_seconds": 738.3554544448853}
{"event": "task_complete", "fold": 1, "completed": 813, "total": 1345, "format_errors": 0, "decisions": {"supported": 730, "other_or_general": 83}, "elapsed_seconds": 739.2529275417328}
{"event": "task_complete", "fold": 1, "completed": 814, "total": 1345, "format_errors": 0, "decisions": {"supported": 731, "other_or_general": 83}, "elapsed_seconds": 740.1553764343262}
{"event": "task_complete", "fold": 1, "completed": 815, "total": 1345, "format_errors": 0, "decisions": {"supported": 732, "other_or_general": 83}, "elapsed_seconds": 741.0189018249512}
{"event": "task_complete", "fold": 1, "completed": 816, "total": 1345, "format_errors": 0, "decisions": {"supported": 733, "other_or_general": 83}, "elapsed_seconds": 741.8729214668274}
{"event": "task_complete", "fold": 1, "completed": 817, "total": 1345, "format_errors": 0, "decisions": {"supported": 734, "other_or_general": 83}, "elapsed_seconds": 742.7312128543854}
{"event": "task_complete", "fold": 1, "completed": 818, "total": 1345, "format_errors": 0, "decisions": {"supported": 735, "other_or_general": 83}, "elapsed_seconds": 743.587420463562}
{"event": "task_complete", "fold": 1, "completed": 819, "total": 1345, "format_errors": 0, "decisions": {"supported": 736, "other_or_general": 83}, "elapsed_seconds": 744.4478666782379}
{"event": "task_complete", "fold": 1, "completed": 820, "total": 1345, "format_errors": 0, "decisions": {"supported": 736, "other_or_general": 84}, "elapsed_seconds": 745.4244225025177}
{"event": "task_complete", "fold": 1, "completed": 821, "total": 1345, "format_errors": 0, "decisions": {"supported": 737, "other_or_general": 84}, "elapsed_seconds": 746.268500328064}
{"event": "task_complete", "fold": 1, "completed": 822, "total": 1345, "format_errors": 0, "decisions": {"supported": 738, "other_or_general": 84}, "elapsed_seconds": 747.1174037456512}
{"event": "task_complete", "fold": 1, "completed": 823, "total": 1345, "format_errors": 0, "decisions": {"supported": 739, "other_or_general": 84}, "elapsed_seconds": 748.1434080600739}
{"event": "task_complete", "fold": 1, "completed": 824, "total": 1345, "format_errors": 0, "decisions": {"supported": 740, "other_or_general": 84}, "elapsed_seconds": 749.0013580322266}
{"event": "task_complete", "fold": 1, "completed": 825, "total": 1345, "format_errors": 0, "decisions": {"supported": 741, "other_or_general": 84}, "elapsed_seconds": 749.8520653247833}
{"event": "task_complete", "fold": 1, "completed": 826, "total": 1345, "format_errors": 0, "decisions": {"supported": 742, "other_or_general": 84}, "elapsed_seconds": 750.7020165920258}
{"event": "task_complete", "fold": 1, "completed": 827, "total": 1345, "format_errors": 0, "decisions": {"supported": 743, "other_or_general": 84}, "elapsed_seconds": 751.5492448806763}
{"event": "task_complete", "fold": 1, "completed": 828, "total": 1345, "format_errors": 0, "decisions": {"supported": 743, "other_or_general": 85}, "elapsed_seconds": 752.5248873233795}
{"event": "task_complete", "fold": 1, "completed": 829, "total": 1345, "format_errors": 0, "decisions": {"supported": 744, "other_or_general": 85}, "elapsed_seconds": 753.3618309497833}
{"event": "task_complete", "fold": 1, "completed": 830, "total": 1345, "format_errors": 0, "decisions": {"supported": 745, "other_or_general": 85}, "elapsed_seconds": 754.207200050354}
{"event": "task_complete", "fold": 1, "completed": 831, "total": 1345, "format_errors": 0, "decisions": {"supported": 746, "other_or_general": 85}, "elapsed_seconds": 755.0515847206116}
{"event": "task_complete", "fold": 1, "completed": 832, "total": 1345, "format_errors": 0, "decisions": {"supported": 747, "other_or_general": 85}, "elapsed_seconds": 755.9003682136536}
{"event": "task_complete", "fold": 1, "completed": 833, "total": 1345, "format_errors": 0, "decisions": {"supported": 748, "other_or_general": 85}, "elapsed_seconds": 756.7491910457611}
{"event": "task_complete", "fold": 1, "completed": 834, "total": 1345, "format_errors": 0, "decisions": {"supported": 749, "other_or_general": 85}, "elapsed_seconds": 757.5938053131104}
{"event": "task_complete", "fold": 1, "completed": 835, "total": 1345, "format_errors": 0, "decisions": {"supported": 750, "other_or_general": 85}, "elapsed_seconds": 758.4403269290924}
{"event": "task_complete", "fold": 1, "completed": 836, "total": 1345, "format_errors": 0, "decisions": {"supported": 750, "other_or_general": 86}, "elapsed_seconds": 759.4218034744263}
{"event": "task_complete", "fold": 1, "completed": 837, "total": 1345, "format_errors": 0, "decisions": {"supported": 751, "other_or_general": 86}, "elapsed_seconds": 760.2756381034851}
{"event": "task_complete", "fold": 1, "completed": 838, "total": 1345, "format_errors": 0, "decisions": {"supported": 751, "other_or_general": 87}, "elapsed_seconds": 761.2575874328613}
{"event": "task_complete", "fold": 1, "completed": 839, "total": 1345, "format_errors": 0, "decisions": {"supported": 751, "other_or_general": 88}, "elapsed_seconds": 762.2387180328369}
{"event": "task_complete", "fold": 1, "completed": 840, "total": 1345, "format_errors": 0, "decisions": {"supported": 752, "other_or_general": 88}, "elapsed_seconds": 763.0771565437317}
{"event": "task_complete", "fold": 1, "completed": 841, "total": 1345, "format_errors": 0, "decisions": {"supported": 753, "other_or_general": 88}, "elapsed_seconds": 763.911523103714}
{"event": "task_complete", "fold": 1, "completed": 842, "total": 1345, "format_errors": 0, "decisions": {"supported": 754, "other_or_general": 88}, "elapsed_seconds": 764.75435090065}
{"event": "task_complete", "fold": 1, "completed": 843, "total": 1345, "format_errors": 0, "decisions": {"supported": 755, "other_or_general": 88}, "elapsed_seconds": 765.5919423103333}
{"event": "task_complete", "fold": 1, "completed": 844, "total": 1345, "format_errors": 0, "decisions": {"supported": 756, "other_or_general": 88}, "elapsed_seconds": 766.4411373138428}
{"event": "task_complete", "fold": 1, "completed": 845, "total": 1345, "format_errors": 0, "decisions": {"supported": 757, "other_or_general": 88}, "elapsed_seconds": 767.2943384647369}
{"event": "task_complete", "fold": 1, "completed": 846, "total": 1345, "format_errors": 0, "decisions": {"supported": 758, "other_or_general": 88}, "elapsed_seconds": 768.1423320770264}
{"event": "task_complete", "fold": 1, "completed": 847, "total": 1345, "format_errors": 0, "decisions": {"supported": 759, "other_or_general": 88}, "elapsed_seconds": 769.0062766075134}
{"event": "task_complete", "fold": 1, "completed": 848, "total": 1345, "format_errors": 0, "decisions": {"supported": 760, "other_or_general": 88}, "elapsed_seconds": 769.8600640296936}
{"event": "task_complete", "fold": 1, "completed": 849, "total": 1345, "format_errors": 0, "decisions": {"supported": 761, "other_or_general": 88}, "elapsed_seconds": 770.7018241882324}
{"event": "task_complete", "fold": 1, "completed": 850, "total": 1345, "format_errors": 0, "decisions": {"supported": 762, "other_or_general": 88}, "elapsed_seconds": 771.552300453186}
{"event": "task_complete", "fold": 1, "completed": 851, "total": 1345, "format_errors": 0, "decisions": {"supported": 763, "other_or_general": 88}, "elapsed_seconds": 772.399827003479}
{"event": "task_complete", "fold": 1, "completed": 852, "total": 1345, "format_errors": 0, "decisions": {"supported": 764, "other_or_general": 88}, "elapsed_seconds": 773.240829706192}
{"event": "task_complete", "fold": 1, "completed": 853, "total": 1345, "format_errors": 0, "decisions": {"supported": 765, "other_or_general": 88}, "elapsed_seconds": 774.0897104740143}
{"event": "task_complete", "fold": 1, "completed": 854, "total": 1345, "format_errors": 0, "decisions": {"supported": 765, "other_or_general": 89}, "elapsed_seconds": 775.0673584938049}
{"event": "task_complete", "fold": 1, "completed": 855, "total": 1345, "format_errors": 0, "decisions": {"supported": 765, "other_or_general": 90}, "elapsed_seconds": 776.0471482276917}
{"event": "task_complete", "fold": 1, "completed": 856, "total": 1345, "format_errors": 0, "decisions": {"supported": 766, "other_or_general": 90}, "elapsed_seconds": 776.9074263572693}
{"event": "task_complete", "fold": 1, "completed": 857, "total": 1345, "format_errors": 0, "decisions": {"supported": 767, "other_or_general": 90}, "elapsed_seconds": 777.7646014690399}
{"event": "task_complete", "fold": 1, "completed": 858, "total": 1345, "format_errors": 0, "decisions": {"supported": 768, "other_or_general": 90}, "elapsed_seconds": 778.6135754585266}
{"event": "task_complete", "fold": 1, "completed": 859, "total": 1345, "format_errors": 0, "decisions": {"supported": 769, "other_or_general": 90}, "elapsed_seconds": 779.4666924476624}
{"event": "task_complete", "fold": 1, "completed": 860, "total": 1345, "format_errors": 0, "decisions": {"supported": 770, "other_or_general": 90}, "elapsed_seconds": 780.3137187957764}
{"event": "task_complete", "fold": 1, "completed": 861, "total": 1345, "format_errors": 0, "decisions": {"supported": 770, "other_or_general": 91}, "elapsed_seconds": 781.2996861934662}
{"event": "task_complete", "fold": 1, "completed": 862, "total": 1345, "format_errors": 0, "decisions": {"supported": 771, "other_or_general": 91}, "elapsed_seconds": 782.1622233390808}
{"event": "task_complete", "fold": 1, "completed": 863, "total": 1345, "format_errors": 0, "decisions": {"supported": 772, "other_or_general": 91}, "elapsed_seconds": 783.0168287754059}
{"event": "task_complete", "fold": 1, "completed": 864, "total": 1345, "format_errors": 0, "decisions": {"supported": 773, "other_or_general": 91}, "elapsed_seconds": 783.8580186367035}
{"event": "task_complete", "fold": 1, "completed": 865, "total": 1345, "format_errors": 0, "decisions": {"supported": 774, "other_or_general": 91}, "elapsed_seconds": 784.6941962242126}
{"event": "task_complete", "fold": 1, "completed": 866, "total": 1345, "format_errors": 0, "decisions": {"supported": 775, "other_or_general": 91}, "elapsed_seconds": 785.5461781024933}
{"event": "task_complete", "fold": 1, "completed": 867, "total": 1345, "format_errors": 0, "decisions": {"supported": 776, "other_or_general": 91}, "elapsed_seconds": 786.3897387981415}
{"event": "task_complete", "fold": 1, "completed": 868, "total": 1345, "format_errors": 0, "decisions": {"supported": 777, "other_or_general": 91}, "elapsed_seconds": 787.2305581569672}
{"event": "task_complete", "fold": 1, "completed": 869, "total": 1345, "format_errors": 0, "decisions": {"supported": 778, "other_or_general": 91}, "elapsed_seconds": 788.0743398666382}
{"event": "task_complete", "fold": 1, "completed": 870, "total": 1345, "format_errors": 0, "decisions": {"supported": 779, "other_or_general": 91}, "elapsed_seconds": 788.9121208190918}
{"event": "task_complete", "fold": 1, "completed": 871, "total": 1345, "format_errors": 0, "decisions": {"supported": 780, "other_or_general": 91}, "elapsed_seconds": 789.7618072032928}
{"event": "task_complete", "fold": 1, "completed": 872, "total": 1345, "format_errors": 0, "decisions": {"supported": 781, "other_or_general": 91}, "elapsed_seconds": 790.6111629009247}
{"event": "task_complete", "fold": 1, "completed": 873, "total": 1345, "format_errors": 0, "decisions": {"supported": 782, "other_or_general": 91}, "elapsed_seconds": 791.4657366275787}
{"event": "task_complete", "fold": 1, "completed": 874, "total": 1345, "format_errors": 0, "decisions": {"supported": 783, "other_or_general": 91}, "elapsed_seconds": 792.319354057312}
{"event": "task_complete", "fold": 1, "completed": 875, "total": 1345, "format_errors": 0, "decisions": {"supported": 784, "other_or_general": 91}, "elapsed_seconds": 793.1614897251129}
{"event": "task_complete", "fold": 1, "completed": 876, "total": 1345, "format_errors": 0, "decisions": {"supported": 785, "other_or_general": 91}, "elapsed_seconds": 794.00070977211}
{"event": "task_complete", "fold": 1, "completed": 877, "total": 1345, "format_errors": 0, "decisions": {"supported": 785, "other_or_general": 92}, "elapsed_seconds": 794.9782147407532}
{"event": "task_complete", "fold": 1, "completed": 878, "total": 1345, "format_errors": 0, "decisions": {"supported": 786, "other_or_general": 92}, "elapsed_seconds": 795.8219404220581}
{"event": "task_complete", "fold": 1, "completed": 879, "total": 1345, "format_errors": 0, "decisions": {"supported": 787, "other_or_general": 92}, "elapsed_seconds": 796.6733009815216}
{"event": "task_complete", "fold": 1, "completed": 880, "total": 1345, "format_errors": 0, "decisions": {"supported": 788, "other_or_general": 92}, "elapsed_seconds": 797.5320444107056}
{"event": "task_complete", "fold": 1, "completed": 881, "total": 1345, "format_errors": 0, "decisions": {"supported": 789, "other_or_general": 92}, "elapsed_seconds": 798.3923513889313}
{"event": "task_complete", "fold": 1, "completed": 882, "total": 1345, "format_errors": 0, "decisions": {"supported": 790, "other_or_general": 92}, "elapsed_seconds": 799.2459530830383}
{"event": "task_complete", "fold": 1, "completed": 883, "total": 1345, "format_errors": 0, "decisions": {"supported": 790, "other_or_general": 93}, "elapsed_seconds": 800.2253422737122}
{"event": "task_complete", "fold": 1, "completed": 884, "total": 1345, "format_errors": 0, "decisions": {"supported": 791, "other_or_general": 93}, "elapsed_seconds": 801.0783038139343}
{"event": "task_complete", "fold": 1, "completed": 885, "total": 1345, "format_errors": 0, "decisions": {"supported": 791, "other_or_general": 94}, "elapsed_seconds": 802.0593807697296}
{"event": "task_complete", "fold": 1, "completed": 886, "total": 1345, "format_errors": 0, "decisions": {"supported": 791, "other_or_general": 95}, "elapsed_seconds": 803.2130734920502}
{"event": "task_complete", "fold": 1, "completed": 887, "total": 1345, "format_errors": 0, "decisions": {"supported": 791, "other_or_general": 96}, "elapsed_seconds": 804.1901681423187}
{"event": "task_complete", "fold": 1, "completed": 888, "total": 1345, "format_errors": 0, "decisions": {"supported": 792, "other_or_general": 96}, "elapsed_seconds": 805.0422973632812}
{"event": "task_complete", "fold": 1, "completed": 889, "total": 1345, "format_errors": 0, "decisions": {"supported": 793, "other_or_general": 96}, "elapsed_seconds": 805.8991134166718}
{"event": "task_complete", "fold": 1, "completed": 890, "total": 1345, "format_errors": 0, "decisions": {"supported": 794, "other_or_general": 96}, "elapsed_seconds": 806.757509469986}
{"event": "task_complete", "fold": 1, "completed": 891, "total": 1345, "format_errors": 0, "decisions": {"supported": 795, "other_or_general": 96}, "elapsed_seconds": 807.6100332736969}
{"event": "task_complete", "fold": 1, "completed": 892, "total": 1345, "format_errors": 0, "decisions": {"supported": 795, "other_or_general": 97}, "elapsed_seconds": 808.5992188453674}
{"event": "task_complete", "fold": 1, "completed": 893, "total": 1345, "format_errors": 0, "decisions": {"supported": 796, "other_or_general": 97}, "elapsed_seconds": 809.4982585906982}
{"event": "task_complete", "fold": 1, "completed": 894, "total": 1345, "format_errors": 0, "decisions": {"supported": 797, "other_or_general": 97}, "elapsed_seconds": 810.3496270179749}
{"event": "task_complete", "fold": 1, "completed": 895, "total": 1345, "format_errors": 0, "decisions": {"supported": 798, "other_or_general": 97}, "elapsed_seconds": 811.1985471248627}
{"event": "task_complete", "fold": 1, "completed": 896, "total": 1345, "format_errors": 0, "decisions": {"supported": 798, "other_or_general": 98}, "elapsed_seconds": 812.1715531349182}
{"event": "task_complete", "fold": 1, "completed": 897, "total": 1345, "format_errors": 0, "decisions": {"supported": 798, "other_or_general": 99}, "elapsed_seconds": 813.1631453037262}
{"event": "task_complete", "fold": 1, "completed": 898, "total": 1345, "format_errors": 0, "decisions": {"supported": 798, "other_or_general": 100}, "elapsed_seconds": 814.1963746547699}
{"event": "task_complete", "fold": 1, "completed": 899, "total": 1345, "format_errors": 0, "decisions": {"supported": 798, "other_or_general": 101}, "elapsed_seconds": 815.1729350090027}
{"event": "task_complete", "fold": 1, "completed": 900, "total": 1345, "format_errors": 0, "decisions": {"supported": 798, "other_or_general": 102}, "elapsed_seconds": 816.1303424835205}
{"event": "task_complete", "fold": 1, "completed": 901, "total": 1345, "format_errors": 0, "decisions": {"supported": 798, "other_or_general": 103}, "elapsed_seconds": 817.1012706756592}
{"event": "task_complete", "fold": 1, "completed": 902, "total": 1345, "format_errors": 0, "decisions": {"supported": 798, "other_or_general": 104}, "elapsed_seconds": 818.0736734867096}
{"event": "task_complete", "fold": 1, "completed": 903, "total": 1345, "format_errors": 0, "decisions": {"supported": 799, "other_or_general": 104}, "elapsed_seconds": 818.9145901203156}
{"event": "task_complete", "fold": 1, "completed": 904, "total": 1345, "format_errors": 0, "decisions": {"supported": 800, "other_or_general": 104}, "elapsed_seconds": 819.7769231796265}
{"event": "task_complete", "fold": 1, "completed": 905, "total": 1345, "format_errors": 0, "decisions": {"supported": 801, "other_or_general": 104}, "elapsed_seconds": 820.6339299678802}
{"event": "task_complete", "fold": 1, "completed": 906, "total": 1345, "format_errors": 0, "decisions": {"supported": 802, "other_or_general": 104}, "elapsed_seconds": 821.4748122692108}
{"event": "task_complete", "fold": 1, "completed": 907, "total": 1345, "format_errors": 0, "decisions": {"supported": 803, "other_or_general": 104}, "elapsed_seconds": 822.373010635376}
{"event": "task_complete", "fold": 1, "completed": 908, "total": 1345, "format_errors": 0, "decisions": {"supported": 804, "other_or_general": 104}, "elapsed_seconds": 823.229241847992}
{"event": "task_complete", "fold": 1, "completed": 909, "total": 1345, "format_errors": 0, "decisions": {"supported": 804, "other_or_general": 105}, "elapsed_seconds": 824.2523894309998}
{"event": "task_complete", "fold": 1, "completed": 910, "total": 1345, "format_errors": 0, "decisions": {"supported": 805, "other_or_general": 105}, "elapsed_seconds": 825.1112253665924}
{"event": "task_complete", "fold": 1, "completed": 911, "total": 1345, "format_errors": 0, "decisions": {"supported": 806, "other_or_general": 105}, "elapsed_seconds": 825.9490163326263}
{"event": "task_complete", "fold": 1, "completed": 912, "total": 1345, "format_errors": 0, "decisions": {"supported": 807, "other_or_general": 105}, "elapsed_seconds": 826.790548324585}
{"event": "task_complete", "fold": 1, "completed": 913, "total": 1345, "format_errors": 0, "decisions": {"supported": 807, "other_or_general": 106}, "elapsed_seconds": 827.9847130775452}
{"event": "task_complete", "fold": 1, "completed": 914, "total": 1345, "format_errors": 0, "decisions": {"supported": 807, "other_or_general": 107}, "elapsed_seconds": 829.183598279953}
{"event": "task_complete", "fold": 1, "completed": 915, "total": 1345, "format_errors": 0, "decisions": {"supported": 808, "other_or_general": 107}, "elapsed_seconds": 830.03298163414}
{"event": "task_complete", "fold": 1, "completed": 916, "total": 1345, "format_errors": 0, "decisions": {"supported": 808, "other_or_general": 108}, "elapsed_seconds": 831.1954574584961}
{"event": "task_complete", "fold": 1, "completed": 917, "total": 1345, "format_errors": 0, "decisions": {"supported": 808, "other_or_general": 109}, "elapsed_seconds": 832.378092288971}
{"event": "task_complete", "fold": 1, "completed": 918, "total": 1345, "format_errors": 0, "decisions": {"supported": 808, "other_or_general": 110}, "elapsed_seconds": 833.5687189102173}
{"event": "task_complete", "fold": 1, "completed": 919, "total": 1345, "format_errors": 0, "decisions": {"supported": 808, "other_or_general": 111}, "elapsed_seconds": 834.760888338089}
{"event": "task_complete", "fold": 1, "completed": 920, "total": 1345, "format_errors": 0, "decisions": {"supported": 808, "other_or_general": 112}, "elapsed_seconds": 835.948760509491}
{"event": "task_complete", "fold": 1, "completed": 921, "total": 1345, "format_errors": 0, "decisions": {"supported": 808, "other_or_general": 113}, "elapsed_seconds": 837.1104648113251}
{"event": "task_complete", "fold": 1, "completed": 922, "total": 1345, "format_errors": 0, "decisions": {"supported": 808, "other_or_general": 114}, "elapsed_seconds": 838.273770570755}
{"event": "task_complete", "fold": 1, "completed": 923, "total": 1345, "format_errors": 0, "decisions": {"supported": 809, "other_or_general": 114}, "elapsed_seconds": 839.1149151325226}
{"event": "task_complete", "fold": 1, "completed": 924, "total": 1345, "format_errors": 0, "decisions": {"supported": 810, "other_or_general": 114}, "elapsed_seconds": 839.9568717479706}
{"event": "task_complete", "fold": 1, "completed": 925, "total": 1345, "format_errors": 0, "decisions": {"supported": 811, "other_or_general": 114}, "elapsed_seconds": 840.7976768016815}
{"event": "task_complete", "fold": 1, "completed": 926, "total": 1345, "format_errors": 0, "decisions": {"supported": 812, "other_or_general": 114}, "elapsed_seconds": 841.6407539844513}
{"event": "task_complete", "fold": 1, "completed": 927, "total": 1345, "format_errors": 0, "decisions": {"supported": 813, "other_or_general": 114}, "elapsed_seconds": 842.48033618927}
{"event": "task_complete", "fold": 1, "completed": 928, "total": 1345, "format_errors": 0, "decisions": {"supported": 813, "other_or_general": 115}, "elapsed_seconds": 843.6363372802734}
{"event": "task_complete", "fold": 1, "completed": 929, "total": 1345, "format_errors": 0, "decisions": {"supported": 814, "other_or_general": 115}, "elapsed_seconds": 844.480220079422}
{"event": "task_complete", "fold": 1, "completed": 930, "total": 1345, "format_errors": 0, "decisions": {"supported": 815, "other_or_general": 115}, "elapsed_seconds": 845.3277921676636}
{"event": "task_complete", "fold": 1, "completed": 931, "total": 1345, "format_errors": 0, "decisions": {"supported": 816, "other_or_general": 115}, "elapsed_seconds": 846.229722738266}
{"event": "task_complete", "fold": 1, "completed": 932, "total": 1345, "format_errors": 0, "decisions": {"supported": 817, "other_or_general": 115}, "elapsed_seconds": 847.0901486873627}
{"event": "task_complete", "fold": 1, "completed": 933, "total": 1345, "format_errors": 0, "decisions": {"supported": 818, "other_or_general": 115}, "elapsed_seconds": 847.9466998577118}
{"event": "task_complete", "fold": 1, "completed": 934, "total": 1345, "format_errors": 0, "decisions": {"supported": 819, "other_or_general": 115}, "elapsed_seconds": 848.8013031482697}
{"event": "task_complete", "fold": 1, "completed": 935, "total": 1345, "format_errors": 0, "decisions": {"supported": 820, "other_or_general": 115}, "elapsed_seconds": 849.6558382511139}
{"event": "task_complete", "fold": 1, "completed": 936, "total": 1345, "format_errors": 0, "decisions": {"supported": 821, "other_or_general": 115}, "elapsed_seconds": 850.5060710906982}
{"event": "task_complete", "fold": 1, "completed": 937, "total": 1345, "format_errors": 0, "decisions": {"supported": 822, "other_or_general": 115}, "elapsed_seconds": 851.3650307655334}
{"event": "task_complete", "fold": 1, "completed": 938, "total": 1345, "format_errors": 0, "decisions": {"supported": 823, "other_or_general": 115}, "elapsed_seconds": 852.2655048370361}
{"event": "task_complete", "fold": 1, "completed": 939, "total": 1345, "format_errors": 0, "decisions": {"supported": 824, "other_or_general": 115}, "elapsed_seconds": 853.167932510376}
{"event": "task_complete", "fold": 1, "completed": 940, "total": 1345, "format_errors": 0, "decisions": {"supported": 824, "other_or_general": 116}, "elapsed_seconds": 854.1504001617432}
{"event": "task_complete", "fold": 1, "completed": 941, "total": 1345, "format_errors": 0, "decisions": {"supported": 825, "other_or_general": 116}, "elapsed_seconds": 854.9993550777435}
{"event": "task_complete", "fold": 1, "completed": 942, "total": 1345, "format_errors": 0, "decisions": {"supported": 825, "other_or_general": 117}, "elapsed_seconds": 856.1572849750519}
{"event": "task_complete", "fold": 1, "completed": 943, "total": 1345, "format_errors": 0, "decisions": {"supported": 825, "other_or_general": 118}, "elapsed_seconds": 857.3458604812622}
{"event": "task_complete", "fold": 1, "completed": 944, "total": 1345, "format_errors": 0, "decisions": {"supported": 825, "other_or_general": 119}, "elapsed_seconds": 858.545816898346}
{"event": "task_complete", "fold": 1, "completed": 945, "total": 1345, "format_errors": 0, "decisions": {"supported": 825, "other_or_general": 120}, "elapsed_seconds": 859.7538394927979}
{"event": "task_complete", "fold": 1, "completed": 946, "total": 1345, "format_errors": 0, "decisions": {"supported": 825, "other_or_general": 121}, "elapsed_seconds": 860.7371318340302}
{"event": "task_complete", "fold": 1, "completed": 947, "total": 1345, "format_errors": 0, "decisions": {"supported": 825, "other_or_general": 122}, "elapsed_seconds": 861.94402384758}
{"event": "task_complete", "fold": 1, "completed": 948, "total": 1345, "format_errors": 0, "decisions": {"supported": 825, "other_or_general": 123}, "elapsed_seconds": 863.1363246440887}
{"event": "task_complete", "fold": 1, "completed": 949, "total": 1345, "format_errors": 0, "decisions": {"supported": 825, "other_or_general": 124}, "elapsed_seconds": 864.3146867752075}
{"event": "task_complete", "fold": 1, "completed": 950, "total": 1345, "format_errors": 0, "decisions": {"supported": 825, "other_or_general": 125}, "elapsed_seconds": 865.4982290267944}
{"event": "task_complete", "fold": 1, "completed": 951, "total": 1345, "format_errors": 0, "decisions": {"supported": 825, "other_or_general": 126}, "elapsed_seconds": 866.7061054706573}
{"event": "task_complete", "fold": 1, "completed": 952, "total": 1345, "format_errors": 0, "decisions": {"supported": 825, "other_or_general": 127}, "elapsed_seconds": 867.6964423656464}
{"event": "task_complete", "fold": 1, "completed": 953, "total": 1345, "format_errors": 0, "decisions": {"supported": 825, "other_or_general": 128}, "elapsed_seconds": 868.8986456394196}
{"event": "task_complete", "fold": 1, "completed": 954, "total": 1345, "format_errors": 0, "decisions": {"supported": 825, "other_or_general": 129}, "elapsed_seconds": 870.0796184539795}
{"event": "task_complete", "fold": 1, "completed": 955, "total": 1345, "format_errors": 0, "decisions": {"supported": 825, "other_or_general": 130}, "elapsed_seconds": 871.2602396011353}
{"event": "task_complete", "fold": 1, "completed": 956, "total": 1345, "format_errors": 0, "decisions": {"supported": 825, "other_or_general": 131}, "elapsed_seconds": 872.4205482006073}
{"event": "task_complete", "fold": 1, "completed": 957, "total": 1345, "format_errors": 0, "decisions": {"supported": 826, "other_or_general": 131}, "elapsed_seconds": 873.264431476593}
{"event": "task_complete", "fold": 1, "completed": 958, "total": 1345, "format_errors": 0, "decisions": {"supported": 826, "other_or_general": 132}, "elapsed_seconds": 874.4557907581329}
{"event": "task_complete", "fold": 1, "completed": 959, "total": 1345, "format_errors": 0, "decisions": {"supported": 826, "other_or_general": 133}, "elapsed_seconds": 875.652755022049}
{"event": "task_complete", "fold": 1, "completed": 960, "total": 1345, "format_errors": 0, "decisions": {"supported": 826, "other_or_general": 134}, "elapsed_seconds": 876.8488562107086}
{"event": "task_complete", "fold": 1, "completed": 961, "total": 1345, "format_errors": 0, "decisions": {"supported": 827, "other_or_general": 134}, "elapsed_seconds": 877.7018685340881}
{"event": "task_complete", "fold": 1, "completed": 962, "total": 1345, "format_errors": 0, "decisions": {"supported": 827, "other_or_general": 135}, "elapsed_seconds": 878.8859167098999}
{"event": "task_complete", "fold": 1, "completed": 963, "total": 1345, "format_errors": 0, "decisions": {"supported": 827, "other_or_general": 136}, "elapsed_seconds": 880.0511016845703}
{"event": "task_complete", "fold": 1, "completed": 964, "total": 1345, "format_errors": 0, "decisions": {"supported": 827, "other_or_general": 137}, "elapsed_seconds": 881.0390374660492}
{"event": "task_complete", "fold": 1, "completed": 965, "total": 1345, "format_errors": 0, "decisions": {"supported": 827, "other_or_general": 138}, "elapsed_seconds": 882.2219314575195}
{"event": "task_complete", "fold": 1, "completed": 966, "total": 1345, "format_errors": 0, "decisions": {"supported": 827, "other_or_general": 139}, "elapsed_seconds": 883.3828589916229}
{"event": "task_complete", "fold": 1, "completed": 967, "total": 1345, "format_errors": 0, "decisions": {"supported": 828, "other_or_general": 139}, "elapsed_seconds": 884.2304883003235}
{"event": "task_complete", "fold": 1, "completed": 968, "total": 1345, "format_errors": 0, "decisions": {"supported": 828, "other_or_general": 140}, "elapsed_seconds": 885.2169218063354}
{"event": "task_complete", "fold": 1, "completed": 969, "total": 1345, "format_errors": 0, "decisions": {"supported": 829, "other_or_general": 140}, "elapsed_seconds": 886.0763962268829}
{"event": "task_complete", "fold": 1, "completed": 970, "total": 1345, "format_errors": 0, "decisions": {"supported": 830, "other_or_general": 140}, "elapsed_seconds": 886.9429657459259}
{"event": "task_complete", "fold": 1, "completed": 971, "total": 1345, "format_errors": 0, "decisions": {"supported": 831, "other_or_general": 140}, "elapsed_seconds": 887.7959725856781}
{"event": "task_complete", "fold": 1, "completed": 972, "total": 1345, "format_errors": 0, "decisions": {"supported": 832, "other_or_general": 140}, "elapsed_seconds": 888.6351063251495}
{"event": "task_complete", "fold": 1, "completed": 973, "total": 1345, "format_errors": 0, "decisions": {"supported": 832, "other_or_general": 141}, "elapsed_seconds": 889.6107008457184}
{"event": "task_complete", "fold": 1, "completed": 974, "total": 1345, "format_errors": 0, "decisions": {"supported": 833, "other_or_general": 141}, "elapsed_seconds": 890.505922794342}
{"event": "task_complete", "fold": 1, "completed": 975, "total": 1345, "format_errors": 0, "decisions": {"supported": 834, "other_or_general": 141}, "elapsed_seconds": 891.3588488101959}
{"event": "task_complete", "fold": 1, "completed": 976, "total": 1345, "format_errors": 0, "decisions": {"supported": 835, "other_or_general": 141}, "elapsed_seconds": 892.2126393318176}
{"event": "task_complete", "fold": 1, "completed": 977, "total": 1345, "format_errors": 0, "decisions": {"supported": 835, "other_or_general": 142}, "elapsed_seconds": 893.1929333209991}
{"event": "task_complete", "fold": 1, "completed": 978, "total": 1345, "format_errors": 0, "decisions": {"supported": 835, "other_or_general": 143}, "elapsed_seconds": 894.1689620018005}
{"event": "task_complete", "fold": 1, "completed": 979, "total": 1345, "format_errors": 0, "decisions": {"supported": 836, "other_or_general": 143}, "elapsed_seconds": 895.023074388504}
{"event": "task_complete", "fold": 1, "completed": 980, "total": 1345, "format_errors": 0, "decisions": {"supported": 837, "other_or_general": 143}, "elapsed_seconds": 895.9209544658661}
{"event": "task_complete", "fold": 1, "completed": 981, "total": 1345, "format_errors": 0, "decisions": {"supported": 838, "other_or_general": 143}, "elapsed_seconds": 896.7800216674805}
{"event": "task_complete", "fold": 1, "completed": 982, "total": 1345, "format_errors": 0, "decisions": {"supported": 839, "other_or_general": 143}, "elapsed_seconds": 897.6427717208862}
{"event": "task_complete", "fold": 1, "completed": 983, "total": 1345, "format_errors": 0, "decisions": {"supported": 840, "other_or_general": 143}, "elapsed_seconds": 898.4936711788177}
{"event": "task_complete", "fold": 1, "completed": 984, "total": 1345, "format_errors": 0, "decisions": {"supported": 841, "other_or_general": 143}, "elapsed_seconds": 899.349328994751}
{"event": "task_complete", "fold": 1, "completed": 985, "total": 1345, "format_errors": 0, "decisions": {"supported": 842, "other_or_general": 143}, "elapsed_seconds": 900.2020835876465}
{"event": "task_complete", "fold": 1, "completed": 986, "total": 1345, "format_errors": 0, "decisions": {"supported": 843, "other_or_general": 143}, "elapsed_seconds": 901.0534625053406}
{"event": "task_complete", "fold": 1, "completed": 987, "total": 1345, "format_errors": 0, "decisions": {"supported": 843, "other_or_general": 144}, "elapsed_seconds": 902.2065417766571}
{"event": "task_complete", "fold": 1, "completed": 988, "total": 1345, "format_errors": 0, "decisions": {"supported": 843, "other_or_general": 145}, "elapsed_seconds": 903.4005031585693}
{"event": "task_complete", "fold": 1, "completed": 989, "total": 1345, "format_errors": 0, "decisions": {"supported": 843, "other_or_general": 146}, "elapsed_seconds": 904.6028800010681}
{"event": "task_complete", "fold": 1, "completed": 990, "total": 1345, "format_errors": 0, "decisions": {"supported": 843, "other_or_general": 147}, "elapsed_seconds": 905.8064150810242}
{"event": "task_complete", "fold": 1, "completed": 991, "total": 1345, "format_errors": 0, "decisions": {"supported": 843, "other_or_general": 148}, "elapsed_seconds": 906.7792541980743}
{"event": "task_complete", "fold": 1, "completed": 992, "total": 1345, "format_errors": 0, "decisions": {"supported": 843, "other_or_general": 149}, "elapsed_seconds": 907.9677038192749}
{"event": "task_complete", "fold": 1, "completed": 993, "total": 1345, "format_errors": 0, "decisions": {"supported": 844, "other_or_general": 149}, "elapsed_seconds": 908.9475083351135}
{"event": "task_complete", "fold": 1, "completed": 994, "total": 1345, "format_errors": 0, "decisions": {"supported": 845, "other_or_general": 149}, "elapsed_seconds": 909.7855334281921}
{"event": "task_complete", "fold": 1, "completed": 995, "total": 1345, "format_errors": 0, "decisions": {"supported": 846, "other_or_general": 149}, "elapsed_seconds": 910.8159611225128}
{"event": "task_complete", "fold": 1, "completed": 996, "total": 1345, "format_errors": 0, "decisions": {"supported": 847, "other_or_general": 149}, "elapsed_seconds": 911.6600413322449}
{"event": "task_complete", "fold": 1, "completed": 997, "total": 1345, "format_errors": 0, "decisions": {"supported": 848, "other_or_general": 149}, "elapsed_seconds": 912.5075688362122}
{"event": "task_complete", "fold": 1, "completed": 998, "total": 1345, "format_errors": 0, "decisions": {"supported": 848, "other_or_general": 150}, "elapsed_seconds": 913.4842948913574}
{"event": "task_complete", "fold": 1, "completed": 999, "total": 1345, "format_errors": 0, "decisions": {"supported": 849, "other_or_general": 150}, "elapsed_seconds": 914.5165169239044}
{"event": "task_complete", "fold": 1, "completed": 1000, "total": 1345, "format_errors": 0, "decisions": {"supported": 850, "other_or_general": 150}, "elapsed_seconds": 915.3573400974274}
{"event": "task_complete", "fold": 1, "completed": 1001, "total": 1345, "format_errors": 0, "decisions": {"supported": 851, "other_or_general": 150}, "elapsed_seconds": 916.2005224227905}
{"event": "task_complete", "fold": 1, "completed": 1002, "total": 1345, "format_errors": 0, "decisions": {"supported": 852, "other_or_general": 150}, "elapsed_seconds": 917.2322280406952}
{"event": "task_complete", "fold": 1, "completed": 1003, "total": 1345, "format_errors": 0, "decisions": {"supported": 853, "other_or_general": 150}, "elapsed_seconds": 918.0908396244049}
{"event": "task_complete", "fold": 1, "completed": 1004, "total": 1345, "format_errors": 0, "decisions": {"supported": 853, "other_or_general": 151}, "elapsed_seconds": 919.1185352802277}
{"event": "task_complete", "fold": 1, "completed": 1005, "total": 1345, "format_errors": 0, "decisions": {"supported": 853, "other_or_general": 152}, "elapsed_seconds": 920.0881776809692}
{"event": "task_complete", "fold": 1, "completed": 1006, "total": 1345, "format_errors": 0, "decisions": {"supported": 854, "other_or_general": 152}, "elapsed_seconds": 921.1113600730896}
{"event": "task_complete", "fold": 1, "completed": 1007, "total": 1345, "format_errors": 0, "decisions": {"supported": 855, "other_or_general": 152}, "elapsed_seconds": 921.9706952571869}
{"event": "task_complete", "fold": 1, "completed": 1008, "total": 1345, "format_errors": 0, "decisions": {"supported": 856, "other_or_general": 152}, "elapsed_seconds": 922.8404967784882}
{"event": "task_complete", "fold": 1, "completed": 1009, "total": 1345, "format_errors": 0, "decisions": {"supported": 857, "other_or_general": 152}, "elapsed_seconds": 923.6977791786194}
{"event": "task_complete", "fold": 1, "completed": 1010, "total": 1345, "format_errors": 0, "decisions": {"supported": 858, "other_or_general": 152}, "elapsed_seconds": 924.5575406551361}
{"event": "task_complete", "fold": 1, "completed": 1011, "total": 1345, "format_errors": 0, "decisions": {"supported": 859, "other_or_general": 152}, "elapsed_seconds": 925.4155442714691}
{"event": "task_complete", "fold": 1, "completed": 1012, "total": 1345, "format_errors": 0, "decisions": {"supported": 860, "other_or_general": 152}, "elapsed_seconds": 926.2647626399994}
{"event": "task_complete", "fold": 1, "completed": 1013, "total": 1345, "format_errors": 0, "decisions": {"supported": 860, "other_or_general": 153}, "elapsed_seconds": 927.243406534195}
{"event": "task_complete", "fold": 1, "completed": 1014, "total": 1345, "format_errors": 0, "decisions": {"supported": 861, "other_or_general": 153}, "elapsed_seconds": 928.0892241001129}
{"event": "task_complete", "fold": 1, "completed": 1015, "total": 1345, "format_errors": 0, "decisions": {"supported": 862, "other_or_general": 153}, "elapsed_seconds": 928.9397563934326}
{"event": "task_complete", "fold": 1, "completed": 1016, "total": 1345, "format_errors": 0, "decisions": {"supported": 862, "other_or_general": 154}, "elapsed_seconds": 929.9183914661407}
{"event": "task_complete", "fold": 1, "completed": 1017, "total": 1345, "format_errors": 0, "decisions": {"supported": 863, "other_or_general": 154}, "elapsed_seconds": 930.7844347953796}
{"event": "task_complete", "fold": 1, "completed": 1018, "total": 1345, "format_errors": 0, "decisions": {"supported": 864, "other_or_general": 154}, "elapsed_seconds": 931.7706809043884}
{"event": "task_complete", "fold": 1, "completed": 1019, "total": 1345, "format_errors": 0, "decisions": {"supported": 865, "other_or_general": 154}, "elapsed_seconds": 932.615029335022}
{"event": "task_complete", "fold": 1, "completed": 1020, "total": 1345, "format_errors": 0, "decisions": {"supported": 866, "other_or_general": 154}, "elapsed_seconds": 933.4743146896362}
{"event": "task_complete", "fold": 1, "completed": 1021, "total": 1345, "format_errors": 0, "decisions": {"supported": 867, "other_or_general": 154}, "elapsed_seconds": 934.325820684433}
{"event": "task_complete", "fold": 1, "completed": 1022, "total": 1345, "format_errors": 0, "decisions": {"supported": 868, "other_or_general": 154}, "elapsed_seconds": 935.1908633708954}
{"event": "task_complete", "fold": 1, "completed": 1023, "total": 1345, "format_errors": 0, "decisions": {"supported": 869, "other_or_general": 154}, "elapsed_seconds": 936.0522539615631}
{"event": "task_complete", "fold": 1, "completed": 1024, "total": 1345, "format_errors": 0, "decisions": {"supported": 870, "other_or_general": 154}, "elapsed_seconds": 936.9017810821533}
{"event": "task_complete", "fold": 1, "completed": 1025, "total": 1345, "format_errors": 0, "decisions": {"supported": 871, "other_or_general": 154}, "elapsed_seconds": 937.753719329834}
{"event": "task_complete", "fold": 1, "completed": 1026, "total": 1345, "format_errors": 0, "decisions": {"supported": 872, "other_or_general": 154}, "elapsed_seconds": 938.6139063835144}
{"event": "task_complete", "fold": 1, "completed": 1027, "total": 1345, "format_errors": 0, "decisions": {"supported": 873, "other_or_general": 154}, "elapsed_seconds": 939.5220975875854}
{"event": "task_complete", "fold": 1, "completed": 1028, "total": 1345, "format_errors": 0, "decisions": {"supported": 873, "other_or_general": 155}, "elapsed_seconds": 940.5074717998505}
{"event": "task_complete", "fold": 1, "completed": 1029, "total": 1345, "format_errors": 0, "decisions": {"supported": 874, "other_or_general": 155}, "elapsed_seconds": 941.4047555923462}
{"event": "task_complete", "fold": 1, "completed": 1030, "total": 1345, "format_errors": 0, "decisions": {"supported": 875, "other_or_general": 155}, "elapsed_seconds": 942.2646427154541}
{"event": "task_complete", "fold": 1, "completed": 1031, "total": 1345, "format_errors": 0, "decisions": {"supported": 876, "other_or_general": 155}, "elapsed_seconds": 943.1113443374634}
{"event": "task_complete", "fold": 1, "completed": 1032, "total": 1345, "format_errors": 0, "decisions": {"supported": 877, "other_or_general": 155}, "elapsed_seconds": 943.9695100784302}
{"event": "task_complete", "fold": 1, "completed": 1033, "total": 1345, "format_errors": 0, "decisions": {"supported": 878, "other_or_general": 155}, "elapsed_seconds": 944.8719441890717}
{"event": "task_complete", "fold": 1, "completed": 1034, "total": 1345, "format_errors": 0, "decisions": {"supported": 879, "other_or_general": 155}, "elapsed_seconds": 945.7254803180695}
{"event": "task_complete", "fold": 1, "completed": 1035, "total": 1345, "format_errors": 0, "decisions": {"supported": 880, "other_or_general": 155}, "elapsed_seconds": 946.5677886009216}
{"event": "task_complete", "fold": 1, "completed": 1036, "total": 1345, "format_errors": 0, "decisions": {"supported": 881, "other_or_general": 155}, "elapsed_seconds": 947.4167559146881}
{"event": "task_complete", "fold": 1, "completed": 1037, "total": 1345, "format_errors": 0, "decisions": {"supported": 882, "other_or_general": 155}, "elapsed_seconds": 948.2648255825043}
{"event": "task_complete", "fold": 1, "completed": 1038, "total": 1345, "format_errors": 0, "decisions": {"supported": 883, "other_or_general": 155}, "elapsed_seconds": 949.1141097545624}
{"event": "task_complete", "fold": 1, "completed": 1039, "total": 1345, "format_errors": 0, "decisions": {"supported": 884, "other_or_general": 155}, "elapsed_seconds": 949.9666812419891}
{"event": "task_complete", "fold": 1, "completed": 1040, "total": 1345, "format_errors": 0, "decisions": {"supported": 885, "other_or_general": 155}, "elapsed_seconds": 950.9522302150726}
{"event": "task_complete", "fold": 1, "completed": 1041, "total": 1345, "format_errors": 0, "decisions": {"supported": 886, "other_or_general": 155}, "elapsed_seconds": 951.8043463230133}
{"event": "task_complete", "fold": 1, "completed": 1042, "total": 1345, "format_errors": 0, "decisions": {"supported": 887, "other_or_general": 155}, "elapsed_seconds": 952.6573314666748}
{"event": "task_complete", "fold": 1, "completed": 1043, "total": 1345, "format_errors": 0, "decisions": {"supported": 888, "other_or_general": 155}, "elapsed_seconds": 953.5093398094177}
{"event": "task_complete", "fold": 1, "completed": 1044, "total": 1345, "format_errors": 0, "decisions": {"supported": 889, "other_or_general": 155}, "elapsed_seconds": 954.3599610328674}
{"event": "task_complete", "fold": 1, "completed": 1045, "total": 1345, "format_errors": 0, "decisions": {"supported": 890, "other_or_general": 155}, "elapsed_seconds": 955.3415341377258}
{"event": "task_complete", "fold": 1, "completed": 1046, "total": 1345, "format_errors": 0, "decisions": {"supported": 891, "other_or_general": 155}, "elapsed_seconds": 956.1839554309845}
{"event": "task_complete", "fold": 1, "completed": 1047, "total": 1345, "format_errors": 0, "decisions": {"supported": 892, "other_or_general": 155}, "elapsed_seconds": 957.1658656597137}
{"event": "task_complete", "fold": 1, "completed": 1048, "total": 1345, "format_errors": 0, "decisions": {"supported": 893, "other_or_general": 155}, "elapsed_seconds": 958.1494982242584}
{"event": "task_complete", "fold": 1, "completed": 1049, "total": 1345, "format_errors": 0, "decisions": {"supported": 894, "other_or_general": 155}, "elapsed_seconds": 959.1328058242798}
{"event": "task_complete", "fold": 1, "completed": 1050, "total": 1345, "format_errors": 0, "decisions": {"supported": 895, "other_or_general": 155}, "elapsed_seconds": 960.1178750991821}
{"event": "task_complete", "fold": 1, "completed": 1051, "total": 1345, "format_errors": 0, "decisions": {"supported": 896, "other_or_general": 155}, "elapsed_seconds": 961.0266151428223}
{"event": "task_complete", "fold": 1, "completed": 1052, "total": 1345, "format_errors": 0, "decisions": {"supported": 897, "other_or_general": 155}, "elapsed_seconds": 961.8721830844879}
{"event": "task_complete", "fold": 1, "completed": 1053, "total": 1345, "format_errors": 0, "decisions": {"supported": 898, "other_or_general": 155}, "elapsed_seconds": 962.7258508205414}
{"event": "task_complete", "fold": 1, "completed": 1054, "total": 1345, "format_errors": 0, "decisions": {"supported": 899, "other_or_general": 155}, "elapsed_seconds": 963.5767452716827}
{"event": "task_complete", "fold": 1, "completed": 1055, "total": 1345, "format_errors": 0, "decisions": {"supported": 900, "other_or_general": 155}, "elapsed_seconds": 964.440288066864}
{"event": "task_complete", "fold": 1, "completed": 1056, "total": 1345, "format_errors": 0, "decisions": {"supported": 901, "other_or_general": 155}, "elapsed_seconds": 965.297714471817}
{"event": "task_complete", "fold": 1, "completed": 1057, "total": 1345, "format_errors": 0, "decisions": {"supported": 901, "other_or_general": 156}, "elapsed_seconds": 966.2760381698608}
{"event": "task_complete", "fold": 1, "completed": 1058, "total": 1345, "format_errors": 0, "decisions": {"supported": 902, "other_or_general": 156}, "elapsed_seconds": 967.1235201358795}
{"event": "task_complete", "fold": 1, "completed": 1059, "total": 1345, "format_errors": 0, "decisions": {"supported": 903, "other_or_general": 156}, "elapsed_seconds": 967.982967376709}
{"event": "task_complete", "fold": 1, "completed": 1060, "total": 1345, "format_errors": 0, "decisions": {"supported": 904, "other_or_general": 156}, "elapsed_seconds": 968.8426575660706}
{"event": "task_complete", "fold": 1, "completed": 1061, "total": 1345, "format_errors": 0, "decisions": {"supported": 905, "other_or_general": 156}, "elapsed_seconds": 969.7077076435089}
{"event": "task_complete", "fold": 1, "completed": 1062, "total": 1345, "format_errors": 0, "decisions": {"supported": 906, "other_or_general": 156}, "elapsed_seconds": 970.5691876411438}
{"event": "task_complete", "fold": 1, "completed": 1063, "total": 1345, "format_errors": 0, "decisions": {"supported": 907, "other_or_general": 156}, "elapsed_seconds": 971.4253180027008}
{"event": "task_complete", "fold": 1, "completed": 1064, "total": 1345, "format_errors": 0, "decisions": {"supported": 908, "other_or_general": 156}, "elapsed_seconds": 972.2801802158356}
{"event": "task_complete", "fold": 1, "completed": 1065, "total": 1345, "format_errors": 0, "decisions": {"supported": 909, "other_or_general": 156}, "elapsed_seconds": 973.1421782970428}
{"event": "task_complete", "fold": 1, "completed": 1066, "total": 1345, "format_errors": 0, "decisions": {"supported": 910, "other_or_general": 156}, "elapsed_seconds": 973.9969370365143}
{"event": "task_complete", "fold": 1, "completed": 1067, "total": 1345, "format_errors": 0, "decisions": {"supported": 911, "other_or_general": 156}, "elapsed_seconds": 974.8440124988556}
{"event": "task_complete", "fold": 1, "completed": 1068, "total": 1345, "format_errors": 0, "decisions": {"supported": 912, "other_or_general": 156}, "elapsed_seconds": 975.7049460411072}
{"event": "task_complete", "fold": 1, "completed": 1069, "total": 1345, "format_errors": 0, "decisions": {"supported": 913, "other_or_general": 156}, "elapsed_seconds": 976.6000382900238}
{"event": "task_complete", "fold": 1, "completed": 1070, "total": 1345, "format_errors": 0, "decisions": {"supported": 913, "other_or_general": 157}, "elapsed_seconds": 977.5854675769806}
{"event": "task_complete", "fold": 1, "completed": 1071, "total": 1345, "format_errors": 0, "decisions": {"supported": 914, "other_or_general": 157}, "elapsed_seconds": 978.495010137558}
{"event": "task_complete", "fold": 1, "completed": 1072, "total": 1345, "format_errors": 0, "decisions": {"supported": 915, "other_or_general": 157}, "elapsed_seconds": 979.3986430168152}
{"event": "task_complete", "fold": 1, "completed": 1073, "total": 1345, "format_errors": 0, "decisions": {"supported": 916, "other_or_general": 157}, "elapsed_seconds": 980.2985293865204}
{"event": "task_complete", "fold": 1, "completed": 1074, "total": 1345, "format_errors": 0, "decisions": {"supported": 916, "other_or_general": 158}, "elapsed_seconds": 981.2764513492584}
{"event": "task_complete", "fold": 1, "completed": 1075, "total": 1345, "format_errors": 0, "decisions": {"supported": 917, "other_or_general": 158}, "elapsed_seconds": 982.1220543384552}
{"event": "task_complete", "fold": 1, "completed": 1076, "total": 1345, "format_errors": 0, "decisions": {"supported": 918, "other_or_general": 158}, "elapsed_seconds": 982.9693515300751}
{"event": "task_complete", "fold": 1, "completed": 1077, "total": 1345, "format_errors": 0, "decisions": {"supported": 919, "other_or_general": 158}, "elapsed_seconds": 983.8205926418304}
{"event": "task_complete", "fold": 1, "completed": 1078, "total": 1345, "format_errors": 0, "decisions": {"supported": 919, "other_or_general": 159}, "elapsed_seconds": 984.7921113967896}
{"event": "task_complete", "fold": 1, "completed": 1079, "total": 1345, "format_errors": 0, "decisions": {"supported": 920, "other_or_general": 159}, "elapsed_seconds": 985.6390047073364}
{"event": "task_complete", "fold": 1, "completed": 1080, "total": 1345, "format_errors": 0, "decisions": {"supported": 921, "other_or_general": 159}, "elapsed_seconds": 986.4975094795227}
{"event": "task_complete", "fold": 1, "completed": 1081, "total": 1345, "format_errors": 0, "decisions": {"supported": 922, "other_or_general": 159}, "elapsed_seconds": 987.5338613986969}
{"event": "task_complete", "fold": 1, "completed": 1082, "total": 1345, "format_errors": 0, "decisions": {"supported": 923, "other_or_general": 159}, "elapsed_seconds": 988.3850419521332}
{"event": "task_complete", "fold": 1, "completed": 1083, "total": 1345, "format_errors": 0, "decisions": {"supported": 924, "other_or_general": 159}, "elapsed_seconds": 989.2372376918793}
{"event": "task_complete", "fold": 1, "completed": 1084, "total": 1345, "format_errors": 0, "decisions": {"supported": 925, "other_or_general": 159}, "elapsed_seconds": 990.0869901180267}
{"event": "task_complete", "fold": 1, "completed": 1085, "total": 1345, "format_errors": 0, "decisions": {"supported": 926, "other_or_general": 159}, "elapsed_seconds": 990.9427766799927}
{"event": "task_complete", "fold": 1, "completed": 1086, "total": 1345, "format_errors": 0, "decisions": {"supported": 927, "other_or_general": 159}, "elapsed_seconds": 991.7851705551147}
{"event": "task_complete", "fold": 1, "completed": 1087, "total": 1345, "format_errors": 0, "decisions": {"supported": 928, "other_or_general": 159}, "elapsed_seconds": 992.6257498264313}
{"event": "task_complete", "fold": 1, "completed": 1088, "total": 1345, "format_errors": 0, "decisions": {"supported": 929, "other_or_general": 159}, "elapsed_seconds": 993.655660867691}
{"event": "task_complete", "fold": 1, "completed": 1089, "total": 1345, "format_errors": 0, "decisions": {"supported": 930, "other_or_general": 159}, "elapsed_seconds": 994.50683760643}
{"event": "task_complete", "fold": 1, "completed": 1090, "total": 1345, "format_errors": 0, "decisions": {"supported": 931, "other_or_general": 159}, "elapsed_seconds": 995.3478720188141}
{"event": "task_complete", "fold": 1, "completed": 1091, "total": 1345, "format_errors": 0, "decisions": {"supported": 932, "other_or_general": 159}, "elapsed_seconds": 996.1904678344727}
{"event": "task_complete", "fold": 1, "completed": 1092, "total": 1345, "format_errors": 0, "decisions": {"supported": 932, "other_or_general": 160}, "elapsed_seconds": 997.1539323329926}
{"event": "task_complete", "fold": 1, "completed": 1093, "total": 1345, "format_errors": 0, "decisions": {"supported": 932, "other_or_general": 161}, "elapsed_seconds": 998.1304097175598}
{"event": "task_complete", "fold": 1, "completed": 1094, "total": 1345, "format_errors": 0, "decisions": {"supported": 933, "other_or_general": 161}, "elapsed_seconds": 998.9790275096893}
{"event": "task_complete", "fold": 1, "completed": 1095, "total": 1345, "format_errors": 0, "decisions": {"supported": 933, "other_or_general": 162}, "elapsed_seconds": 999.9393684864044}
{"event": "task_complete", "fold": 1, "completed": 1096, "total": 1345, "format_errors": 0, "decisions": {"supported": 934, "other_or_general": 162}, "elapsed_seconds": 1000.8532104492188}
{"event": "task_complete", "fold": 1, "completed": 1097, "total": 1345, "format_errors": 0, "decisions": {"supported": 935, "other_or_general": 162}, "elapsed_seconds": 1001.712372303009}
{"event": "task_complete", "fold": 1, "completed": 1098, "total": 1345, "format_errors": 0, "decisions": {"supported": 936, "other_or_general": 162}, "elapsed_seconds": 1002.7390015125275}
{"event": "task_complete", "fold": 1, "completed": 1099, "total": 1345, "format_errors": 0, "decisions": {"supported": 937, "other_or_general": 162}, "elapsed_seconds": 1003.5841019153595}
{"event": "task_complete", "fold": 1, "completed": 1100, "total": 1345, "format_errors": 0, "decisions": {"supported": 938, "other_or_general": 162}, "elapsed_seconds": 1004.4341225624084}
{"event": "task_complete", "fold": 1, "completed": 1101, "total": 1345, "format_errors": 0, "decisions": {"supported": 938, "other_or_general": 163}, "elapsed_seconds": 1005.404137134552}
{"event": "task_complete", "fold": 1, "completed": 1102, "total": 1345, "format_errors": 0, "decisions": {"supported": 939, "other_or_general": 163}, "elapsed_seconds": 1006.2459843158722}
{"event": "task_complete", "fold": 1, "completed": 1103, "total": 1345, "format_errors": 0, "decisions": {"supported": 940, "other_or_general": 163}, "elapsed_seconds": 1007.141218662262}
{"event": "task_complete", "fold": 1, "completed": 1104, "total": 1345, "format_errors": 0, "decisions": {"supported": 941, "other_or_general": 163}, "elapsed_seconds": 1008.037317276001}
{"event": "task_complete", "fold": 1, "completed": 1105, "total": 1345, "format_errors": 0, "decisions": {"supported": 942, "other_or_general": 163}, "elapsed_seconds": 1008.8968329429626}
{"event": "task_complete", "fold": 1, "completed": 1106, "total": 1345, "format_errors": 0, "decisions": {"supported": 943, "other_or_general": 163}, "elapsed_seconds": 1009.9310529232025}
{"event": "task_complete", "fold": 1, "completed": 1107, "total": 1345, "format_errors": 0, "decisions": {"supported": 944, "other_or_general": 163}, "elapsed_seconds": 1010.7808794975281}
{"event": "task_complete", "fold": 1, "completed": 1108, "total": 1345, "format_errors": 0, "decisions": {"supported": 945, "other_or_general": 163}, "elapsed_seconds": 1011.8133955001831}
{"event": "task_complete", "fold": 1, "completed": 1109, "total": 1345, "format_errors": 0, "decisions": {"supported": 946, "other_or_general": 163}, "elapsed_seconds": 1012.8515827655792}
{"event": "task_complete", "fold": 1, "completed": 1110, "total": 1345, "format_errors": 0, "decisions": {"supported": 947, "other_or_general": 163}, "elapsed_seconds": 1013.891951084137}
{"event": "task_complete", "fold": 1, "completed": 1111, "total": 1345, "format_errors": 0, "decisions": {"supported": 947, "other_or_general": 164}, "elapsed_seconds": 1014.8735868930817}
{"event": "task_complete", "fold": 1, "completed": 1112, "total": 1345, "format_errors": 0, "decisions": {"supported": 948, "other_or_general": 164}, "elapsed_seconds": 1015.7337822914124}
{"event": "task_complete", "fold": 1, "completed": 1113, "total": 1345, "format_errors": 0, "decisions": {"supported": 949, "other_or_general": 164}, "elapsed_seconds": 1016.664556980133}
{"event": "task_complete", "fold": 1, "completed": 1114, "total": 1345, "format_errors": 0, "decisions": {"supported": 950, "other_or_general": 164}, "elapsed_seconds": 1017.5733382701874}
{"event": "task_complete", "fold": 1, "completed": 1115, "total": 1345, "format_errors": 0, "decisions": {"supported": 951, "other_or_general": 164}, "elapsed_seconds": 1018.484561920166}
{"event": "task_complete", "fold": 1, "completed": 1116, "total": 1345, "format_errors": 0, "decisions": {"supported": 952, "other_or_general": 164}, "elapsed_seconds": 1019.5201787948608}
{"event": "task_complete", "fold": 1, "completed": 1117, "total": 1345, "format_errors": 0, "decisions": {"supported": 953, "other_or_general": 164}, "elapsed_seconds": 1020.36390376091}
{"event": "task_complete", "fold": 1, "completed": 1118, "total": 1345, "format_errors": 0, "decisions": {"supported": 954, "other_or_general": 164}, "elapsed_seconds": 1021.2688002586365}
{"event": "task_complete", "fold": 1, "completed": 1119, "total": 1345, "format_errors": 0, "decisions": {"supported": 955, "other_or_general": 164}, "elapsed_seconds": 1022.1125824451447}
{"event": "task_complete", "fold": 1, "completed": 1120, "total": 1345, "format_errors": 0, "decisions": {"supported": 956, "other_or_general": 164}, "elapsed_seconds": 1022.9624261856079}
{"event": "task_complete", "fold": 1, "completed": 1121, "total": 1345, "format_errors": 0, "decisions": {"supported": 957, "other_or_general": 164}, "elapsed_seconds": 1023.824117898941}
{"event": "task_complete", "fold": 1, "completed": 1122, "total": 1345, "format_errors": 0, "decisions": {"supported": 958, "other_or_general": 164}, "elapsed_seconds": 1024.7355003356934}
{"event": "task_complete", "fold": 1, "completed": 1123, "total": 1345, "format_errors": 0, "decisions": {"supported": 958, "other_or_general": 165}, "elapsed_seconds": 1025.7091987133026}
{"event": "task_complete", "fold": 1, "completed": 1124, "total": 1345, "format_errors": 0, "decisions": {"supported": 959, "other_or_general": 165}, "elapsed_seconds": 1026.7464127540588}
{"event": "task_complete", "fold": 1, "completed": 1125, "total": 1345, "format_errors": 0, "decisions": {"supported": 960, "other_or_general": 165}, "elapsed_seconds": 1027.6497089862823}
{"event": "task_complete", "fold": 1, "completed": 1126, "total": 1345, "format_errors": 0, "decisions": {"supported": 961, "other_or_general": 165}, "elapsed_seconds": 1028.5587947368622}
{"event": "task_complete", "fold": 1, "completed": 1127, "total": 1345, "format_errors": 0, "decisions": {"supported": 962, "other_or_general": 165}, "elapsed_seconds": 1029.471346616745}
{"event": "task_complete", "fold": 1, "completed": 1128, "total": 1345, "format_errors": 0, "decisions": {"supported": 963, "other_or_general": 165}, "elapsed_seconds": 1030.3873546123505}
{"event": "task_complete", "fold": 1, "completed": 1129, "total": 1345, "format_errors": 0, "decisions": {"supported": 964, "other_or_general": 165}, "elapsed_seconds": 1031.3002769947052}
{"event": "task_complete", "fold": 1, "completed": 1130, "total": 1345, "format_errors": 0, "decisions": {"supported": 965, "other_or_general": 165}, "elapsed_seconds": 1032.1604895591736}
{"event": "task_complete", "fold": 1, "completed": 1131, "total": 1345, "format_errors": 0, "decisions": {"supported": 966, "other_or_general": 165}, "elapsed_seconds": 1033.0161266326904}
{"event": "task_complete", "fold": 1, "completed": 1132, "total": 1345, "format_errors": 0, "decisions": {"supported": 967, "other_or_general": 165}, "elapsed_seconds": 1033.9305198192596}
{"event": "task_complete", "fold": 1, "completed": 1133, "total": 1345, "format_errors": 0, "decisions": {"supported": 968, "other_or_general": 165}, "elapsed_seconds": 1034.8451495170593}
{"event": "task_complete", "fold": 1, "completed": 1134, "total": 1345, "format_errors": 0, "decisions": {"supported": 969, "other_or_general": 165}, "elapsed_seconds": 1035.7791213989258}
{"event": "task_complete", "fold": 1, "completed": 1135, "total": 1345, "format_errors": 0, "decisions": {"supported": 970, "other_or_general": 165}, "elapsed_seconds": 1036.7171082496643}
{"event": "task_complete", "fold": 1, "completed": 1136, "total": 1345, "format_errors": 0, "decisions": {"supported": 971, "other_or_general": 165}, "elapsed_seconds": 1037.619306564331}
{"event": "task_complete", "fold": 1, "completed": 1137, "total": 1345, "format_errors": 0, "decisions": {"supported": 972, "other_or_general": 165}, "elapsed_seconds": 1038.5296552181244}
{"event": "task_complete", "fold": 1, "completed": 1138, "total": 1345, "format_errors": 0, "decisions": {"supported": 973, "other_or_general": 165}, "elapsed_seconds": 1039.4425647258759}
{"event": "task_complete", "fold": 1, "completed": 1139, "total": 1345, "format_errors": 0, "decisions": {"supported": 974, "other_or_general": 165}, "elapsed_seconds": 1040.3025994300842}
{"event": "task_complete", "fold": 1, "completed": 1140, "total": 1345, "format_errors": 0, "decisions": {"supported": 975, "other_or_general": 165}, "elapsed_seconds": 1041.208349943161}
{"event": "task_complete", "fold": 1, "completed": 1141, "total": 1345, "format_errors": 0, "decisions": {"supported": 976, "other_or_general": 165}, "elapsed_seconds": 1042.066062450409}
{"event": "task_complete", "fold": 1, "completed": 1142, "total": 1345, "format_errors": 0, "decisions": {"supported": 977, "other_or_general": 165}, "elapsed_seconds": 1042.9211270809174}
{"event": "task_complete", "fold": 1, "completed": 1143, "total": 1345, "format_errors": 0, "decisions": {"supported": 978, "other_or_general": 165}, "elapsed_seconds": 1043.7777361869812}
{"event": "task_complete", "fold": 1, "completed": 1144, "total": 1345, "format_errors": 0, "decisions": {"supported": 979, "other_or_general": 165}, "elapsed_seconds": 1044.688575744629}
{"event": "task_complete", "fold": 1, "completed": 1145, "total": 1345, "format_errors": 0, "decisions": {"supported": 980, "other_or_general": 165}, "elapsed_seconds": 1045.5449454784393}
{"event": "task_complete", "fold": 1, "completed": 1146, "total": 1345, "format_errors": 0, "decisions": {"supported": 981, "other_or_general": 165}, "elapsed_seconds": 1046.4530591964722}
{"event": "task_complete", "fold": 1, "completed": 1147, "total": 1345, "format_errors": 0, "decisions": {"supported": 982, "other_or_general": 165}, "elapsed_seconds": 1047.3646409511566}
{"event": "task_complete", "fold": 1, "completed": 1148, "total": 1345, "format_errors": 0, "decisions": {"supported": 983, "other_or_general": 165}, "elapsed_seconds": 1048.276683330536}
{"event": "task_complete", "fold": 1, "completed": 1149, "total": 1345, "format_errors": 0, "decisions": {"supported": 984, "other_or_general": 165}, "elapsed_seconds": 1049.1811230182648}
{"event": "task_complete", "fold": 1, "completed": 1150, "total": 1345, "format_errors": 0, "decisions": {"supported": 985, "other_or_general": 165}, "elapsed_seconds": 1050.0229177474976}
{"event": "task_complete", "fold": 1, "completed": 1151, "total": 1345, "format_errors": 0, "decisions": {"supported": 986, "other_or_general": 165}, "elapsed_seconds": 1050.8755230903625}
{"event": "task_complete", "fold": 1, "completed": 1152, "total": 1345, "format_errors": 0, "decisions": {"supported": 986, "other_or_general": 166}, "elapsed_seconds": 1051.8611850738525}
{"event": "task_complete", "fold": 1, "completed": 1153, "total": 1345, "format_errors": 0, "decisions": {"supported": 987, "other_or_general": 166}, "elapsed_seconds": 1052.714879989624}
{"event": "task_complete", "fold": 1, "completed": 1154, "total": 1345, "format_errors": 0, "decisions": {"supported": 988, "other_or_general": 166}, "elapsed_seconds": 1053.5606942176819}
{"event": "task_complete", "fold": 1, "completed": 1155, "total": 1345, "format_errors": 0, "decisions": {"supported": 989, "other_or_general": 166}, "elapsed_seconds": 1054.4094259738922}
{"event": "task_complete", "fold": 1, "completed": 1156, "total": 1345, "format_errors": 0, "decisions": {"supported": 990, "other_or_general": 166}, "elapsed_seconds": 1055.2650232315063}
{"event": "task_complete", "fold": 1, "completed": 1157, "total": 1345, "format_errors": 0, "decisions": {"supported": 991, "other_or_general": 166}, "elapsed_seconds": 1056.1210114955902}
{"event": "task_complete", "fold": 1, "completed": 1158, "total": 1345, "format_errors": 0, "decisions": {"supported": 992, "other_or_general": 166}, "elapsed_seconds": 1056.9762337207794}
{"event": "task_complete", "fold": 1, "completed": 1159, "total": 1345, "format_errors": 0, "decisions": {"supported": 993, "other_or_general": 166}, "elapsed_seconds": 1057.824955701828}
{"event": "task_complete", "fold": 1, "completed": 1160, "total": 1345, "format_errors": 0, "decisions": {"supported": 994, "other_or_general": 166}, "elapsed_seconds": 1058.680270910263}
{"event": "task_complete", "fold": 1, "completed": 1161, "total": 1345, "format_errors": 0, "decisions": {"supported": 995, "other_or_general": 166}, "elapsed_seconds": 1059.5336320400238}
{"event": "task_complete", "fold": 1, "completed": 1162, "total": 1345, "format_errors": 0, "decisions": {"supported": 996, "other_or_general": 166}, "elapsed_seconds": 1060.3748245239258}
{"event": "task_complete", "fold": 1, "completed": 1163, "total": 1345, "format_errors": 0, "decisions": {"supported": 997, "other_or_general": 166}, "elapsed_seconds": 1061.2191207408905}
{"event": "task_complete", "fold": 1, "completed": 1164, "total": 1345, "format_errors": 0, "decisions": {"supported": 998, "other_or_general": 166}, "elapsed_seconds": 1062.0554943084717}
{"event": "task_complete", "fold": 1, "completed": 1165, "total": 1345, "format_errors": 0, "decisions": {"supported": 999, "other_or_general": 166}, "elapsed_seconds": 1062.9147460460663}
{"event": "task_complete", "fold": 1, "completed": 1166, "total": 1345, "format_errors": 0, "decisions": {"supported": 1000, "other_or_general": 166}, "elapsed_seconds": 1063.763394355774}
{"event": "task_complete", "fold": 1, "completed": 1167, "total": 1345, "format_errors": 0, "decisions": {"supported": 1001, "other_or_general": 166}, "elapsed_seconds": 1064.6178178787231}
{"event": "task_complete", "fold": 1, "completed": 1168, "total": 1345, "format_errors": 0, "decisions": {"supported": 1002, "other_or_general": 166}, "elapsed_seconds": 1065.4844148159027}
{"event": "task_complete", "fold": 1, "completed": 1169, "total": 1345, "format_errors": 0, "decisions": {"supported": 1002, "other_or_general": 167}, "elapsed_seconds": 1066.4645156860352}
{"event": "task_complete", "fold": 1, "completed": 1170, "total": 1345, "format_errors": 0, "decisions": {"supported": 1002, "other_or_general": 168}, "elapsed_seconds": 1067.437604188919}
{"event": "task_complete", "fold": 1, "completed": 1171, "total": 1345, "format_errors": 0, "decisions": {"supported": 1003, "other_or_general": 168}, "elapsed_seconds": 1068.2996573448181}
{"event": "task_complete", "fold": 1, "completed": 1172, "total": 1345, "format_errors": 0, "decisions": {"supported": 1004, "other_or_general": 168}, "elapsed_seconds": 1069.1613864898682}
{"event": "task_complete", "fold": 1, "completed": 1173, "total": 1345, "format_errors": 0, "decisions": {"supported": 1005, "other_or_general": 168}, "elapsed_seconds": 1070.0256607532501}
{"event": "task_complete", "fold": 1, "completed": 1174, "total": 1345, "format_errors": 0, "decisions": {"supported": 1006, "other_or_general": 168}, "elapsed_seconds": 1070.8759801387787}
{"event": "task_complete", "fold": 1, "completed": 1175, "total": 1345, "format_errors": 0, "decisions": {"supported": 1007, "other_or_general": 168}, "elapsed_seconds": 1071.7295117378235}
{"event": "task_complete", "fold": 1, "completed": 1176, "total": 1345, "format_errors": 0, "decisions": {"supported": 1007, "other_or_general": 169}, "elapsed_seconds": 1072.7151730060577}
{"event": "task_complete", "fold": 1, "completed": 1177, "total": 1345, "format_errors": 0, "decisions": {"supported": 1008, "other_or_general": 169}, "elapsed_seconds": 1073.568955898285}
{"event": "task_complete", "fold": 1, "completed": 1178, "total": 1345, "format_errors": 0, "decisions": {"supported": 1009, "other_or_general": 169}, "elapsed_seconds": 1074.420479774475}
{"event": "task_complete", "fold": 1, "completed": 1179, "total": 1345, "format_errors": 0, "decisions": {"supported": 1010, "other_or_general": 169}, "elapsed_seconds": 1075.2757699489594}
{"event": "task_complete", "fold": 1, "completed": 1180, "total": 1345, "format_errors": 0, "decisions": {"supported": 1010, "other_or_general": 170}, "elapsed_seconds": 1076.2586517333984}
{"event": "task_complete", "fold": 1, "completed": 1181, "total": 1345, "format_errors": 0, "decisions": {"supported": 1011, "other_or_general": 170}, "elapsed_seconds": 1077.1592133045197}
{"event": "task_complete", "fold": 1, "completed": 1182, "total": 1345, "format_errors": 0, "decisions": {"supported": 1012, "other_or_general": 170}, "elapsed_seconds": 1077.993432044983}
{"event": "task_complete", "fold": 1, "completed": 1183, "total": 1345, "format_errors": 0, "decisions": {"supported": 1013, "other_or_general": 170}, "elapsed_seconds": 1078.8409724235535}
{"event": "task_complete", "fold": 1, "completed": 1184, "total": 1345, "format_errors": 0, "decisions": {"supported": 1014, "other_or_general": 170}, "elapsed_seconds": 1079.6849155426025}
{"event": "task_complete", "fold": 1, "completed": 1185, "total": 1345, "format_errors": 0, "decisions": {"supported": 1015, "other_or_general": 170}, "elapsed_seconds": 1080.5377418994904}
{"event": "task_complete", "fold": 1, "completed": 1186, "total": 1345, "format_errors": 0, "decisions": {"supported": 1016, "other_or_general": 170}, "elapsed_seconds": 1081.3854186534882}
{"event": "task_complete", "fold": 1, "completed": 1187, "total": 1345, "format_errors": 0, "decisions": {"supported": 1017, "other_or_general": 170}, "elapsed_seconds": 1082.2298758029938}
{"event": "task_complete", "fold": 1, "completed": 1188, "total": 1345, "format_errors": 0, "decisions": {"supported": 1018, "other_or_general": 170}, "elapsed_seconds": 1083.0713679790497}
{"event": "task_complete", "fold": 1, "completed": 1189, "total": 1345, "format_errors": 0, "decisions": {"supported": 1019, "other_or_general": 170}, "elapsed_seconds": 1083.9227530956268}
{"event": "task_complete", "fold": 1, "completed": 1190, "total": 1345, "format_errors": 0, "decisions": {"supported": 1020, "other_or_general": 170}, "elapsed_seconds": 1084.7610886096954}
{"event": "task_complete", "fold": 1, "completed": 1191, "total": 1345, "format_errors": 0, "decisions": {"supported": 1021, "other_or_general": 170}, "elapsed_seconds": 1085.6123971939087}
{"event": "task_complete", "fold": 1, "completed": 1192, "total": 1345, "format_errors": 0, "decisions": {"supported": 1022, "other_or_general": 170}, "elapsed_seconds": 1086.4618039131165}
{"event": "task_complete", "fold": 1, "completed": 1193, "total": 1345, "format_errors": 0, "decisions": {"supported": 1023, "other_or_general": 170}, "elapsed_seconds": 1087.3187806606293}
{"event": "task_complete", "fold": 1, "completed": 1194, "total": 1345, "format_errors": 0, "decisions": {"supported": 1024, "other_or_general": 170}, "elapsed_seconds": 1088.1688561439514}
{"event": "task_complete", "fold": 1, "completed": 1195, "total": 1345, "format_errors": 0, "decisions": {"supported": 1025, "other_or_general": 170}, "elapsed_seconds": 1089.0355503559113}
{"event": "task_complete", "fold": 1, "completed": 1196, "total": 1345, "format_errors": 0, "decisions": {"supported": 1026, "other_or_general": 170}, "elapsed_seconds": 1089.9310014247894}
{"event": "task_complete", "fold": 1, "completed": 1197, "total": 1345, "format_errors": 0, "decisions": {"supported": 1027, "other_or_general": 170}, "elapsed_seconds": 1090.7906277179718}
{"event": "task_complete", "fold": 1, "completed": 1198, "total": 1345, "format_errors": 0, "decisions": {"supported": 1028, "other_or_general": 170}, "elapsed_seconds": 1091.6497786045074}
{"event": "task_complete", "fold": 1, "completed": 1199, "total": 1345, "format_errors": 0, "decisions": {"supported": 1029, "other_or_general": 170}, "elapsed_seconds": 1092.5071370601654}
{"event": "task_complete", "fold": 1, "completed": 1200, "total": 1345, "format_errors": 0, "decisions": {"supported": 1029, "other_or_general": 171}, "elapsed_seconds": 1093.4857788085938}
{"event": "task_complete", "fold": 1, "completed": 1201, "total": 1345, "format_errors": 0, "decisions": {"supported": 1030, "other_or_general": 171}, "elapsed_seconds": 1094.3391046524048}
{"event": "task_complete", "fold": 1, "completed": 1202, "total": 1345, "format_errors": 0, "decisions": {"supported": 1031, "other_or_general": 171}, "elapsed_seconds": 1095.1787321567535}
{"event": "task_complete", "fold": 1, "completed": 1203, "total": 1345, "format_errors": 0, "decisions": {"supported": 1032, "other_or_general": 171}, "elapsed_seconds": 1096.163366317749}
{"event": "task_complete", "fold": 1, "completed": 1204, "total": 1345, "format_errors": 0, "decisions": {"supported": 1033, "other_or_general": 171}, "elapsed_seconds": 1097.0147774219513}
{"event": "task_complete", "fold": 1, "completed": 1205, "total": 1345, "format_errors": 0, "decisions": {"supported": 1034, "other_or_general": 171}, "elapsed_seconds": 1097.8745019435883}
{"event": "task_complete", "fold": 1, "completed": 1206, "total": 1345, "format_errors": 0, "decisions": {"supported": 1035, "other_or_general": 171}, "elapsed_seconds": 1098.777075767517}
{"event": "task_complete", "fold": 1, "completed": 1207, "total": 1345, "format_errors": 0, "decisions": {"supported": 1036, "other_or_general": 171}, "elapsed_seconds": 1099.67600440979}
{"event": "task_complete", "fold": 1, "completed": 1208, "total": 1345, "format_errors": 0, "decisions": {"supported": 1037, "other_or_general": 171}, "elapsed_seconds": 1100.5369699001312}
{"event": "task_complete", "fold": 1, "completed": 1209, "total": 1345, "format_errors": 0, "decisions": {"supported": 1038, "other_or_general": 171}, "elapsed_seconds": 1101.445167541504}
{"event": "task_complete", "fold": 1, "completed": 1210, "total": 1345, "format_errors": 0, "decisions": {"supported": 1039, "other_or_general": 171}, "elapsed_seconds": 1102.4323990345001}
{"event": "task_complete", "fold": 1, "completed": 1211, "total": 1345, "format_errors": 0, "decisions": {"supported": 1040, "other_or_general": 171}, "elapsed_seconds": 1103.2918298244476}
{"event": "task_complete", "fold": 1, "completed": 1212, "total": 1345, "format_errors": 0, "decisions": {"supported": 1041, "other_or_general": 171}, "elapsed_seconds": 1104.3289988040924}
{"event": "task_complete", "fold": 1, "completed": 1213, "total": 1345, "format_errors": 0, "decisions": {"supported": 1041, "other_or_general": 172}, "elapsed_seconds": 1105.312824010849}
{"event": "task_complete", "fold": 1, "completed": 1214, "total": 1345, "format_errors": 0, "decisions": {"supported": 1042, "other_or_general": 172}, "elapsed_seconds": 1106.2193369865417}
{"event": "task_complete", "fold": 1, "completed": 1215, "total": 1345, "format_errors": 0, "decisions": {"supported": 1043, "other_or_general": 172}, "elapsed_seconds": 1107.2570672035217}
{"event": "task_complete", "fold": 1, "completed": 1216, "total": 1345, "format_errors": 0, "decisions": {"supported": 1044, "other_or_general": 172}, "elapsed_seconds": 1108.1148467063904}
{"event": "task_complete", "fold": 1, "completed": 1217, "total": 1345, "format_errors": 0, "decisions": {"supported": 1045, "other_or_general": 172}, "elapsed_seconds": 1109.0188872814178}
{"event": "task_complete", "fold": 1, "completed": 1218, "total": 1345, "format_errors": 0, "decisions": {"supported": 1046, "other_or_general": 172}, "elapsed_seconds": 1109.8809192180634}
{"event": "task_complete", "fold": 1, "completed": 1219, "total": 1345, "format_errors": 0, "decisions": {"supported": 1047, "other_or_general": 172}, "elapsed_seconds": 1110.7211911678314}
{"event": "task_complete", "fold": 1, "completed": 1220, "total": 1345, "format_errors": 0, "decisions": {"supported": 1048, "other_or_general": 172}, "elapsed_seconds": 1111.5655953884125}
{"event": "task_complete", "fold": 1, "completed": 1221, "total": 1345, "format_errors": 0, "decisions": {"supported": 1049, "other_or_general": 172}, "elapsed_seconds": 1112.3994636535645}
{"event": "task_complete", "fold": 1, "completed": 1222, "total": 1345, "format_errors": 0, "decisions": {"supported": 1050, "other_or_general": 172}, "elapsed_seconds": 1113.2454209327698}
{"event": "task_complete", "fold": 1, "completed": 1223, "total": 1345, "format_errors": 0, "decisions": {"supported": 1051, "other_or_general": 172}, "elapsed_seconds": 1114.1079318523407}
{"event": "task_complete", "fold": 1, "completed": 1224, "total": 1345, "format_errors": 0, "decisions": {"supported": 1052, "other_or_general": 172}, "elapsed_seconds": 1114.9694273471832}
{"event": "task_complete", "fold": 1, "completed": 1225, "total": 1345, "format_errors": 0, "decisions": {"supported": 1053, "other_or_general": 172}, "elapsed_seconds": 1115.8288826942444}
{"event": "task_complete", "fold": 1, "completed": 1226, "total": 1345, "format_errors": 0, "decisions": {"supported": 1054, "other_or_general": 172}, "elapsed_seconds": 1116.6783843040466}
{"event": "task_complete", "fold": 1, "completed": 1227, "total": 1345, "format_errors": 0, "decisions": {"supported": 1055, "other_or_general": 172}, "elapsed_seconds": 1117.5755882263184}
{"event": "task_complete", "fold": 1, "completed": 1228, "total": 1345, "format_errors": 0, "decisions": {"supported": 1056, "other_or_general": 172}, "elapsed_seconds": 1118.4761364459991}
{"event": "task_complete", "fold": 1, "completed": 1229, "total": 1345, "format_errors": 0, "decisions": {"supported": 1057, "other_or_general": 172}, "elapsed_seconds": 1119.3834881782532}
{"event": "task_complete", "fold": 1, "completed": 1230, "total": 1345, "format_errors": 0, "decisions": {"supported": 1058, "other_or_general": 172}, "elapsed_seconds": 1120.2876648902893}
{"event": "task_complete", "fold": 1, "completed": 1231, "total": 1345, "format_errors": 0, "decisions": {"supported": 1059, "other_or_general": 172}, "elapsed_seconds": 1121.142371892929}
{"event": "task_complete", "fold": 1, "completed": 1232, "total": 1345, "format_errors": 0, "decisions": {"supported": 1060, "other_or_general": 172}, "elapsed_seconds": 1122.0435528755188}
{"event": "task_complete", "fold": 1, "completed": 1233, "total": 1345, "format_errors": 0, "decisions": {"supported": 1061, "other_or_general": 172}, "elapsed_seconds": 1122.8970875740051}
{"event": "task_complete", "fold": 1, "completed": 1234, "total": 1345, "format_errors": 0, "decisions": {"supported": 1062, "other_or_general": 172}, "elapsed_seconds": 1123.79949426651}
{"event": "task_complete", "fold": 1, "completed": 1235, "total": 1345, "format_errors": 0, "decisions": {"supported": 1063, "other_or_general": 172}, "elapsed_seconds": 1124.7031400203705}
{"event": "task_complete", "fold": 1, "completed": 1236, "total": 1345, "format_errors": 0, "decisions": {"supported": 1063, "other_or_general": 173}, "elapsed_seconds": 1125.8166229724884}
{"event": "task_complete", "fold": 1, "completed": 1237, "total": 1345, "format_errors": 0, "decisions": {"supported": 1064, "other_or_general": 173}, "elapsed_seconds": 1126.6754240989685}
{"event": "task_complete", "fold": 1, "completed": 1238, "total": 1345, "format_errors": 0, "decisions": {"supported": 1065, "other_or_general": 173}, "elapsed_seconds": 1127.5333771705627}
{"event": "task_complete", "fold": 1, "completed": 1239, "total": 1345, "format_errors": 0, "decisions": {"supported": 1066, "other_or_general": 173}, "elapsed_seconds": 1128.393250465393}
{"event": "task_complete", "fold": 1, "completed": 1240, "total": 1345, "format_errors": 0, "decisions": {"supported": 1067, "other_or_general": 173}, "elapsed_seconds": 1129.2494115829468}
{"event": "task_complete", "fold": 1, "completed": 1241, "total": 1345, "format_errors": 0, "decisions": {"supported": 1068, "other_or_general": 173}, "elapsed_seconds": 1130.0952224731445}
{"event": "task_complete", "fold": 1, "completed": 1242, "total": 1345, "format_errors": 0, "decisions": {"supported": 1069, "other_or_general": 173}, "elapsed_seconds": 1130.9417781829834}
{"event": "task_complete", "fold": 1, "completed": 1243, "total": 1345, "format_errors": 0, "decisions": {"supported": 1070, "other_or_general": 173}, "elapsed_seconds": 1131.7830402851105}
{"event": "task_complete", "fold": 1, "completed": 1244, "total": 1345, "format_errors": 0, "decisions": {"supported": 1071, "other_or_general": 173}, "elapsed_seconds": 1132.6253583431244}
{"event": "task_complete", "fold": 1, "completed": 1245, "total": 1345, "format_errors": 0, "decisions": {"supported": 1072, "other_or_general": 173}, "elapsed_seconds": 1133.47789645195}
{"event": "task_complete", "fold": 1, "completed": 1246, "total": 1345, "format_errors": 0, "decisions": {"supported": 1073, "other_or_general": 173}, "elapsed_seconds": 1134.325606584549}
{"event": "task_complete", "fold": 1, "completed": 1247, "total": 1345, "format_errors": 0, "decisions": {"supported": 1074, "other_or_general": 173}, "elapsed_seconds": 1135.1658537387848}
{"event": "task_complete", "fold": 1, "completed": 1248, "total": 1345, "format_errors": 0, "decisions": {"supported": 1075, "other_or_general": 173}, "elapsed_seconds": 1136.191059589386}
{"event": "task_complete", "fold": 1, "completed": 1249, "total": 1345, "format_errors": 0, "decisions": {"supported": 1076, "other_or_general": 173}, "elapsed_seconds": 1137.0380353927612}
{"event": "task_complete", "fold": 1, "completed": 1250, "total": 1345, "format_errors": 0, "decisions": {"supported": 1077, "other_or_general": 173}, "elapsed_seconds": 1137.9328999519348}
{"event": "task_complete", "fold": 1, "completed": 1251, "total": 1345, "format_errors": 0, "decisions": {"supported": 1078, "other_or_general": 173}, "elapsed_seconds": 1138.7814235687256}
{"event": "task_complete", "fold": 1, "completed": 1252, "total": 1345, "format_errors": 0, "decisions": {"supported": 1079, "other_or_general": 173}, "elapsed_seconds": 1139.625831604004}
{"event": "task_complete", "fold": 1, "completed": 1253, "total": 1345, "format_errors": 0, "decisions": {"supported": 1080, "other_or_general": 173}, "elapsed_seconds": 1140.5055768489838}
{"event": "task_complete", "fold": 1, "completed": 1254, "total": 1345, "format_errors": 0, "decisions": {"supported": 1081, "other_or_general": 173}, "elapsed_seconds": 1141.536805152893}
{"event": "task_complete", "fold": 1, "completed": 1255, "total": 1345, "format_errors": 0, "decisions": {"supported": 1082, "other_or_general": 173}, "elapsed_seconds": 1142.4350547790527}
{"event": "task_complete", "fold": 1, "completed": 1256, "total": 1345, "format_errors": 0, "decisions": {"supported": 1082, "other_or_general": 174}, "elapsed_seconds": 1143.421308517456}
{"event": "task_complete", "fold": 1, "completed": 1257, "total": 1345, "format_errors": 0, "decisions": {"supported": 1083, "other_or_general": 174}, "elapsed_seconds": 1144.2744808197021}
{"event": "task_complete", "fold": 1, "completed": 1258, "total": 1345, "format_errors": 0, "decisions": {"supported": 1083, "other_or_general": 175}, "elapsed_seconds": 1145.3020148277283}
{"event": "task_complete", "fold": 1, "completed": 1259, "total": 1345, "format_errors": 0, "decisions": {"supported": 1084, "other_or_general": 175}, "elapsed_seconds": 1146.3451914787292}
{"event": "task_complete", "fold": 1, "completed": 1260, "total": 1345, "format_errors": 0, "decisions": {"supported": 1084, "other_or_general": 176}, "elapsed_seconds": 1147.3197345733643}
{"event": "task_complete", "fold": 1, "completed": 1261, "total": 1345, "format_errors": 0, "decisions": {"supported": 1084, "other_or_general": 177}, "elapsed_seconds": 1148.2923526763916}
{"event": "task_complete", "fold": 1, "completed": 1262, "total": 1345, "format_errors": 0, "decisions": {"supported": 1085, "other_or_general": 177}, "elapsed_seconds": 1149.144097328186}
{"event": "task_complete", "fold": 1, "completed": 1263, "total": 1345, "format_errors": 0, "decisions": {"supported": 1085, "other_or_general": 178}, "elapsed_seconds": 1150.122897863388}
{"event": "task_complete", "fold": 1, "completed": 1264, "total": 1345, "format_errors": 0, "decisions": {"supported": 1086, "other_or_general": 178}, "elapsed_seconds": 1150.9771602153778}
{"event": "task_complete", "fold": 1, "completed": 1265, "total": 1345, "format_errors": 0, "decisions": {"supported": 1087, "other_or_general": 178}, "elapsed_seconds": 1151.837634086609}
{"event": "task_complete", "fold": 1, "completed": 1266, "total": 1345, "format_errors": 0, "decisions": {"supported": 1088, "other_or_general": 178}, "elapsed_seconds": 1152.6900746822357}
{"event": "task_complete", "fold": 1, "completed": 1267, "total": 1345, "format_errors": 0, "decisions": {"supported": 1088, "other_or_general": 179}, "elapsed_seconds": 1153.6607761383057}
{"event": "task_complete", "fold": 1, "completed": 1268, "total": 1345, "format_errors": 0, "decisions": {"supported": 1089, "other_or_general": 179}, "elapsed_seconds": 1154.7188086509705}
{"event": "task_complete", "fold": 1, "completed": 1269, "total": 1345, "format_errors": 0, "decisions": {"supported": 1090, "other_or_general": 179}, "elapsed_seconds": 1155.575534582138}
{"event": "task_complete", "fold": 1, "completed": 1270, "total": 1345, "format_errors": 0, "decisions": {"supported": 1091, "other_or_general": 179}, "elapsed_seconds": 1156.4402077198029}
{"event": "task_complete", "fold": 1, "completed": 1271, "total": 1345, "format_errors": 0, "decisions": {"supported": 1092, "other_or_general": 179}, "elapsed_seconds": 1157.2994945049286}
{"event": "task_complete", "fold": 1, "completed": 1272, "total": 1345, "format_errors": 0, "decisions": {"supported": 1093, "other_or_general": 179}, "elapsed_seconds": 1158.159016609192}
{"event": "task_complete", "fold": 1, "completed": 1273, "total": 1345, "format_errors": 0, "decisions": {"supported": 1094, "other_or_general": 179}, "elapsed_seconds": 1159.0084609985352}
{"event": "task_complete", "fold": 1, "completed": 1274, "total": 1345, "format_errors": 0, "decisions": {"supported": 1094, "other_or_general": 180}, "elapsed_seconds": 1159.996597290039}
{"event": "task_complete", "fold": 1, "completed": 1275, "total": 1345, "format_errors": 0, "decisions": {"supported": 1095, "other_or_general": 180}, "elapsed_seconds": 1160.8503873348236}
{"event": "task_complete", "fold": 1, "completed": 1276, "total": 1345, "format_errors": 0, "decisions": {"supported": 1096, "other_or_general": 180}, "elapsed_seconds": 1161.699868440628}
{"event": "task_complete", "fold": 1, "completed": 1277, "total": 1345, "format_errors": 0, "decisions": {"supported": 1097, "other_or_general": 180}, "elapsed_seconds": 1162.536775112152}
{"event": "task_complete", "fold": 1, "completed": 1278, "total": 1345, "format_errors": 0, "decisions": {"supported": 1098, "other_or_general": 180}, "elapsed_seconds": 1163.3876581192017}
{"event": "task_complete", "fold": 1, "completed": 1279, "total": 1345, "format_errors": 0, "decisions": {"supported": 1099, "other_or_general": 180}, "elapsed_seconds": 1164.236662864685}
{"event": "task_complete", "fold": 1, "completed": 1280, "total": 1345, "format_errors": 0, "decisions": {"supported": 1100, "other_or_general": 180}, "elapsed_seconds": 1165.0916006565094}
{"event": "task_complete", "fold": 1, "completed": 1281, "total": 1345, "format_errors": 0, "decisions": {"supported": 1101, "other_or_general": 180}, "elapsed_seconds": 1165.949379682541}
{"event": "task_complete", "fold": 1, "completed": 1282, "total": 1345, "format_errors": 0, "decisions": {"supported": 1102, "other_or_general": 180}, "elapsed_seconds": 1166.8074436187744}
{"event": "task_complete", "fold": 1, "completed": 1283, "total": 1345, "format_errors": 0, "decisions": {"supported": 1103, "other_or_general": 180}, "elapsed_seconds": 1167.67089509964}
{"event": "task_complete", "fold": 1, "completed": 1284, "total": 1345, "format_errors": 0, "decisions": {"supported": 1104, "other_or_general": 180}, "elapsed_seconds": 1168.5213911533356}
{"event": "task_complete", "fold": 1, "completed": 1285, "total": 1345, "format_errors": 0, "decisions": {"supported": 1105, "other_or_general": 180}, "elapsed_seconds": 1169.3649480342865}
{"event": "task_complete", "fold": 1, "completed": 1286, "total": 1345, "format_errors": 0, "decisions": {"supported": 1106, "other_or_general": 180}, "elapsed_seconds": 1170.2115676403046}
{"event": "task_complete", "fold": 1, "completed": 1287, "total": 1345, "format_errors": 0, "decisions": {"supported": 1106, "other_or_general": 181}, "elapsed_seconds": 1171.1916544437408}
{"event": "task_complete", "fold": 1, "completed": 1288, "total": 1345, "format_errors": 0, "decisions": {"supported": 1107, "other_or_general": 181}, "elapsed_seconds": 1172.0297591686249}
{"event": "task_complete", "fold": 1, "completed": 1289, "total": 1345, "format_errors": 0, "decisions": {"supported": 1108, "other_or_general": 181}, "elapsed_seconds": 1172.8819782733917}
{"event": "task_complete", "fold": 1, "completed": 1290, "total": 1345, "format_errors": 0, "decisions": {"supported": 1109, "other_or_general": 181}, "elapsed_seconds": 1173.7240045070648}
{"event": "task_complete", "fold": 1, "completed": 1291, "total": 1345, "format_errors": 0, "decisions": {"supported": 1110, "other_or_general": 181}, "elapsed_seconds": 1174.5767891407013}
{"event": "task_complete", "fold": 1, "completed": 1292, "total": 1345, "format_errors": 0, "decisions": {"supported": 1111, "other_or_general": 181}, "elapsed_seconds": 1175.6151268482208}
{"event": "task_complete", "fold": 1, "completed": 1293, "total": 1345, "format_errors": 0, "decisions": {"supported": 1112, "other_or_general": 181}, "elapsed_seconds": 1176.4606251716614}
{"event": "task_complete", "fold": 1, "completed": 1294, "total": 1345, "format_errors": 0, "decisions": {"supported": 1113, "other_or_general": 181}, "elapsed_seconds": 1177.3079867362976}
{"event": "task_complete", "fold": 1, "completed": 1295, "total": 1345, "format_errors": 0, "decisions": {"supported": 1113, "other_or_general": 182}, "elapsed_seconds": 1178.2896800041199}
{"event": "task_complete", "fold": 1, "completed": 1296, "total": 1345, "format_errors": 0, "decisions": {"supported": 1114, "other_or_general": 182}, "elapsed_seconds": 1179.1326475143433}
{"event": "task_complete", "fold": 1, "completed": 1297, "total": 1345, "format_errors": 0, "decisions": {"supported": 1114, "other_or_general": 183}, "elapsed_seconds": 1180.1049220561981}
{"event": "task_complete", "fold": 1, "completed": 1298, "total": 1345, "format_errors": 0, "decisions": {"supported": 1115, "other_or_general": 183}, "elapsed_seconds": 1180.9574658870697}
{"event": "task_complete", "fold": 1, "completed": 1299, "total": 1345, "format_errors": 0, "decisions": {"supported": 1116, "other_or_general": 183}, "elapsed_seconds": 1181.7990064620972}
{"event": "task_complete", "fold": 1, "completed": 1300, "total": 1345, "format_errors": 0, "decisions": {"supported": 1117, "other_or_general": 183}, "elapsed_seconds": 1182.6415593624115}
{"event": "task_complete", "fold": 1, "completed": 1301, "total": 1345, "format_errors": 0, "decisions": {"supported": 1118, "other_or_general": 183}, "elapsed_seconds": 1183.490017414093}
{"event": "task_complete", "fold": 1, "completed": 1302, "total": 1345, "format_errors": 0, "decisions": {"supported": 1119, "other_or_general": 183}, "elapsed_seconds": 1184.3402638435364}
{"event": "task_complete", "fold": 1, "completed": 1303, "total": 1345, "format_errors": 0, "decisions": {"supported": 1120, "other_or_general": 183}, "elapsed_seconds": 1185.1828112602234}
{"event": "task_complete", "fold": 1, "completed": 1304, "total": 1345, "format_errors": 0, "decisions": {"supported": 1120, "other_or_general": 184}, "elapsed_seconds": 1186.2878277301788}
{"event": "task_complete", "fold": 1, "completed": 1305, "total": 1345, "format_errors": 0, "decisions": {"supported": 1121, "other_or_general": 184}, "elapsed_seconds": 1187.1364407539368}
{"event": "task_complete", "fold": 1, "completed": 1306, "total": 1345, "format_errors": 0, "decisions": {"supported": 1121, "other_or_general": 185}, "elapsed_seconds": 1188.1570641994476}
{"event": "task_complete", "fold": 1, "completed": 1307, "total": 1345, "format_errors": 0, "decisions": {"supported": 1122, "other_or_general": 185}, "elapsed_seconds": 1189.00919175148}
{"event": "task_complete", "fold": 1, "completed": 1308, "total": 1345, "format_errors": 0, "decisions": {"supported": 1123, "other_or_general": 185}, "elapsed_seconds": 1189.8723137378693}
{"event": "task_complete", "fold": 1, "completed": 1309, "total": 1345, "format_errors": 0, "decisions": {"supported": 1124, "other_or_general": 185}, "elapsed_seconds": 1190.722920179367}
{"event": "task_complete", "fold": 1, "completed": 1310, "total": 1345, "format_errors": 0, "decisions": {"supported": 1125, "other_or_general": 185}, "elapsed_seconds": 1191.5685510635376}
{"event": "task_complete", "fold": 1, "completed": 1311, "total": 1345, "format_errors": 0, "decisions": {"supported": 1126, "other_or_general": 185}, "elapsed_seconds": 1192.4037907123566}
{"event": "task_complete", "fold": 1, "completed": 1312, "total": 1345, "format_errors": 0, "decisions": {"supported": 1127, "other_or_general": 185}, "elapsed_seconds": 1193.2449946403503}
{"event": "task_complete", "fold": 1, "completed": 1313, "total": 1345, "format_errors": 0, "decisions": {"supported": 1128, "other_or_general": 185}, "elapsed_seconds": 1194.085459470749}
{"event": "task_complete", "fold": 1, "completed": 1314, "total": 1345, "format_errors": 0, "decisions": {"supported": 1129, "other_or_general": 185}, "elapsed_seconds": 1194.9342422485352}
{"event": "task_complete", "fold": 1, "completed": 1315, "total": 1345, "format_errors": 0, "decisions": {"supported": 1130, "other_or_general": 185}, "elapsed_seconds": 1195.7764756679535}
{"event": "task_complete", "fold": 1, "completed": 1316, "total": 1345, "format_errors": 0, "decisions": {"supported": 1131, "other_or_general": 185}, "elapsed_seconds": 1196.6130123138428}
{"event": "task_complete", "fold": 1, "completed": 1317, "total": 1345, "format_errors": 0, "decisions": {"supported": 1131, "other_or_general": 186}, "elapsed_seconds": 1197.75994181633}
{"event": "task_complete", "fold": 1, "completed": 1318, "total": 1345, "format_errors": 0, "decisions": {"supported": 1132, "other_or_general": 186}, "elapsed_seconds": 1198.6200618743896}
{"event": "task_complete", "fold": 1, "completed": 1319, "total": 1345, "format_errors": 0, "decisions": {"supported": 1133, "other_or_general": 186}, "elapsed_seconds": 1199.4732806682587}
{"event": "task_complete", "fold": 1, "completed": 1320, "total": 1345, "format_errors": 0, "decisions": {"supported": 1134, "other_or_general": 186}, "elapsed_seconds": 1200.3360233306885}
{"event": "task_complete", "fold": 1, "completed": 1321, "total": 1345, "format_errors": 0, "decisions": {"supported": 1134, "other_or_general": 187}, "elapsed_seconds": 1201.3780760765076}
{"event": "task_complete", "fold": 1, "completed": 1322, "total": 1345, "format_errors": 0, "decisions": {"supported": 1135, "other_or_general": 187}, "elapsed_seconds": 1202.2289221286774}
{"event": "task_complete", "fold": 1, "completed": 1323, "total": 1345, "format_errors": 0, "decisions": {"supported": 1136, "other_or_general": 187}, "elapsed_seconds": 1203.0813157558441}
{"event": "task_complete", "fold": 1, "completed": 1324, "total": 1345, "format_errors": 0, "decisions": {"supported": 1137, "other_or_general": 187}, "elapsed_seconds": 1203.936045885086}
{"event": "task_complete", "fold": 1, "completed": 1325, "total": 1345, "format_errors": 0, "decisions": {"supported": 1138, "other_or_general": 187}, "elapsed_seconds": 1204.7774283885956}
{"event": "task_complete", "fold": 1, "completed": 1326, "total": 1345, "format_errors": 0, "decisions": {"supported": 1138, "other_or_general": 188}, "elapsed_seconds": 1205.748812675476}
{"event": "task_complete", "fold": 1, "completed": 1327, "total": 1345, "format_errors": 0, "decisions": {"supported": 1139, "other_or_general": 188}, "elapsed_seconds": 1206.8155491352081}
{"event": "task_complete", "fold": 1, "completed": 1328, "total": 1345, "format_errors": 0, "decisions": {"supported": 1139, "other_or_general": 189}, "elapsed_seconds": 1208.0159058570862}
{"event": "task_complete", "fold": 1, "completed": 1329, "total": 1345, "format_errors": 0, "decisions": {"supported": 1140, "other_or_general": 189}, "elapsed_seconds": 1208.8835632801056}
{"event": "task_complete", "fold": 1, "completed": 1330, "total": 1345, "format_errors": 0, "decisions": {"supported": 1141, "other_or_general": 189}, "elapsed_seconds": 1209.751058101654}
{"event": "task_complete", "fold": 1, "completed": 1331, "total": 1345, "format_errors": 0, "decisions": {"supported": 1142, "other_or_general": 189}, "elapsed_seconds": 1210.6636068820953}
{"event": "task_complete", "fold": 1, "completed": 1332, "total": 1345, "format_errors": 0, "decisions": {"supported": 1142, "other_or_general": 190}, "elapsed_seconds": 1211.7400887012482}
{"event": "task_complete", "fold": 1, "completed": 1333, "total": 1345, "format_errors": 0, "decisions": {"supported": 1143, "other_or_general": 190}, "elapsed_seconds": 1212.5933430194855}
{"event": "task_complete", "fold": 1, "completed": 1334, "total": 1345, "format_errors": 0, "decisions": {"supported": 1144, "other_or_general": 190}, "elapsed_seconds": 1213.453489780426}
{"event": "task_complete", "fold": 1, "completed": 1335, "total": 1345, "format_errors": 0, "decisions": {"supported": 1145, "other_or_general": 190}, "elapsed_seconds": 1214.3248937129974}
{"event": "task_complete", "fold": 1, "completed": 1336, "total": 1345, "format_errors": 0, "decisions": {"supported": 1146, "other_or_general": 190}, "elapsed_seconds": 1215.166898727417}
{"event": "task_complete", "fold": 1, "completed": 1337, "total": 1345, "format_errors": 0, "decisions": {"supported": 1147, "other_or_general": 190}, "elapsed_seconds": 1216.0200250148773}
{"event": "task_complete", "fold": 1, "completed": 1338, "total": 1345, "format_errors": 0, "decisions": {"supported": 1148, "other_or_general": 190}, "elapsed_seconds": 1216.8684294223785}
{"event": "task_complete", "fold": 1, "completed": 1339, "total": 1345, "format_errors": 0, "decisions": {"supported": 1149, "other_or_general": 190}, "elapsed_seconds": 1217.7219407558441}
{"event": "task_complete", "fold": 1, "completed": 1340, "total": 1345, "format_errors": 0, "decisions": {"supported": 1150, "other_or_general": 190}, "elapsed_seconds": 1218.5814454555511}
{"event": "task_complete", "fold": 1, "completed": 1341, "total": 1345, "format_errors": 0, "decisions": {"supported": 1150, "other_or_general": 191}, "elapsed_seconds": 1219.622287273407}
{"event": "task_complete", "fold": 1, "completed": 1342, "total": 1345, "format_errors": 0, "decisions": {"supported": 1151, "other_or_general": 191}, "elapsed_seconds": 1220.4803383350372}
{"event": "task_complete", "fold": 1, "completed": 1343, "total": 1345, "format_errors": 0, "decisions": {"supported": 1152, "other_or_general": 191}, "elapsed_seconds": 1221.3281033039093}
{"event": "task_complete", "fold": 1, "completed": 1344, "total": 1345, "format_errors": 0, "decisions": {"supported": 1153, "other_or_general": 191}, "elapsed_seconds": 1222.1763672828674}
{"event": "task_complete", "fold": 1, "completed": 1345, "total": 1345, "format_errors": 0, "decisions": {"supported": 1154, "other_or_general": 191}, "elapsed_seconds": 1223.0229275226593}
{"event": "completed", "fold": 1, "partition_role": "blind_b_shard", "validation_document_ids": ["10144254", "10331715", "11219444", "11255198", "11623322", "11908418", "11980148", "12006727", "12105292", "12124243", "12171241", "12186393", "12322239", "12385928", "12652286", "12674976", "12674977", "12692996", "12699863", "12732778", "12765696", "12822607", "12831391", "12898156", "12898639", "3652099", "4538198", "4769499", "4773268", "4867568", "4881620", "4975905", "5090660", "5107629", "5339678", "5389142", "5443993", "5511509", "5839060", "6074827", "6131905", "6339326", "6390614", "6549484", "6801452", "8151499", "8336383", "8580100", "8633184", "9806447"], "upstream_training_document_ids": ["10313222", "10553122", "10789033", "11196099", "11203018", "11221135", "11235872", "11765409", "11826603", "11871647", "11906559", "11919040", "11986149", "12017973", "12059664", "12078887", "12110755", "12110769", "12118522", "12126309", "12147048", "12250201", "12334843", "12386172", "12405443", "12444410", "12455887", "12628480", "12640707", "12646972", "12652105", "12733031", "12779223", "12798528", "12811285", "12846941", "12891056", "2866573", "2964533", "3563609", "4607013", "4644339", "4678370", "4899602", "5023785", "5368377", "5415817", "5422868", "5425407", "5452357", "5473715", "5537416", "5538066", "5562981", "5574094", "5575846", "5693559", "5763540", "5773845", "5789735", "5793168", "5866036", "5959423", "5970456", "6036836", "6048891", "6049015", "6057141", "6059678", "6063015", "6096008", "6134758", "6151044", "6219255", "6220403", "6332535", "6338757", "6390251", "6491447", "9327653"], "llm_training_document_ids": [], "demonstration_document_ids": [], "answers_removed_before_prompting": true, "baseline_exact_replay": true, "plan_sha256": "ed4577d345d5ec77033dc8b94fca7e942f9de48e86b6ed170b48ac3c7eb4bb0f", "parent_plan_sha256": "e9449586e4f7f11eaf84d5c0ffd39351b90ef862a71c217942e586a84f6c231b", "task_count": 1345, "tasks_sha256": "92512a1989224031c7b9b12a3bfa5e40806598383d926aef4dd5f83be86818a1", "max_input_tokens": 892, "maximum_grammar_tokens": 16, "protocol_module": "patientphex.llm_concept_review", "source_truncation": false, "hard_nonthinking": true, "status": "completed", "decisions_sha256": "1a2c0adfae9388e771d83b35fe35e94a98e39d374a31149a541916d3342e3ccb", "format_success_rate": 1.0, "format_errors": 0, "elapsed_seconds": 1223.0761885643005, "physical_gpu": "0", "peak_allocated_gib": 16.417583465576172, "generated_tokens": 16896, "generation_seconds": 1210.646565914154, "decisions": {"supported": 1154, "other_or_general": 191}}
