{"event": "prompts_prepared", "fold": 0, "partition_role": "blind_b_shard", "validation_document_ids": ["11196984", "11803302", "11869264", "11880773", "11895343", "11964616", "12000180", "12111208", "12216401", "12249766", "12411262", "12646977", "12649092", "12652073", "12652972", "12698336", "12779174", "12801135", "12892861", "3541344", "3775762", "3824280", "4630879", "4784292", "5031822", "5111003", "5167130", "5219735", "5351214", "5359868", "5388735", "5568374", "5618395", "6026433", "6062669", "6099051", "6192414", "6311306", "6389469", "6417543", "6438871", "6687635", "8071555", "8222854", "8304864", "8391275", "8426226", "8447699", "8527611", "8606201"], "upstream_training_document_ids": ["10313222", "10553122", "10789033", "11196099", "11203018", "11221135", "11235872", "11765409", "11826603", "11871647", "11906559", "11919040", "11986149", "12017973", "12059664", "12078887", "12110755", "12110769", "12118522", "12126309", "12147048", "12250201", "12334843", "12386172", "12405443", "12444410", "12455887", "12628480", "12640707", "12646972", "12652105", "12733031", "12779223", "12798528", "12811285", "12846941", "12891056", "2866573", "2964533", "3563609", "4607013", "4644339", "4678370", "4899602", "5023785", "5368377", "5415817", "5422868", "5425407", "5452357", "5473715", "5537416", "5538066", "5562981", "5574094", "5575846", "5693559", "5763540", "5773845", "5789735", "5793168", "5866036", "5959423", "5970456", "6036836", "6048891", "6049015", "6057141", "6059678", "6063015", "6096008", "6134758", "6151044", "6219255", "6220403", "6332535", "6338757", "6390251", "6491447", "9327653"], "llm_training_document_ids": [], "demonstration_document_ids": [], "answers_removed_before_prompting": true, "baseline_exact_replay": true, "plan_sha256": "ed4577d345d5ec77033dc8b94fca7e942f9de48e86b6ed170b48ac3c7eb4bb0f", "parent_plan_sha256": "e9449586e4f7f11eaf84d5c0ffd39351b90ef862a71c217942e586a84f6c231b", "task_count": 1344, "tasks_sha256": "ae005e9878c18f256f8bdbac0fb375bff7fd2773c487cfac656fea0158a6d3f5", "max_input_tokens": 996, "maximum_grammar_tokens": 16, "protocol_module": "patientphex.llm_concept_review", "source_truncation": false, "hard_nonthinking": true}
Loading checkpoint shards:   0%|          | 0/5 [00:00<?, ?it/s]Loading checkpoint shards:  20%|██        | 1/5 [00:01<00:07,  1.80s/it]Loading checkpoint shards:  40%|████      | 2/5 [00:03<00:04,  1.58s/it]Loading checkpoint shards:  60%|██████    | 3/5 [00:04<00:03,  1.50s/it]Loading checkpoint shards:  80%|████████  | 4/5 [00:05<00:01,  1.35s/it]Loading checkpoint shards: 100%|██████████| 5/5 [00:06<00:00,  1.02s/it]Loading checkpoint shards: 100%|██████████| 5/5 [00:06<00:00,  1.24s/it]
{"event": "task_complete", "fold": 0, "completed": 1, "total": 1344, "format_errors": 0, "decisions": {"supported": 1}, "elapsed_seconds": 11.683609962463379}
{"event": "task_complete", "fold": 0, "completed": 2, "total": 1344, "format_errors": 0, "decisions": {"supported": 2}, "elapsed_seconds": 12.737557411193848}
{"event": "task_complete", "fold": 0, "completed": 3, "total": 1344, "format_errors": 0, "decisions": {"supported": 3}, "elapsed_seconds": 13.618788480758667}
{"event": "task_complete", "fold": 0, "completed": 4, "total": 1344, "format_errors": 0, "decisions": {"supported": 4}, "elapsed_seconds": 14.49802279472351}
{"event": "task_complete", "fold": 0, "completed": 5, "total": 1344, "format_errors": 0, "decisions": {"supported": 5}, "elapsed_seconds": 15.379090547561646}
{"event": "task_complete", "fold": 0, "completed": 6, "total": 1344, "format_errors": 0, "decisions": {"supported": 6}, "elapsed_seconds": 16.438334465026855}
{"event": "task_complete", "fold": 0, "completed": 7, "total": 1344, "format_errors": 0, "decisions": {"supported": 7}, "elapsed_seconds": 17.500651836395264}
{"event": "task_complete", "fold": 0, "completed": 8, "total": 1344, "format_errors": 0, "decisions": {"supported": 8}, "elapsed_seconds": 18.385737895965576}
{"event": "task_complete", "fold": 0, "completed": 9, "total": 1344, "format_errors": 0, "decisions": {"supported": 9}, "elapsed_seconds": 19.45680832862854}
{"event": "task_complete", "fold": 0, "completed": 10, "total": 1344, "format_errors": 0, "decisions": {"supported": 10}, "elapsed_seconds": 20.521079540252686}
{"event": "task_complete", "fold": 0, "completed": 11, "total": 1344, "format_errors": 0, "decisions": {"supported": 11}, "elapsed_seconds": 21.40692639350891}
{"event": "task_complete", "fold": 0, "completed": 12, "total": 1344, "format_errors": 0, "decisions": {"supported": 12}, "elapsed_seconds": 22.28786540031433}
{"event": "task_complete", "fold": 0, "completed": 13, "total": 1344, "format_errors": 0, "decisions": {"supported": 13}, "elapsed_seconds": 23.168699502944946}
{"event": "task_complete", "fold": 0, "completed": 14, "total": 1344, "format_errors": 0, "decisions": {"supported": 14}, "elapsed_seconds": 24.053364515304565}
{"event": "task_complete", "fold": 0, "completed": 15, "total": 1344, "format_errors": 0, "decisions": {"supported": 15}, "elapsed_seconds": 24.927191019058228}
{"event": "task_complete", "fold": 0, "completed": 16, "total": 1344, "format_errors": 0, "decisions": {"supported": 16}, "elapsed_seconds": 25.811424255371094}
{"event": "task_complete", "fold": 0, "completed": 17, "total": 1344, "format_errors": 0, "decisions": {"supported": 17}, "elapsed_seconds": 26.69679045677185}
{"event": "task_complete", "fold": 0, "completed": 18, "total": 1344, "format_errors": 0, "decisions": {"supported": 18}, "elapsed_seconds": 27.76303219795227}
{"event": "task_complete", "fold": 0, "completed": 19, "total": 1344, "format_errors": 0, "decisions": {"supported": 19}, "elapsed_seconds": 28.637267351150513}
{"event": "task_complete", "fold": 0, "completed": 20, "total": 1344, "format_errors": 0, "decisions": {"supported": 20}, "elapsed_seconds": 29.659003496170044}
{"event": "task_complete", "fold": 0, "completed": 21, "total": 1344, "format_errors": 0, "decisions": {"supported": 21}, "elapsed_seconds": 30.67300009727478}
{"event": "task_complete", "fold": 0, "completed": 22, "total": 1344, "format_errors": 0, "decisions": {"supported": 21, "other_or_general": 1}, "elapsed_seconds": 31.67638611793518}
{"event": "task_complete", "fold": 0, "completed": 23, "total": 1344, "format_errors": 0, "decisions": {"supported": 22, "other_or_general": 1}, "elapsed_seconds": 32.54427933692932}
{"event": "task_complete", "fold": 0, "completed": 24, "total": 1344, "format_errors": 0, "decisions": {"supported": 23, "other_or_general": 1}, "elapsed_seconds": 33.41632843017578}
{"event": "task_complete", "fold": 0, "completed": 25, "total": 1344, "format_errors": 0, "decisions": {"supported": 24, "other_or_general": 1}, "elapsed_seconds": 34.28411650657654}
{"event": "task_complete", "fold": 0, "completed": 26, "total": 1344, "format_errors": 0, "decisions": {"supported": 25, "other_or_general": 1}, "elapsed_seconds": 35.1537344455719}
{"event": "task_complete", "fold": 0, "completed": 27, "total": 1344, "format_errors": 0, "decisions": {"supported": 26, "other_or_general": 1}, "elapsed_seconds": 36.0310800075531}
{"event": "task_complete", "fold": 0, "completed": 28, "total": 1344, "format_errors": 0, "decisions": {"supported": 27, "other_or_general": 1}, "elapsed_seconds": 36.90448188781738}
{"event": "task_complete", "fold": 0, "completed": 29, "total": 1344, "format_errors": 0, "decisions": {"supported": 28, "other_or_general": 1}, "elapsed_seconds": 37.789724349975586}
{"event": "task_complete", "fold": 0, "completed": 30, "total": 1344, "format_errors": 0, "decisions": {"supported": 29, "other_or_general": 1}, "elapsed_seconds": 38.65699362754822}
{"event": "task_complete", "fold": 0, "completed": 31, "total": 1344, "format_errors": 0, "decisions": {"supported": 29, "other_or_general": 2}, "elapsed_seconds": 39.65488934516907}
{"event": "task_complete", "fold": 0, "completed": 32, "total": 1344, "format_errors": 0, "decisions": {"supported": 30, "other_or_general": 2}, "elapsed_seconds": 40.53749322891235}
{"event": "task_complete", "fold": 0, "completed": 33, "total": 1344, "format_errors": 0, "decisions": {"supported": 31, "other_or_general": 2}, "elapsed_seconds": 41.612693548202515}
{"event": "task_complete", "fold": 0, "completed": 34, "total": 1344, "format_errors": 0, "decisions": {"supported": 32, "other_or_general": 2}, "elapsed_seconds": 42.493876457214355}
{"event": "task_complete", "fold": 0, "completed": 35, "total": 1344, "format_errors": 0, "decisions": {"supported": 33, "other_or_general": 2}, "elapsed_seconds": 43.37623119354248}
{"event": "task_complete", "fold": 0, "completed": 36, "total": 1344, "format_errors": 0, "decisions": {"supported": 34, "other_or_general": 2}, "elapsed_seconds": 44.25821566581726}
{"event": "task_complete", "fold": 0, "completed": 37, "total": 1344, "format_errors": 0, "decisions": {"supported": 35, "other_or_general": 2}, "elapsed_seconds": 45.138306617736816}
{"event": "task_complete", "fold": 0, "completed": 38, "total": 1344, "format_errors": 0, "decisions": {"supported": 36, "other_or_general": 2}, "elapsed_seconds": 46.01459980010986}
{"event": "task_complete", "fold": 0, "completed": 39, "total": 1344, "format_errors": 0, "decisions": {"supported": 37, "other_or_general": 2}, "elapsed_seconds": 46.88881325721741}
{"event": "task_complete", "fold": 0, "completed": 40, "total": 1344, "format_errors": 0, "decisions": {"supported": 38, "other_or_general": 2}, "elapsed_seconds": 47.76169991493225}
{"event": "task_complete", "fold": 0, "completed": 41, "total": 1344, "format_errors": 0, "decisions": {"supported": 39, "other_or_general": 2}, "elapsed_seconds": 48.62765121459961}
{"event": "task_complete", "fold": 0, "completed": 42, "total": 1344, "format_errors": 0, "decisions": {"supported": 40, "other_or_general": 2}, "elapsed_seconds": 49.49019432067871}
{"event": "task_complete", "fold": 0, "completed": 43, "total": 1344, "format_errors": 0, "decisions": {"supported": 41, "other_or_general": 2}, "elapsed_seconds": 50.42027997970581}
{"event": "task_complete", "fold": 0, "completed": 44, "total": 1344, "format_errors": 0, "decisions": {"supported": 42, "other_or_general": 2}, "elapsed_seconds": 51.478291034698486}
{"event": "task_complete", "fold": 0, "completed": 45, "total": 1344, "format_errors": 0, "decisions": {"supported": 43, "other_or_general": 2}, "elapsed_seconds": 52.466490507125854}
{"event": "task_complete", "fold": 0, "completed": 46, "total": 1344, "format_errors": 0, "decisions": {"supported": 44, "other_or_general": 2}, "elapsed_seconds": 53.58301639556885}
{"event": "task_complete", "fold": 0, "completed": 47, "total": 1344, "format_errors": 0, "decisions": {"supported": 45, "other_or_general": 2}, "elapsed_seconds": 54.54266333580017}
{"event": "task_complete", "fold": 0, "completed": 48, "total": 1344, "format_errors": 0, "decisions": {"supported": 46, "other_or_general": 2}, "elapsed_seconds": 55.58144927024841}
{"event": "task_complete", "fold": 0, "completed": 49, "total": 1344, "format_errors": 0, "decisions": {"supported": 47, "other_or_general": 2}, "elapsed_seconds": 56.45536279678345}
{"event": "task_complete", "fold": 0, "completed": 50, "total": 1344, "format_errors": 0, "decisions": {"supported": 48, "other_or_general": 2}, "elapsed_seconds": 57.331000328063965}
{"event": "task_complete", "fold": 0, "completed": 51, "total": 1344, "format_errors": 0, "decisions": {"supported": 49, "other_or_general": 2}, "elapsed_seconds": 58.201812744140625}
{"event": "task_complete", "fold": 0, "completed": 52, "total": 1344, "format_errors": 0, "decisions": {"supported": 50, "other_or_general": 2}, "elapsed_seconds": 59.079888582229614}
{"event": "task_complete", "fold": 0, "completed": 53, "total": 1344, "format_errors": 0, "decisions": {"supported": 51, "other_or_general": 2}, "elapsed_seconds": 59.96599507331848}
{"event": "task_complete", "fold": 0, "completed": 54, "total": 1344, "format_errors": 0, "decisions": {"supported": 52, "other_or_general": 2}, "elapsed_seconds": 60.854326248168945}
{"event": "task_complete", "fold": 0, "completed": 55, "total": 1344, "format_errors": 0, "decisions": {"supported": 53, "other_or_general": 2}, "elapsed_seconds": 61.73965525627136}
{"event": "task_complete", "fold": 0, "completed": 56, "total": 1344, "format_errors": 0, "decisions": {"supported": 54, "other_or_general": 2}, "elapsed_seconds": 62.596598386764526}
{"event": "task_complete", "fold": 0, "completed": 57, "total": 1344, "format_errors": 0, "decisions": {"supported": 55, "other_or_general": 2}, "elapsed_seconds": 63.46699023246765}
{"event": "task_complete", "fold": 0, "completed": 58, "total": 1344, "format_errors": 0, "decisions": {"supported": 56, "other_or_general": 2}, "elapsed_seconds": 64.46895718574524}
{"event": "task_complete", "fold": 0, "completed": 59, "total": 1344, "format_errors": 0, "decisions": {"supported": 57, "other_or_general": 2}, "elapsed_seconds": 65.38492751121521}
{"event": "task_complete", "fold": 0, "completed": 60, "total": 1344, "format_errors": 0, "decisions": {"supported": 58, "other_or_general": 2}, "elapsed_seconds": 66.29569363594055}
{"event": "task_complete", "fold": 0, "completed": 61, "total": 1344, "format_errors": 0, "decisions": {"supported": 59, "other_or_general": 2}, "elapsed_seconds": 67.18581867218018}
{"event": "task_complete", "fold": 0, "completed": 62, "total": 1344, "format_errors": 0, "decisions": {"supported": 59, "other_or_general": 3}, "elapsed_seconds": 68.20246076583862}
{"event": "task_complete", "fold": 0, "completed": 63, "total": 1344, "format_errors": 0, "decisions": {"supported": 60, "other_or_general": 3}, "elapsed_seconds": 69.09823942184448}
{"event": "task_complete", "fold": 0, "completed": 64, "total": 1344, "format_errors": 0, "decisions": {"supported": 61, "other_or_general": 3}, "elapsed_seconds": 69.970374584198}
{"event": "task_complete", "fold": 0, "completed": 65, "total": 1344, "format_errors": 0, "decisions": {"supported": 62, "other_or_general": 3}, "elapsed_seconds": 70.83626651763916}
{"event": "task_complete", "fold": 0, "completed": 66, "total": 1344, "format_errors": 0, "decisions": {"supported": 62, "other_or_general": 4}, "elapsed_seconds": 71.86266660690308}
{"event": "task_complete", "fold": 0, "completed": 67, "total": 1344, "format_errors": 0, "decisions": {"supported": 63, "other_or_general": 4}, "elapsed_seconds": 72.73189544677734}
{"event": "task_complete", "fold": 0, "completed": 68, "total": 1344, "format_errors": 0, "decisions": {"supported": 64, "other_or_general": 4}, "elapsed_seconds": 73.60679054260254}
{"event": "task_complete", "fold": 0, "completed": 69, "total": 1344, "format_errors": 0, "decisions": {"supported": 65, "other_or_general": 4}, "elapsed_seconds": 74.48884725570679}
{"event": "task_complete", "fold": 0, "completed": 70, "total": 1344, "format_errors": 0, "decisions": {"supported": 66, "other_or_general": 4}, "elapsed_seconds": 75.38057971000671}
{"event": "task_complete", "fold": 0, "completed": 71, "total": 1344, "format_errors": 0, "decisions": {"supported": 67, "other_or_general": 4}, "elapsed_seconds": 76.26664900779724}
{"event": "task_complete", "fold": 0, "completed": 72, "total": 1344, "format_errors": 0, "decisions": {"supported": 68, "other_or_general": 4}, "elapsed_seconds": 77.1502914428711}
{"event": "task_complete", "fold": 0, "completed": 73, "total": 1344, "format_errors": 0, "decisions": {"supported": 69, "other_or_general": 4}, "elapsed_seconds": 78.0316252708435}
{"event": "task_complete", "fold": 0, "completed": 74, "total": 1344, "format_errors": 0, "decisions": {"supported": 70, "other_or_general": 4}, "elapsed_seconds": 79.0205569267273}
{"event": "task_complete", "fold": 0, "completed": 75, "total": 1344, "format_errors": 0, "decisions": {"supported": 71, "other_or_general": 4}, "elapsed_seconds": 80.04516291618347}
{"event": "task_complete", "fold": 0, "completed": 76, "total": 1344, "format_errors": 0, "decisions": {"supported": 72, "other_or_general": 4}, "elapsed_seconds": 80.96556186676025}
{"event": "task_complete", "fold": 0, "completed": 77, "total": 1344, "format_errors": 0, "decisions": {"supported": 73, "other_or_general": 4}, "elapsed_seconds": 81.87686896324158}
{"event": "task_complete", "fold": 0, "completed": 78, "total": 1344, "format_errors": 0, "decisions": {"supported": 74, "other_or_general": 4}, "elapsed_seconds": 82.77719616889954}
{"event": "task_complete", "fold": 0, "completed": 79, "total": 1344, "format_errors": 0, "decisions": {"supported": 75, "other_or_general": 4}, "elapsed_seconds": 83.87652111053467}
{"event": "task_complete", "fold": 0, "completed": 80, "total": 1344, "format_errors": 0, "decisions": {"supported": 76, "other_or_general": 4}, "elapsed_seconds": 84.78207993507385}
{"event": "task_complete", "fold": 0, "completed": 81, "total": 1344, "format_errors": 0, "decisions": {"supported": 77, "other_or_general": 4}, "elapsed_seconds": 85.72494268417358}
{"event": "task_complete", "fold": 0, "completed": 82, "total": 1344, "format_errors": 0, "decisions": {"supported": 78, "other_or_general": 4}, "elapsed_seconds": 86.65749430656433}
{"event": "task_complete", "fold": 0, "completed": 83, "total": 1344, "format_errors": 0, "decisions": {"supported": 79, "other_or_general": 4}, "elapsed_seconds": 87.58007788658142}
{"event": "task_complete", "fold": 0, "completed": 84, "total": 1344, "format_errors": 0, "decisions": {"supported": 80, "other_or_general": 4}, "elapsed_seconds": 88.52808260917664}
{"event": "task_complete", "fold": 0, "completed": 85, "total": 1344, "format_errors": 0, "decisions": {"supported": 81, "other_or_general": 4}, "elapsed_seconds": 89.48228216171265}
{"event": "task_complete", "fold": 0, "completed": 86, "total": 1344, "format_errors": 0, "decisions": {"supported": 82, "other_or_general": 4}, "elapsed_seconds": 90.42016077041626}
{"event": "task_complete", "fold": 0, "completed": 87, "total": 1344, "format_errors": 0, "decisions": {"supported": 83, "other_or_general": 4}, "elapsed_seconds": 91.3082320690155}
{"event": "task_complete", "fold": 0, "completed": 88, "total": 1344, "format_errors": 0, "decisions": {"supported": 83, "other_or_general": 5}, "elapsed_seconds": 92.34843134880066}
{"event": "task_complete", "fold": 0, "completed": 89, "total": 1344, "format_errors": 0, "decisions": {"supported": 84, "other_or_general": 5}, "elapsed_seconds": 93.29214072227478}
{"event": "task_complete", "fold": 0, "completed": 90, "total": 1344, "format_errors": 0, "decisions": {"supported": 84, "other_or_general": 6}, "elapsed_seconds": 94.3666627407074}
{"event": "task_complete", "fold": 0, "completed": 91, "total": 1344, "format_errors": 0, "decisions": {"supported": 85, "other_or_general": 6}, "elapsed_seconds": 95.300945520401}
{"event": "task_complete", "fold": 0, "completed": 92, "total": 1344, "format_errors": 0, "decisions": {"supported": 86, "other_or_general": 6}, "elapsed_seconds": 96.30403113365173}
{"event": "task_complete", "fold": 0, "completed": 93, "total": 1344, "format_errors": 0, "decisions": {"supported": 87, "other_or_general": 6}, "elapsed_seconds": 97.3035957813263}
{"event": "task_complete", "fold": 0, "completed": 94, "total": 1344, "format_errors": 0, "decisions": {"supported": 88, "other_or_general": 6}, "elapsed_seconds": 98.24864649772644}
{"event": "task_complete", "fold": 0, "completed": 95, "total": 1344, "format_errors": 0, "decisions": {"supported": 89, "other_or_general": 6}, "elapsed_seconds": 99.15859317779541}
{"event": "task_complete", "fold": 0, "completed": 96, "total": 1344, "format_errors": 0, "decisions": {"supported": 90, "other_or_general": 6}, "elapsed_seconds": 100.09630727767944}
{"event": "task_complete", "fold": 0, "completed": 97, "total": 1344, "format_errors": 0, "decisions": {"supported": 91, "other_or_general": 6}, "elapsed_seconds": 101.03336215019226}
{"event": "task_complete", "fold": 0, "completed": 98, "total": 1344, "format_errors": 0, "decisions": {"supported": 92, "other_or_general": 6}, "elapsed_seconds": 101.9944167137146}
{"event": "task_complete", "fold": 0, "completed": 99, "total": 1344, "format_errors": 0, "decisions": {"supported": 92, "other_or_general": 7}, "elapsed_seconds": 103.08156681060791}
{"event": "task_complete", "fold": 0, "completed": 100, "total": 1344, "format_errors": 0, "decisions": {"supported": 93, "other_or_general": 7}, "elapsed_seconds": 104.03419733047485}
{"event": "task_complete", "fold": 0, "completed": 101, "total": 1344, "format_errors": 0, "decisions": {"supported": 94, "other_or_general": 7}, "elapsed_seconds": 104.94510269165039}
{"event": "task_complete", "fold": 0, "completed": 102, "total": 1344, "format_errors": 0, "decisions": {"supported": 95, "other_or_general": 7}, "elapsed_seconds": 105.88856720924377}
{"event": "task_complete", "fold": 0, "completed": 103, "total": 1344, "format_errors": 0, "decisions": {"supported": 96, "other_or_general": 7}, "elapsed_seconds": 106.83104872703552}
{"event": "task_complete", "fold": 0, "completed": 104, "total": 1344, "format_errors": 0, "decisions": {"supported": 96, "other_or_general": 8}, "elapsed_seconds": 107.86820387840271}
{"event": "task_complete", "fold": 0, "completed": 105, "total": 1344, "format_errors": 0, "decisions": {"supported": 97, "other_or_general": 8}, "elapsed_seconds": 108.78290462493896}
{"event": "task_complete", "fold": 0, "completed": 106, "total": 1344, "format_errors": 0, "decisions": {"supported": 98, "other_or_general": 8}, "elapsed_seconds": 109.69815754890442}
{"event": "task_complete", "fold": 0, "completed": 107, "total": 1344, "format_errors": 0, "decisions": {"supported": 99, "other_or_general": 8}, "elapsed_seconds": 110.60772728919983}
{"event": "task_complete", "fold": 0, "completed": 108, "total": 1344, "format_errors": 0, "decisions": {"supported": 100, "other_or_general": 8}, "elapsed_seconds": 111.53956365585327}
{"event": "task_complete", "fold": 0, "completed": 109, "total": 1344, "format_errors": 0, "decisions": {"supported": 101, "other_or_general": 8}, "elapsed_seconds": 112.4910101890564}
{"event": "task_complete", "fold": 0, "completed": 110, "total": 1344, "format_errors": 0, "decisions": {"supported": 102, "other_or_general": 8}, "elapsed_seconds": 113.42220997810364}
{"event": "task_complete", "fold": 0, "completed": 111, "total": 1344, "format_errors": 0, "decisions": {"supported": 103, "other_or_general": 8}, "elapsed_seconds": 114.57605123519897}
{"event": "task_complete", "fold": 0, "completed": 112, "total": 1344, "format_errors": 0, "decisions": {"supported": 104, "other_or_general": 8}, "elapsed_seconds": 115.5111985206604}
{"event": "task_complete", "fold": 0, "completed": 113, "total": 1344, "format_errors": 0, "decisions": {"supported": 105, "other_or_general": 8}, "elapsed_seconds": 116.52131032943726}
{"event": "task_complete", "fold": 0, "completed": 114, "total": 1344, "format_errors": 0, "decisions": {"supported": 106, "other_or_general": 8}, "elapsed_seconds": 117.46579384803772}
{"event": "task_complete", "fold": 0, "completed": 115, "total": 1344, "format_errors": 0, "decisions": {"supported": 107, "other_or_general": 8}, "elapsed_seconds": 118.62041449546814}
{"event": "task_complete", "fold": 0, "completed": 116, "total": 1344, "format_errors": 0, "decisions": {"supported": 108, "other_or_general": 8}, "elapsed_seconds": 119.76325583457947}
{"event": "task_complete", "fold": 0, "completed": 117, "total": 1344, "format_errors": 0, "decisions": {"supported": 108, "other_or_general": 9}, "elapsed_seconds": 120.8300769329071}
{"event": "task_complete", "fold": 0, "completed": 118, "total": 1344, "format_errors": 0, "decisions": {"supported": 109, "other_or_general": 9}, "elapsed_seconds": 121.85436987876892}
{"event": "task_complete", "fold": 0, "completed": 119, "total": 1344, "format_errors": 0, "decisions": {"supported": 110, "other_or_general": 9}, "elapsed_seconds": 122.87955832481384}
{"event": "task_complete", "fold": 0, "completed": 120, "total": 1344, "format_errors": 0, "decisions": {"supported": 111, "other_or_general": 9}, "elapsed_seconds": 123.899254322052}
{"event": "task_complete", "fold": 0, "completed": 121, "total": 1344, "format_errors": 0, "decisions": {"supported": 111, "other_or_general": 10}, "elapsed_seconds": 124.97193717956543}
{"event": "task_complete", "fold": 0, "completed": 122, "total": 1344, "format_errors": 0, "decisions": {"supported": 112, "other_or_general": 10}, "elapsed_seconds": 125.97626233100891}
{"event": "task_complete", "fold": 0, "completed": 123, "total": 1344, "format_errors": 0, "decisions": {"supported": 113, "other_or_general": 10}, "elapsed_seconds": 126.93467831611633}
{"event": "task_complete", "fold": 0, "completed": 124, "total": 1344, "format_errors": 0, "decisions": {"supported": 114, "other_or_general": 10}, "elapsed_seconds": 128.05487847328186}
{"event": "task_complete", "fold": 0, "completed": 125, "total": 1344, "format_errors": 0, "decisions": {"supported": 115, "other_or_general": 10}, "elapsed_seconds": 129.027587890625}
{"event": "task_complete", "fold": 0, "completed": 126, "total": 1344, "format_errors": 0, "decisions": {"supported": 116, "other_or_general": 10}, "elapsed_seconds": 129.9588325023651}
{"event": "task_complete", "fold": 0, "completed": 127, "total": 1344, "format_errors": 0, "decisions": {"supported": 117, "other_or_general": 10}, "elapsed_seconds": 130.88010835647583}
{"event": "task_complete", "fold": 0, "completed": 128, "total": 1344, "format_errors": 0, "decisions": {"supported": 118, "other_or_general": 10}, "elapsed_seconds": 131.8317313194275}
{"event": "task_complete", "fold": 0, "completed": 129, "total": 1344, "format_errors": 0, "decisions": {"supported": 119, "other_or_general": 10}, "elapsed_seconds": 132.79120898246765}
{"event": "task_complete", "fold": 0, "completed": 130, "total": 1344, "format_errors": 0, "decisions": {"supported": 120, "other_or_general": 10}, "elapsed_seconds": 133.72943949699402}
{"event": "task_complete", "fold": 0, "completed": 131, "total": 1344, "format_errors": 0, "decisions": {"supported": 120, "other_or_general": 11}, "elapsed_seconds": 134.76708793640137}
{"event": "task_complete", "fold": 0, "completed": 132, "total": 1344, "format_errors": 0, "decisions": {"supported": 121, "other_or_general": 11}, "elapsed_seconds": 135.7131690979004}
{"event": "task_complete", "fold": 0, "completed": 133, "total": 1344, "format_errors": 0, "decisions": {"supported": 121, "other_or_general": 12}, "elapsed_seconds": 136.767511844635}
{"event": "task_complete", "fold": 0, "completed": 134, "total": 1344, "format_errors": 0, "decisions": {"supported": 122, "other_or_general": 12}, "elapsed_seconds": 137.73050117492676}
{"event": "task_complete", "fold": 0, "completed": 135, "total": 1344, "format_errors": 0, "decisions": {"supported": 123, "other_or_general": 12}, "elapsed_seconds": 138.6791136264801}
{"event": "task_complete", "fold": 0, "completed": 136, "total": 1344, "format_errors": 0, "decisions": {"supported": 123, "other_or_general": 13}, "elapsed_seconds": 139.74007105827332}
{"event": "task_complete", "fold": 0, "completed": 137, "total": 1344, "format_errors": 0, "decisions": {"supported": 124, "other_or_general": 13}, "elapsed_seconds": 140.71905159950256}
{"event": "task_complete", "fold": 0, "completed": 138, "total": 1344, "format_errors": 0, "decisions": {"supported": 125, "other_or_general": 13}, "elapsed_seconds": 141.68016409873962}
{"event": "task_complete", "fold": 0, "completed": 139, "total": 1344, "format_errors": 0, "decisions": {"supported": 126, "other_or_general": 13}, "elapsed_seconds": 142.63935947418213}
{"event": "task_complete", "fold": 0, "completed": 140, "total": 1344, "format_errors": 0, "decisions": {"supported": 127, "other_or_general": 13}, "elapsed_seconds": 143.62814140319824}
{"event": "task_complete", "fold": 0, "completed": 141, "total": 1344, "format_errors": 0, "decisions": {"supported": 128, "other_or_general": 13}, "elapsed_seconds": 144.5818965435028}
{"event": "task_complete", "fold": 0, "completed": 142, "total": 1344, "format_errors": 0, "decisions": {"supported": 128, "other_or_general": 14}, "elapsed_seconds": 145.69211268424988}
{"event": "task_complete", "fold": 0, "completed": 143, "total": 1344, "format_errors": 0, "decisions": {"supported": 129, "other_or_general": 14}, "elapsed_seconds": 146.7470142841339}
{"event": "task_complete", "fold": 0, "completed": 144, "total": 1344, "format_errors": 0, "decisions": {"supported": 130, "other_or_general": 14}, "elapsed_seconds": 147.734290599823}
{"event": "task_complete", "fold": 0, "completed": 145, "total": 1344, "format_errors": 0, "decisions": {"supported": 131, "other_or_general": 14}, "elapsed_seconds": 148.67382955551147}
{"event": "task_complete", "fold": 0, "completed": 146, "total": 1344, "format_errors": 0, "decisions": {"supported": 132, "other_or_general": 14}, "elapsed_seconds": 149.63851356506348}
{"event": "task_complete", "fold": 0, "completed": 147, "total": 1344, "format_errors": 0, "decisions": {"supported": 133, "other_or_general": 14}, "elapsed_seconds": 150.59788751602173}
{"event": "task_complete", "fold": 0, "completed": 148, "total": 1344, "format_errors": 0, "decisions": {"supported": 134, "other_or_general": 14}, "elapsed_seconds": 151.5595088005066}
{"event": "task_complete", "fold": 0, "completed": 149, "total": 1344, "format_errors": 0, "decisions": {"supported": 135, "other_or_general": 14}, "elapsed_seconds": 152.53033804893494}
{"event": "task_complete", "fold": 0, "completed": 150, "total": 1344, "format_errors": 0, "decisions": {"supported": 136, "other_or_general": 14}, "elapsed_seconds": 153.4990999698639}
{"event": "task_complete", "fold": 0, "completed": 151, "total": 1344, "format_errors": 0, "decisions": {"supported": 137, "other_or_general": 14}, "elapsed_seconds": 154.46050000190735}
{"event": "task_complete", "fold": 0, "completed": 152, "total": 1344, "format_errors": 0, "decisions": {"supported": 138, "other_or_general": 14}, "elapsed_seconds": 155.43366265296936}
{"event": "task_complete", "fold": 0, "completed": 153, "total": 1344, "format_errors": 0, "decisions": {"supported": 139, "other_or_general": 14}, "elapsed_seconds": 156.61598014831543}
{"event": "task_complete", "fold": 0, "completed": 154, "total": 1344, "format_errors": 0, "decisions": {"supported": 140, "other_or_general": 14}, "elapsed_seconds": 157.5731909275055}
{"event": "task_complete", "fold": 0, "completed": 155, "total": 1344, "format_errors": 0, "decisions": {"supported": 141, "other_or_general": 14}, "elapsed_seconds": 158.53835105895996}
{"event": "task_complete", "fold": 0, "completed": 156, "total": 1344, "format_errors": 0, "decisions": {"supported": 142, "other_or_general": 14}, "elapsed_seconds": 159.44938278198242}
{"event": "task_complete", "fold": 0, "completed": 157, "total": 1344, "format_errors": 0, "decisions": {"supported": 143, "other_or_general": 14}, "elapsed_seconds": 160.40389776229858}
{"event": "task_complete", "fold": 0, "completed": 158, "total": 1344, "format_errors": 0, "decisions": {"supported": 144, "other_or_general": 14}, "elapsed_seconds": 161.36007022857666}
{"event": "task_complete", "fold": 0, "completed": 159, "total": 1344, "format_errors": 0, "decisions": {"supported": 145, "other_or_general": 14}, "elapsed_seconds": 162.2924826145172}
{"event": "task_complete", "fold": 0, "completed": 160, "total": 1344, "format_errors": 0, "decisions": {"supported": 146, "other_or_general": 14}, "elapsed_seconds": 163.24474692344666}
{"event": "task_complete", "fold": 0, "completed": 161, "total": 1344, "format_errors": 0, "decisions": {"supported": 147, "other_or_general": 14}, "elapsed_seconds": 164.18080854415894}
{"event": "task_complete", "fold": 0, "completed": 162, "total": 1344, "format_errors": 0, "decisions": {"supported": 148, "other_or_general": 14}, "elapsed_seconds": 165.13341975212097}
{"event": "task_complete", "fold": 0, "completed": 163, "total": 1344, "format_errors": 0, "decisions": {"supported": 149, "other_or_general": 14}, "elapsed_seconds": 166.0785689353943}
{"event": "task_complete", "fold": 0, "completed": 164, "total": 1344, "format_errors": 0, "decisions": {"supported": 150, "other_or_general": 14}, "elapsed_seconds": 167.03289651870728}
{"event": "task_complete", "fold": 0, "completed": 165, "total": 1344, "format_errors": 0, "decisions": {"supported": 151, "other_or_general": 14}, "elapsed_seconds": 167.95884728431702}
{"event": "task_complete", "fold": 0, "completed": 166, "total": 1344, "format_errors": 0, "decisions": {"supported": 152, "other_or_general": 14}, "elapsed_seconds": 168.90010452270508}
{"event": "task_complete", "fold": 0, "completed": 167, "total": 1344, "format_errors": 0, "decisions": {"supported": 152, "other_or_general": 15}, "elapsed_seconds": 170.02607321739197}
{"event": "task_complete", "fold": 0, "completed": 168, "total": 1344, "format_errors": 0, "decisions": {"supported": 153, "other_or_general": 15}, "elapsed_seconds": 171.01111364364624}
{"event": "task_complete", "fold": 0, "completed": 169, "total": 1344, "format_errors": 0, "decisions": {"supported": 154, "other_or_general": 15}, "elapsed_seconds": 172.02037596702576}
{"event": "task_complete", "fold": 0, "completed": 170, "total": 1344, "format_errors": 0, "decisions": {"supported": 155, "other_or_general": 15}, "elapsed_seconds": 173.011066198349}
{"event": "task_complete", "fold": 0, "completed": 171, "total": 1344, "format_errors": 0, "decisions": {"supported": 156, "other_or_general": 15}, "elapsed_seconds": 173.93220949172974}
{"event": "task_complete", "fold": 0, "completed": 172, "total": 1344, "format_errors": 0, "decisions": {"supported": 157, "other_or_general": 15}, "elapsed_seconds": 174.8998601436615}
{"event": "task_complete", "fold": 0, "completed": 173, "total": 1344, "format_errors": 0, "decisions": {"supported": 158, "other_or_general": 15}, "elapsed_seconds": 175.8707823753357}
{"event": "task_complete", "fold": 0, "completed": 174, "total": 1344, "format_errors": 0, "decisions": {"supported": 159, "other_or_general": 15}, "elapsed_seconds": 176.7810001373291}
{"event": "task_complete", "fold": 0, "completed": 175, "total": 1344, "format_errors": 0, "decisions": {"supported": 160, "other_or_general": 15}, "elapsed_seconds": 177.7269470691681}
{"event": "task_complete", "fold": 0, "completed": 176, "total": 1344, "format_errors": 0, "decisions": {"supported": 160, "other_or_general": 16}, "elapsed_seconds": 178.81164050102234}
{"event": "task_complete", "fold": 0, "completed": 177, "total": 1344, "format_errors": 0, "decisions": {"supported": 161, "other_or_general": 16}, "elapsed_seconds": 179.76871013641357}
{"event": "task_complete", "fold": 0, "completed": 178, "total": 1344, "format_errors": 0, "decisions": {"supported": 162, "other_or_general": 16}, "elapsed_seconds": 180.74878215789795}
{"event": "task_complete", "fold": 0, "completed": 179, "total": 1344, "format_errors": 0, "decisions": {"supported": 162, "other_or_general": 17}, "elapsed_seconds": 181.86904954910278}
{"event": "task_complete", "fold": 0, "completed": 180, "total": 1344, "format_errors": 0, "decisions": {"supported": 163, "other_or_general": 17}, "elapsed_seconds": 182.85217213630676}
{"event": "task_complete", "fold": 0, "completed": 181, "total": 1344, "format_errors": 0, "decisions": {"supported": 164, "other_or_general": 17}, "elapsed_seconds": 183.81597471237183}
{"event": "task_complete", "fold": 0, "completed": 182, "total": 1344, "format_errors": 0, "decisions": {"supported": 165, "other_or_general": 17}, "elapsed_seconds": 184.78302550315857}
{"event": "task_complete", "fold": 0, "completed": 183, "total": 1344, "format_errors": 0, "decisions": {"supported": 166, "other_or_general": 17}, "elapsed_seconds": 185.73570084571838}
{"event": "task_complete", "fold": 0, "completed": 184, "total": 1344, "format_errors": 0, "decisions": {"supported": 167, "other_or_general": 17}, "elapsed_seconds": 186.69060111045837}
{"event": "task_complete", "fold": 0, "completed": 185, "total": 1344, "format_errors": 0, "decisions": {"supported": 167, "other_or_general": 18}, "elapsed_seconds": 187.77548146247864}
{"event": "task_complete", "fold": 0, "completed": 186, "total": 1344, "format_errors": 0, "decisions": {"supported": 168, "other_or_general": 18}, "elapsed_seconds": 188.73126006126404}
{"event": "task_complete", "fold": 0, "completed": 187, "total": 1344, "format_errors": 0, "decisions": {"supported": 169, "other_or_general": 18}, "elapsed_seconds": 189.66873407363892}
{"event": "task_complete", "fold": 0, "completed": 188, "total": 1344, "format_errors": 0, "decisions": {"supported": 170, "other_or_general": 18}, "elapsed_seconds": 190.6397740840912}
{"event": "task_complete", "fold": 0, "completed": 189, "total": 1344, "format_errors": 0, "decisions": {"supported": 170, "other_or_general": 19}, "elapsed_seconds": 191.8509395122528}
{"event": "task_complete", "fold": 0, "completed": 190, "total": 1344, "format_errors": 0, "decisions": {"supported": 171, "other_or_general": 19}, "elapsed_seconds": 192.8028211593628}
{"event": "task_complete", "fold": 0, "completed": 191, "total": 1344, "format_errors": 0, "decisions": {"supported": 172, "other_or_general": 19}, "elapsed_seconds": 193.75657844543457}
{"event": "task_complete", "fold": 0, "completed": 192, "total": 1344, "format_errors": 0, "decisions": {"supported": 173, "other_or_general": 19}, "elapsed_seconds": 194.72847199440002}
{"event": "task_complete", "fold": 0, "completed": 193, "total": 1344, "format_errors": 0, "decisions": {"supported": 174, "other_or_general": 19}, "elapsed_seconds": 195.98112869262695}
{"event": "task_complete", "fold": 0, "completed": 194, "total": 1344, "format_errors": 0, "decisions": {"supported": 174, "other_or_general": 20}, "elapsed_seconds": 196.99593353271484}
{"event": "task_complete", "fold": 0, "completed": 195, "total": 1344, "format_errors": 0, "decisions": {"supported": 175, "other_or_general": 20}, "elapsed_seconds": 197.86448287963867}
{"event": "task_complete", "fold": 0, "completed": 196, "total": 1344, "format_errors": 0, "decisions": {"supported": 176, "other_or_general": 20}, "elapsed_seconds": 198.8873951435089}
{"event": "task_complete", "fold": 0, "completed": 197, "total": 1344, "format_errors": 0, "decisions": {"supported": 177, "other_or_general": 20}, "elapsed_seconds": 200.14515924453735}
{"event": "task_complete", "fold": 0, "completed": 198, "total": 1344, "format_errors": 0, "decisions": {"supported": 177, "other_or_general": 21}, "elapsed_seconds": 201.25374054908752}
{"event": "task_complete", "fold": 0, "completed": 199, "total": 1344, "format_errors": 0, "decisions": {"supported": 178, "other_or_general": 21}, "elapsed_seconds": 202.23216009140015}
{"event": "task_complete", "fold": 0, "completed": 200, "total": 1344, "format_errors": 0, "decisions": {"supported": 179, "other_or_general": 21}, "elapsed_seconds": 203.17071056365967}
{"event": "task_complete", "fold": 0, "completed": 201, "total": 1344, "format_errors": 0, "decisions": {"supported": 180, "other_or_general": 21}, "elapsed_seconds": 204.1473195552826}
{"event": "task_complete", "fold": 0, "completed": 202, "total": 1344, "format_errors": 0, "decisions": {"supported": 181, "other_or_general": 21}, "elapsed_seconds": 205.18395733833313}
{"event": "task_complete", "fold": 0, "completed": 203, "total": 1344, "format_errors": 0, "decisions": {"supported": 182, "other_or_general": 21}, "elapsed_seconds": 206.08962845802307}
{"event": "task_complete", "fold": 0, "completed": 204, "total": 1344, "format_errors": 0, "decisions": {"supported": 183, "other_or_general": 21}, "elapsed_seconds": 207.01723885536194}
{"event": "task_complete", "fold": 0, "completed": 205, "total": 1344, "format_errors": 0, "decisions": {"supported": 184, "other_or_general": 21}, "elapsed_seconds": 207.9542419910431}
{"event": "task_complete", "fold": 0, "completed": 206, "total": 1344, "format_errors": 0, "decisions": {"supported": 185, "other_or_general": 21}, "elapsed_seconds": 209.24545240402222}
{"event": "task_complete", "fold": 0, "completed": 207, "total": 1344, "format_errors": 0, "decisions": {"supported": 186, "other_or_general": 21}, "elapsed_seconds": 210.24683737754822}
{"event": "task_complete", "fold": 0, "completed": 208, "total": 1344, "format_errors": 0, "decisions": {"supported": 187, "other_or_general": 21}, "elapsed_seconds": 211.19169640541077}
{"event": "task_complete", "fold": 0, "completed": 209, "total": 1344, "format_errors": 0, "decisions": {"supported": 188, "other_or_general": 21}, "elapsed_seconds": 212.37553715705872}
{"event": "task_complete", "fold": 0, "completed": 210, "total": 1344, "format_errors": 0, "decisions": {"supported": 189, "other_or_general": 21}, "elapsed_seconds": 213.51736760139465}
{"event": "task_complete", "fold": 0, "completed": 211, "total": 1344, "format_errors": 0, "decisions": {"supported": 190, "other_or_general": 21}, "elapsed_seconds": 214.40681433677673}
{"event": "task_complete", "fold": 0, "completed": 212, "total": 1344, "format_errors": 0, "decisions": {"supported": 191, "other_or_general": 21}, "elapsed_seconds": 215.64656162261963}
{"event": "task_complete", "fold": 0, "completed": 213, "total": 1344, "format_errors": 0, "decisions": {"supported": 191, "other_or_general": 22}, "elapsed_seconds": 216.75190258026123}
{"event": "task_complete", "fold": 0, "completed": 214, "total": 1344, "format_errors": 0, "decisions": {"supported": 192, "other_or_general": 22}, "elapsed_seconds": 217.72053241729736}
{"event": "task_complete", "fold": 0, "completed": 215, "total": 1344, "format_errors": 0, "decisions": {"supported": 193, "other_or_general": 22}, "elapsed_seconds": 218.74589252471924}
{"event": "task_complete", "fold": 0, "completed": 216, "total": 1344, "format_errors": 0, "decisions": {"supported": 193, "other_or_general": 23}, "elapsed_seconds": 219.8347783088684}
{"event": "task_complete", "fold": 0, "completed": 217, "total": 1344, "format_errors": 0, "decisions": {"supported": 194, "other_or_general": 23}, "elapsed_seconds": 220.8613154888153}
{"event": "task_complete", "fold": 0, "completed": 218, "total": 1344, "format_errors": 0, "decisions": {"supported": 194, "other_or_general": 24}, "elapsed_seconds": 221.9038863182068}
{"event": "task_complete", "fold": 0, "completed": 219, "total": 1344, "format_errors": 0, "decisions": {"supported": 195, "other_or_general": 24}, "elapsed_seconds": 222.83391761779785}
{"event": "task_complete", "fold": 0, "completed": 220, "total": 1344, "format_errors": 0, "decisions": {"supported": 196, "other_or_general": 24}, "elapsed_seconds": 223.77422213554382}
{"event": "task_complete", "fold": 0, "completed": 221, "total": 1344, "format_errors": 0, "decisions": {"supported": 197, "other_or_general": 24}, "elapsed_seconds": 224.71361088752747}
{"event": "task_complete", "fold": 0, "completed": 222, "total": 1344, "format_errors": 0, "decisions": {"supported": 198, "other_or_general": 24}, "elapsed_seconds": 225.6314980983734}
{"event": "task_complete", "fold": 0, "completed": 223, "total": 1344, "format_errors": 0, "decisions": {"supported": 199, "other_or_general": 24}, "elapsed_seconds": 226.6732394695282}
{"event": "task_complete", "fold": 0, "completed": 224, "total": 1344, "format_errors": 0, "decisions": {"supported": 200, "other_or_general": 24}, "elapsed_seconds": 227.79029774665833}
{"event": "task_complete", "fold": 0, "completed": 225, "total": 1344, "format_errors": 0, "decisions": {"supported": 201, "other_or_general": 24}, "elapsed_seconds": 229.0376091003418}
{"event": "task_complete", "fold": 0, "completed": 226, "total": 1344, "format_errors": 0, "decisions": {"supported": 201, "other_or_general": 25}, "elapsed_seconds": 230.1342692375183}
{"event": "task_complete", "fold": 0, "completed": 227, "total": 1344, "format_errors": 0, "decisions": {"supported": 202, "other_or_general": 25}, "elapsed_seconds": 231.08618330955505}
{"event": "task_complete", "fold": 0, "completed": 228, "total": 1344, "format_errors": 0, "decisions": {"supported": 203, "other_or_general": 25}, "elapsed_seconds": 232.0463318824768}
{"event": "task_complete", "fold": 0, "completed": 229, "total": 1344, "format_errors": 0, "decisions": {"supported": 203, "other_or_general": 26}, "elapsed_seconds": 233.1548774242401}
{"event": "task_complete", "fold": 0, "completed": 230, "total": 1344, "format_errors": 0, "decisions": {"supported": 204, "other_or_general": 26}, "elapsed_seconds": 234.12341046333313}
{"event": "task_complete", "fold": 0, "completed": 231, "total": 1344, "format_errors": 0, "decisions": {"supported": 205, "other_or_general": 26}, "elapsed_seconds": 235.09472060203552}
{"event": "task_complete", "fold": 0, "completed": 232, "total": 1344, "format_errors": 0, "decisions": {"supported": 206, "other_or_general": 26}, "elapsed_seconds": 236.35463047027588}
{"event": "task_complete", "fold": 0, "completed": 233, "total": 1344, "format_errors": 0, "decisions": {"supported": 207, "other_or_general": 26}, "elapsed_seconds": 237.34299397468567}
{"event": "task_complete", "fold": 0, "completed": 234, "total": 1344, "format_errors": 0, "decisions": {"supported": 208, "other_or_general": 26}, "elapsed_seconds": 238.76923966407776}
{"event": "task_complete", "fold": 0, "completed": 235, "total": 1344, "format_errors": 0, "decisions": {"supported": 209, "other_or_general": 26}, "elapsed_seconds": 239.9135730266571}
{"event": "task_complete", "fold": 0, "completed": 236, "total": 1344, "format_errors": 0, "decisions": {"supported": 210, "other_or_general": 26}, "elapsed_seconds": 240.7863302230835}
{"event": "task_complete", "fold": 0, "completed": 237, "total": 1344, "format_errors": 0, "decisions": {"supported": 211, "other_or_general": 26}, "elapsed_seconds": 241.6663694381714}
{"event": "task_complete", "fold": 0, "completed": 238, "total": 1344, "format_errors": 0, "decisions": {"supported": 212, "other_or_general": 26}, "elapsed_seconds": 243.23844122886658}
{"event": "task_complete", "fold": 0, "completed": 239, "total": 1344, "format_errors": 0, "decisions": {"supported": 213, "other_or_general": 26}, "elapsed_seconds": 244.34976530075073}
{"event": "task_complete", "fold": 0, "completed": 240, "total": 1344, "format_errors": 0, "decisions": {"supported": 214, "other_or_general": 26}, "elapsed_seconds": 245.23546695709229}
{"event": "task_complete", "fold": 0, "completed": 241, "total": 1344, "format_errors": 0, "decisions": {"supported": 215, "other_or_general": 26}, "elapsed_seconds": 246.41983270645142}
{"event": "task_complete", "fold": 0, "completed": 242, "total": 1344, "format_errors": 0, "decisions": {"supported": 216, "other_or_general": 26}, "elapsed_seconds": 247.40088057518005}
{"event": "task_complete", "fold": 0, "completed": 243, "total": 1344, "format_errors": 0, "decisions": {"supported": 217, "other_or_general": 26}, "elapsed_seconds": 248.3780961036682}
{"event": "task_complete", "fold": 0, "completed": 244, "total": 1344, "format_errors": 0, "decisions": {"supported": 218, "other_or_general": 26}, "elapsed_seconds": 249.39563012123108}
{"event": "task_complete", "fold": 0, "completed": 245, "total": 1344, "format_errors": 0, "decisions": {"supported": 218, "other_or_general": 27}, "elapsed_seconds": 250.53056025505066}
{"event": "task_complete", "fold": 0, "completed": 246, "total": 1344, "format_errors": 0, "decisions": {"supported": 219, "other_or_general": 27}, "elapsed_seconds": 251.52455592155457}
{"event": "task_complete", "fold": 0, "completed": 247, "total": 1344, "format_errors": 0, "decisions": {"supported": 220, "other_or_general": 27}, "elapsed_seconds": 252.50124883651733}
{"event": "task_complete", "fold": 0, "completed": 248, "total": 1344, "format_errors": 0, "decisions": {"supported": 221, "other_or_general": 27}, "elapsed_seconds": 253.4795253276825}
{"event": "task_complete", "fold": 0, "completed": 249, "total": 1344, "format_errors": 0, "decisions": {"supported": 222, "other_or_general": 27}, "elapsed_seconds": 254.47470045089722}
{"event": "task_complete", "fold": 0, "completed": 250, "total": 1344, "format_errors": 0, "decisions": {"supported": 223, "other_or_general": 27}, "elapsed_seconds": 255.72032260894775}
{"event": "task_complete", "fold": 0, "completed": 251, "total": 1344, "format_errors": 0, "decisions": {"supported": 224, "other_or_general": 27}, "elapsed_seconds": 256.60479378700256}
{"event": "task_complete", "fold": 0, "completed": 252, "total": 1344, "format_errors": 0, "decisions": {"supported": 225, "other_or_general": 27}, "elapsed_seconds": 257.4839355945587}
{"event": "task_complete", "fold": 0, "completed": 253, "total": 1344, "format_errors": 0, "decisions": {"supported": 226, "other_or_general": 27}, "elapsed_seconds": 258.6927971839905}
{"event": "task_complete", "fold": 0, "completed": 254, "total": 1344, "format_errors": 0, "decisions": {"supported": 227, "other_or_general": 27}, "elapsed_seconds": 259.8924198150635}
{"event": "task_complete", "fold": 0, "completed": 255, "total": 1344, "format_errors": 0, "decisions": {"supported": 228, "other_or_general": 27}, "elapsed_seconds": 260.7750172615051}
{"event": "task_complete", "fold": 0, "completed": 256, "total": 1344, "format_errors": 0, "decisions": {"supported": 229, "other_or_general": 27}, "elapsed_seconds": 261.6801493167877}
{"event": "task_complete", "fold": 0, "completed": 257, "total": 1344, "format_errors": 0, "decisions": {"supported": 230, "other_or_general": 27}, "elapsed_seconds": 263.0098259449005}
{"event": "task_complete", "fold": 0, "completed": 258, "total": 1344, "format_errors": 0, "decisions": {"supported": 230, "other_or_general": 28}, "elapsed_seconds": 264.07310700416565}
{"event": "task_complete", "fold": 0, "completed": 259, "total": 1344, "format_errors": 0, "decisions": {"supported": 231, "other_or_general": 28}, "elapsed_seconds": 265.0682473182678}
{"event": "task_complete", "fold": 0, "completed": 260, "total": 1344, "format_errors": 0, "decisions": {"supported": 232, "other_or_general": 28}, "elapsed_seconds": 266.099089384079}
{"event": "task_complete", "fold": 0, "completed": 261, "total": 1344, "format_errors": 0, "decisions": {"supported": 233, "other_or_general": 28}, "elapsed_seconds": 267.5709412097931}
{"event": "task_complete", "fold": 0, "completed": 262, "total": 1344, "format_errors": 0, "decisions": {"supported": 234, "other_or_general": 28}, "elapsed_seconds": 268.4483811855316}
{"event": "task_complete", "fold": 0, "completed": 263, "total": 1344, "format_errors": 0, "decisions": {"supported": 235, "other_or_general": 28}, "elapsed_seconds": 269.8340873718262}
{"event": "task_complete", "fold": 0, "completed": 264, "total": 1344, "format_errors": 0, "decisions": {"supported": 236, "other_or_general": 28}, "elapsed_seconds": 270.7085838317871}
{"event": "task_complete", "fold": 0, "completed": 265, "total": 1344, "format_errors": 0, "decisions": {"supported": 237, "other_or_general": 28}, "elapsed_seconds": 271.6168463230133}
{"event": "task_complete", "fold": 0, "completed": 266, "total": 1344, "format_errors": 0, "decisions": {"supported": 238, "other_or_general": 28}, "elapsed_seconds": 272.8981490135193}
{"event": "task_complete", "fold": 0, "completed": 267, "total": 1344, "format_errors": 0, "decisions": {"supported": 239, "other_or_general": 28}, "elapsed_seconds": 273.78276443481445}
{"event": "task_complete", "fold": 0, "completed": 268, "total": 1344, "format_errors": 0, "decisions": {"supported": 240, "other_or_general": 28}, "elapsed_seconds": 274.9415657520294}
{"event": "task_complete", "fold": 0, "completed": 269, "total": 1344, "format_errors": 0, "decisions": {"supported": 241, "other_or_general": 28}, "elapsed_seconds": 276.16223430633545}
{"event": "task_complete", "fold": 0, "completed": 270, "total": 1344, "format_errors": 0, "decisions": {"supported": 242, "other_or_general": 28}, "elapsed_seconds": 277.04756689071655}
{"event": "task_complete", "fold": 0, "completed": 271, "total": 1344, "format_errors": 0, "decisions": {"supported": 243, "other_or_general": 28}, "elapsed_seconds": 278.0311040878296}
{"event": "task_complete", "fold": 0, "completed": 272, "total": 1344, "format_errors": 0, "decisions": {"supported": 244, "other_or_general": 28}, "elapsed_seconds": 279.0108470916748}
{"event": "task_complete", "fold": 0, "completed": 273, "total": 1344, "format_errors": 0, "decisions": {"supported": 245, "other_or_general": 28}, "elapsed_seconds": 280.00469422340393}
{"event": "task_complete", "fold": 0, "completed": 274, "total": 1344, "format_errors": 0, "decisions": {"supported": 246, "other_or_general": 28}, "elapsed_seconds": 280.9509766101837}
{"event": "task_complete", "fold": 0, "completed": 275, "total": 1344, "format_errors": 0, "decisions": {"supported": 247, "other_or_general": 28}, "elapsed_seconds": 282.1067910194397}
{"event": "task_complete", "fold": 0, "completed": 276, "total": 1344, "format_errors": 0, "decisions": {"supported": 248, "other_or_general": 28}, "elapsed_seconds": 283.0694124698639}
{"event": "task_complete", "fold": 0, "completed": 277, "total": 1344, "format_errors": 0, "decisions": {"supported": 249, "other_or_general": 28}, "elapsed_seconds": 284.02292704582214}
{"event": "task_complete", "fold": 0, "completed": 278, "total": 1344, "format_errors": 0, "decisions": {"supported": 249, "other_or_general": 29}, "elapsed_seconds": 285.06848311424255}
{"event": "task_complete", "fold": 0, "completed": 279, "total": 1344, "format_errors": 0, "decisions": {"supported": 250, "other_or_general": 29}, "elapsed_seconds": 285.9565646648407}
{"event": "task_complete", "fold": 0, "completed": 280, "total": 1344, "format_errors": 0, "decisions": {"supported": 251, "other_or_general": 29}, "elapsed_seconds": 287.20260095596313}
{"event": "task_complete", "fold": 0, "completed": 281, "total": 1344, "format_errors": 0, "decisions": {"supported": 252, "other_or_general": 29}, "elapsed_seconds": 288.1228587627411}
{"event": "task_complete", "fold": 0, "completed": 282, "total": 1344, "format_errors": 0, "decisions": {"supported": 253, "other_or_general": 29}, "elapsed_seconds": 289.2180531024933}
{"event": "task_complete", "fold": 0, "completed": 283, "total": 1344, "format_errors": 0, "decisions": {"supported": 253, "other_or_general": 30}, "elapsed_seconds": 290.62299060821533}
{"event": "task_complete", "fold": 0, "completed": 284, "total": 1344, "format_errors": 0, "decisions": {"supported": 254, "other_or_general": 30}, "elapsed_seconds": 291.51091980934143}
{"event": "task_complete", "fold": 0, "completed": 285, "total": 1344, "format_errors": 0, "decisions": {"supported": 255, "other_or_general": 30}, "elapsed_seconds": 292.4073488712311}
{"event": "task_complete", "fold": 0, "completed": 286, "total": 1344, "format_errors": 0, "decisions": {"supported": 256, "other_or_general": 30}, "elapsed_seconds": 293.78533267974854}
{"event": "task_complete", "fold": 0, "completed": 287, "total": 1344, "format_errors": 0, "decisions": {"supported": 257, "other_or_general": 30}, "elapsed_seconds": 294.66682028770447}
{"event": "task_complete", "fold": 0, "completed": 288, "total": 1344, "format_errors": 0, "decisions": {"supported": 258, "other_or_general": 30}, "elapsed_seconds": 296.0231890678406}
{"event": "task_complete", "fold": 0, "completed": 289, "total": 1344, "format_errors": 0, "decisions": {"supported": 259, "other_or_general": 30}, "elapsed_seconds": 297.12164545059204}
{"event": "task_complete", "fold": 0, "completed": 290, "total": 1344, "format_errors": 0, "decisions": {"supported": 260, "other_or_general": 30}, "elapsed_seconds": 298.22911643981934}
{"event": "task_complete", "fold": 0, "completed": 291, "total": 1344, "format_errors": 0, "decisions": {"supported": 261, "other_or_general": 30}, "elapsed_seconds": 299.4289264678955}
{"event": "task_complete", "fold": 0, "completed": 292, "total": 1344, "format_errors": 0, "decisions": {"supported": 262, "other_or_general": 30}, "elapsed_seconds": 300.62796115875244}
{"event": "task_complete", "fold": 0, "completed": 293, "total": 1344, "format_errors": 0, "decisions": {"supported": 263, "other_or_general": 30}, "elapsed_seconds": 301.8506317138672}
{"event": "task_complete", "fold": 0, "completed": 294, "total": 1344, "format_errors": 0, "decisions": {"supported": 264, "other_or_general": 30}, "elapsed_seconds": 303.13979053497314}
{"event": "task_complete", "fold": 0, "completed": 295, "total": 1344, "format_errors": 0, "decisions": {"supported": 265, "other_or_general": 30}, "elapsed_seconds": 304.03211212158203}
{"event": "task_complete", "fold": 0, "completed": 296, "total": 1344, "format_errors": 0, "decisions": {"supported": 266, "other_or_general": 30}, "elapsed_seconds": 305.37330627441406}
{"event": "task_complete", "fold": 0, "completed": 297, "total": 1344, "format_errors": 0, "decisions": {"supported": 267, "other_or_general": 30}, "elapsed_seconds": 306.50329971313477}
{"event": "task_complete", "fold": 0, "completed": 298, "total": 1344, "format_errors": 0, "decisions": {"supported": 268, "other_or_general": 30}, "elapsed_seconds": 307.39351987838745}
{"event": "task_complete", "fold": 0, "completed": 299, "total": 1344, "format_errors": 0, "decisions": {"supported": 269, "other_or_general": 30}, "elapsed_seconds": 308.3190426826477}
{"event": "task_complete", "fold": 0, "completed": 300, "total": 1344, "format_errors": 0, "decisions": {"supported": 270, "other_or_general": 30}, "elapsed_seconds": 309.7089910507202}
{"event": "task_complete", "fold": 0, "completed": 301, "total": 1344, "format_errors": 0, "decisions": {"supported": 271, "other_or_general": 30}, "elapsed_seconds": 310.5939521789551}
{"event": "task_complete", "fold": 0, "completed": 302, "total": 1344, "format_errors": 0, "decisions": {"supported": 272, "other_or_general": 30}, "elapsed_seconds": 311.92574667930603}
{"event": "task_complete", "fold": 0, "completed": 303, "total": 1344, "format_errors": 0, "decisions": {"supported": 273, "other_or_general": 30}, "elapsed_seconds": 312.8929612636566}
{"event": "task_complete", "fold": 0, "completed": 304, "total": 1344, "format_errors": 0, "decisions": {"supported": 274, "other_or_general": 30}, "elapsed_seconds": 313.80171036720276}
{"event": "task_complete", "fold": 0, "completed": 305, "total": 1344, "format_errors": 0, "decisions": {"supported": 275, "other_or_general": 30}, "elapsed_seconds": 314.7195146083832}
{"event": "task_complete", "fold": 0, "completed": 306, "total": 1344, "format_errors": 0, "decisions": {"supported": 276, "other_or_general": 30}, "elapsed_seconds": 315.6784176826477}
{"event": "task_complete", "fold": 0, "completed": 307, "total": 1344, "format_errors": 0, "decisions": {"supported": 277, "other_or_general": 30}, "elapsed_seconds": 316.7359764575958}
{"event": "task_complete", "fold": 0, "completed": 308, "total": 1344, "format_errors": 0, "decisions": {"supported": 278, "other_or_general": 30}, "elapsed_seconds": 318.2574269771576}
{"event": "task_complete", "fold": 0, "completed": 309, "total": 1344, "format_errors": 0, "decisions": {"supported": 279, "other_or_general": 30}, "elapsed_seconds": 319.13012290000916}
{"event": "task_complete", "fold": 0, "completed": 310, "total": 1344, "format_errors": 0, "decisions": {"supported": 280, "other_or_general": 30}, "elapsed_seconds": 320.48848152160645}
{"event": "task_complete", "fold": 0, "completed": 311, "total": 1344, "format_errors": 0, "decisions": {"supported": 281, "other_or_general": 30}, "elapsed_seconds": 321.37414622306824}
{"event": "task_complete", "fold": 0, "completed": 312, "total": 1344, "format_errors": 0, "decisions": {"supported": 282, "other_or_general": 30}, "elapsed_seconds": 322.69416403770447}
{"event": "task_complete", "fold": 0, "completed": 313, "total": 1344, "format_errors": 0, "decisions": {"supported": 283, "other_or_general": 30}, "elapsed_seconds": 323.83889722824097}
{"event": "task_complete", "fold": 0, "completed": 314, "total": 1344, "format_errors": 0, "decisions": {"supported": 284, "other_or_general": 30}, "elapsed_seconds": 324.93259501457214}
{"event": "task_complete", "fold": 0, "completed": 315, "total": 1344, "format_errors": 0, "decisions": {"supported": 285, "other_or_general": 30}, "elapsed_seconds": 326.4117646217346}
{"event": "task_complete", "fold": 0, "completed": 316, "total": 1344, "format_errors": 0, "decisions": {"supported": 286, "other_or_general": 30}, "elapsed_seconds": 327.29710936546326}
{"event": "task_complete", "fold": 0, "completed": 317, "total": 1344, "format_errors": 0, "decisions": {"supported": 287, "other_or_general": 30}, "elapsed_seconds": 328.9375813007355}
{"event": "task_complete", "fold": 0, "completed": 318, "total": 1344, "format_errors": 0, "decisions": {"supported": 288, "other_or_general": 30}, "elapsed_seconds": 330.00501894950867}
{"event": "task_complete", "fold": 0, "completed": 319, "total": 1344, "format_errors": 0, "decisions": {"supported": 289, "other_or_general": 30}, "elapsed_seconds": 331.4848577976227}
{"event": "task_complete", "fold": 0, "completed": 320, "total": 1344, "format_errors": 0, "decisions": {"supported": 290, "other_or_general": 30}, "elapsed_seconds": 332.41453790664673}
{"event": "task_complete", "fold": 0, "completed": 321, "total": 1344, "format_errors": 0, "decisions": {"supported": 291, "other_or_general": 30}, "elapsed_seconds": 333.8135049343109}
{"event": "task_complete", "fold": 0, "completed": 322, "total": 1344, "format_errors": 0, "decisions": {"supported": 292, "other_or_general": 30}, "elapsed_seconds": 334.83945298194885}
{"event": "task_complete", "fold": 0, "completed": 323, "total": 1344, "format_errors": 0, "decisions": {"supported": 293, "other_or_general": 30}, "elapsed_seconds": 335.8078589439392}
{"event": "task_complete", "fold": 0, "completed": 324, "total": 1344, "format_errors": 0, "decisions": {"supported": 294, "other_or_general": 30}, "elapsed_seconds": 337.215528011322}
{"event": "task_complete", "fold": 0, "completed": 325, "total": 1344, "format_errors": 0, "decisions": {"supported": 295, "other_or_general": 30}, "elapsed_seconds": 338.1063005924225}
{"event": "task_complete", "fold": 0, "completed": 326, "total": 1344, "format_errors": 0, "decisions": {"supported": 295, "other_or_general": 31}, "elapsed_seconds": 339.566285610199}
{"event": "task_complete", "fold": 0, "completed": 327, "total": 1344, "format_errors": 0, "decisions": {"supported": 296, "other_or_general": 31}, "elapsed_seconds": 340.45303678512573}
{"event": "task_complete", "fold": 0, "completed": 328, "total": 1344, "format_errors": 0, "decisions": {"supported": 297, "other_or_general": 31}, "elapsed_seconds": 341.8959364891052}
{"event": "task_complete", "fold": 0, "completed": 329, "total": 1344, "format_errors": 0, "decisions": {"supported": 298, "other_or_general": 31}, "elapsed_seconds": 342.8448655605316}
{"event": "task_complete", "fold": 0, "completed": 330, "total": 1344, "format_errors": 0, "decisions": {"supported": 299, "other_or_general": 31}, "elapsed_seconds": 344.5512504577637}
{"event": "task_complete", "fold": 0, "completed": 331, "total": 1344, "format_errors": 0, "decisions": {"supported": 300, "other_or_general": 31}, "elapsed_seconds": 345.4965648651123}
{"event": "task_complete", "fold": 0, "completed": 332, "total": 1344, "format_errors": 0, "decisions": {"supported": 301, "other_or_general": 31}, "elapsed_seconds": 347.029009103775}
{"event": "task_complete", "fold": 0, "completed": 333, "total": 1344, "format_errors": 0, "decisions": {"supported": 302, "other_or_general": 31}, "elapsed_seconds": 347.9127380847931}
{"event": "task_complete", "fold": 0, "completed": 334, "total": 1344, "format_errors": 0, "decisions": {"supported": 303, "other_or_general": 31}, "elapsed_seconds": 349.30920028686523}
{"event": "task_complete", "fold": 0, "completed": 335, "total": 1344, "format_errors": 0, "decisions": {"supported": 304, "other_or_general": 31}, "elapsed_seconds": 350.2322552204132}
{"event": "task_complete", "fold": 0, "completed": 336, "total": 1344, "format_errors": 0, "decisions": {"supported": 304, "other_or_general": 32}, "elapsed_seconds": 351.28167748451233}
{"event": "task_complete", "fold": 0, "completed": 337, "total": 1344, "format_errors": 0, "decisions": {"supported": 304, "other_or_general": 33}, "elapsed_seconds": 352.3292679786682}
{"event": "task_complete", "fold": 0, "completed": 338, "total": 1344, "format_errors": 0, "decisions": {"supported": 305, "other_or_general": 33}, "elapsed_seconds": 353.2219307422638}
{"event": "task_complete", "fold": 0, "completed": 339, "total": 1344, "format_errors": 0, "decisions": {"supported": 306, "other_or_general": 33}, "elapsed_seconds": 354.5141091346741}
{"event": "task_complete", "fold": 0, "completed": 340, "total": 1344, "format_errors": 0, "decisions": {"supported": 307, "other_or_general": 33}, "elapsed_seconds": 355.46087098121643}
{"event": "task_complete", "fold": 0, "completed": 341, "total": 1344, "format_errors": 0, "decisions": {"supported": 308, "other_or_general": 33}, "elapsed_seconds": 356.4392468929291}
{"event": "task_complete", "fold": 0, "completed": 342, "total": 1344, "format_errors": 0, "decisions": {"supported": 308, "other_or_general": 34}, "elapsed_seconds": 357.55793738365173}
{"event": "task_complete", "fold": 0, "completed": 343, "total": 1344, "format_errors": 0, "decisions": {"supported": 309, "other_or_general": 34}, "elapsed_seconds": 358.5646433830261}
{"event": "task_complete", "fold": 0, "completed": 344, "total": 1344, "format_errors": 0, "decisions": {"supported": 310, "other_or_general": 34}, "elapsed_seconds": 359.46913981437683}
{"event": "task_complete", "fold": 0, "completed": 345, "total": 1344, "format_errors": 0, "decisions": {"supported": 311, "other_or_general": 34}, "elapsed_seconds": 360.36188435554504}
{"event": "task_complete", "fold": 0, "completed": 346, "total": 1344, "format_errors": 0, "decisions": {"supported": 312, "other_or_general": 34}, "elapsed_seconds": 361.3848376274109}
{"event": "task_complete", "fold": 0, "completed": 347, "total": 1344, "format_errors": 0, "decisions": {"supported": 313, "other_or_general": 34}, "elapsed_seconds": 362.6361756324768}
{"event": "task_complete", "fold": 0, "completed": 348, "total": 1344, "format_errors": 0, "decisions": {"supported": 314, "other_or_general": 34}, "elapsed_seconds": 363.5178642272949}
{"event": "task_complete", "fold": 0, "completed": 349, "total": 1344, "format_errors": 0, "decisions": {"supported": 315, "other_or_general": 34}, "elapsed_seconds": 364.545761346817}
{"event": "task_complete", "fold": 0, "completed": 350, "total": 1344, "format_errors": 0, "decisions": {"supported": 316, "other_or_general": 34}, "elapsed_seconds": 365.8200876712799}
{"event": "task_complete", "fold": 0, "completed": 351, "total": 1344, "format_errors": 0, "decisions": {"supported": 317, "other_or_general": 34}, "elapsed_seconds": 366.6996445655823}
{"event": "task_complete", "fold": 0, "completed": 352, "total": 1344, "format_errors": 0, "decisions": {"supported": 318, "other_or_general": 34}, "elapsed_seconds": 367.6582877635956}
{"event": "task_complete", "fold": 0, "completed": 353, "total": 1344, "format_errors": 0, "decisions": {"supported": 318, "other_or_general": 35}, "elapsed_seconds": 369.04045033454895}
{"event": "task_complete", "fold": 0, "completed": 354, "total": 1344, "format_errors": 0, "decisions": {"supported": 319, "other_or_general": 35}, "elapsed_seconds": 369.923317193985}
{"event": "task_complete", "fold": 0, "completed": 355, "total": 1344, "format_errors": 0, "decisions": {"supported": 320, "other_or_general": 35}, "elapsed_seconds": 370.9096574783325}
{"event": "task_complete", "fold": 0, "completed": 356, "total": 1344, "format_errors": 0, "decisions": {"supported": 320, "other_or_general": 36}, "elapsed_seconds": 371.99041986465454}
{"event": "task_complete", "fold": 0, "completed": 357, "total": 1344, "format_errors": 0, "decisions": {"supported": 321, "other_or_general": 36}, "elapsed_seconds": 372.91830587387085}
{"event": "task_complete", "fold": 0, "completed": 358, "total": 1344, "format_errors": 0, "decisions": {"supported": 322, "other_or_general": 36}, "elapsed_seconds": 374.2035126686096}
{"event": "task_complete", "fold": 0, "completed": 359, "total": 1344, "format_errors": 0, "decisions": {"supported": 323, "other_or_general": 36}, "elapsed_seconds": 375.0731008052826}
{"event": "task_complete", "fold": 0, "completed": 360, "total": 1344, "format_errors": 0, "decisions": {"supported": 324, "other_or_general": 36}, "elapsed_seconds": 376.01942896842957}
{"event": "task_complete", "fold": 0, "completed": 361, "total": 1344, "format_errors": 0, "decisions": {"supported": 325, "other_or_general": 36}, "elapsed_seconds": 377.0234351158142}
{"event": "task_complete", "fold": 0, "completed": 362, "total": 1344, "format_errors": 0, "decisions": {"supported": 325, "other_or_general": 37}, "elapsed_seconds": 378.14690828323364}
{"event": "task_complete", "fold": 0, "completed": 363, "total": 1344, "format_errors": 0, "decisions": {"supported": 326, "other_or_general": 37}, "elapsed_seconds": 379.0762538909912}
{"event": "task_complete", "fold": 0, "completed": 364, "total": 1344, "format_errors": 0, "decisions": {"supported": 327, "other_or_general": 37}, "elapsed_seconds": 379.96006083488464}
{"event": "task_complete", "fold": 0, "completed": 365, "total": 1344, "format_errors": 0, "decisions": {"supported": 328, "other_or_general": 37}, "elapsed_seconds": 381.3473572731018}
{"event": "task_complete", "fold": 0, "completed": 366, "total": 1344, "format_errors": 0, "decisions": {"supported": 329, "other_or_general": 37}, "elapsed_seconds": 382.2257535457611}
{"event": "task_complete", "fold": 0, "completed": 367, "total": 1344, "format_errors": 0, "decisions": {"supported": 329, "other_or_general": 38}, "elapsed_seconds": 383.3190324306488}
{"event": "task_complete", "fold": 0, "completed": 368, "total": 1344, "format_errors": 0, "decisions": {"supported": 330, "other_or_general": 38}, "elapsed_seconds": 384.2489149570465}
{"event": "task_complete", "fold": 0, "completed": 369, "total": 1344, "format_errors": 0, "decisions": {"supported": 331, "other_or_general": 38}, "elapsed_seconds": 385.63876843452454}
{"event": "task_complete", "fold": 0, "completed": 370, "total": 1344, "format_errors": 0, "decisions": {"supported": 331, "other_or_general": 39}, "elapsed_seconds": 386.6429533958435}
{"event": "task_complete", "fold": 0, "completed": 371, "total": 1344, "format_errors": 0, "decisions": {"supported": 332, "other_or_general": 39}, "elapsed_seconds": 387.5731449127197}
{"event": "task_complete", "fold": 0, "completed": 372, "total": 1344, "format_errors": 0, "decisions": {"supported": 333, "other_or_general": 39}, "elapsed_seconds": 388.8325378894806}
{"event": "task_complete", "fold": 0, "completed": 373, "total": 1344, "format_errors": 0, "decisions": {"supported": 334, "other_or_general": 39}, "elapsed_seconds": 389.70210814476013}
{"event": "task_complete", "fold": 0, "completed": 374, "total": 1344, "format_errors": 0, "decisions": {"supported": 335, "other_or_general": 39}, "elapsed_seconds": 390.609659910202}
{"event": "task_complete", "fold": 0, "completed": 375, "total": 1344, "format_errors": 0, "decisions": {"supported": 335, "other_or_general": 40}, "elapsed_seconds": 391.6428003311157}
{"event": "task_complete", "fold": 0, "completed": 376, "total": 1344, "format_errors": 0, "decisions": {"supported": 335, "other_or_general": 41}, "elapsed_seconds": 393.0765287876129}
{"event": "task_complete", "fold": 0, "completed": 377, "total": 1344, "format_errors": 0, "decisions": {"supported": 336, "other_or_general": 41}, "elapsed_seconds": 394.03478932380676}
{"event": "task_complete", "fold": 0, "completed": 378, "total": 1344, "format_errors": 0, "decisions": {"supported": 337, "other_or_general": 41}, "elapsed_seconds": 395.0378837585449}
{"event": "task_complete", "fold": 0, "completed": 379, "total": 1344, "format_errors": 0, "decisions": {"supported": 337, "other_or_general": 42}, "elapsed_seconds": 396.1545343399048}
{"event": "task_complete", "fold": 0, "completed": 380, "total": 1344, "format_errors": 0, "decisions": {"supported": 338, "other_or_general": 42}, "elapsed_seconds": 397.16024923324585}
{"event": "task_complete", "fold": 0, "completed": 381, "total": 1344, "format_errors": 0, "decisions": {"supported": 339, "other_or_general": 42}, "elapsed_seconds": 398.14691185951233}
{"event": "task_complete", "fold": 0, "completed": 382, "total": 1344, "format_errors": 0, "decisions": {"supported": 340, "other_or_general": 42}, "elapsed_seconds": 399.0796136856079}
{"event": "task_complete", "fold": 0, "completed": 383, "total": 1344, "format_errors": 0, "decisions": {"supported": 341, "other_or_general": 42}, "elapsed_seconds": 400.0415840148926}
{"event": "task_complete", "fold": 0, "completed": 384, "total": 1344, "format_errors": 0, "decisions": {"supported": 342, "other_or_general": 42}, "elapsed_seconds": 400.95600152015686}
{"event": "task_complete", "fold": 0, "completed": 385, "total": 1344, "format_errors": 0, "decisions": {"supported": 343, "other_or_general": 42}, "elapsed_seconds": 401.8401801586151}
{"event": "task_complete", "fold": 0, "completed": 386, "total": 1344, "format_errors": 0, "decisions": {"supported": 344, "other_or_general": 42}, "elapsed_seconds": 403.2008888721466}
{"event": "task_complete", "fold": 0, "completed": 387, "total": 1344, "format_errors": 0, "decisions": {"supported": 345, "other_or_general": 42}, "elapsed_seconds": 404.1385591030121}
{"event": "task_complete", "fold": 0, "completed": 388, "total": 1344, "format_errors": 0, "decisions": {"supported": 346, "other_or_general": 42}, "elapsed_seconds": 405.03485584259033}
{"event": "task_complete", "fold": 0, "completed": 389, "total": 1344, "format_errors": 0, "decisions": {"supported": 347, "other_or_general": 42}, "elapsed_seconds": 405.9434714317322}
{"event": "task_complete", "fold": 0, "completed": 390, "total": 1344, "format_errors": 0, "decisions": {"supported": 348, "other_or_general": 42}, "elapsed_seconds": 407.2157208919525}
{"event": "task_complete", "fold": 0, "completed": 391, "total": 1344, "format_errors": 0, "decisions": {"supported": 349, "other_or_general": 42}, "elapsed_seconds": 408.1819920539856}
{"event": "task_complete", "fold": 0, "completed": 392, "total": 1344, "format_errors": 0, "decisions": {"supported": 350, "other_or_general": 42}, "elapsed_seconds": 409.389283657074}
{"event": "task_complete", "fold": 0, "completed": 393, "total": 1344, "format_errors": 0, "decisions": {"supported": 351, "other_or_general": 42}, "elapsed_seconds": 410.37316131591797}
{"event": "task_complete", "fold": 0, "completed": 394, "total": 1344, "format_errors": 0, "decisions": {"supported": 352, "other_or_general": 42}, "elapsed_seconds": 411.5058534145355}
{"event": "task_complete", "fold": 0, "completed": 395, "total": 1344, "format_errors": 0, "decisions": {"supported": 353, "other_or_general": 42}, "elapsed_seconds": 412.8699517250061}
{"event": "task_complete", "fold": 0, "completed": 396, "total": 1344, "format_errors": 0, "decisions": {"supported": 354, "other_or_general": 42}, "elapsed_seconds": 413.74542021751404}
{"event": "task_complete", "fold": 0, "completed": 397, "total": 1344, "format_errors": 0, "decisions": {"supported": 355, "other_or_general": 42}, "elapsed_seconds": 414.6168556213379}
{"event": "task_complete", "fold": 0, "completed": 398, "total": 1344, "format_errors": 0, "decisions": {"supported": 356, "other_or_general": 42}, "elapsed_seconds": 415.957097530365}
{"event": "task_complete", "fold": 0, "completed": 399, "total": 1344, "format_errors": 0, "decisions": {"supported": 357, "other_or_general": 42}, "elapsed_seconds": 416.83225440979004}
{"event": "task_complete", "fold": 0, "completed": 400, "total": 1344, "format_errors": 0, "decisions": {"supported": 358, "other_or_general": 42}, "elapsed_seconds": 418.08420419692993}
{"event": "task_complete", "fold": 0, "completed": 401, "total": 1344, "format_errors": 0, "decisions": {"supported": 359, "other_or_general": 42}, "elapsed_seconds": 418.97314834594727}
{"event": "task_complete", "fold": 0, "completed": 402, "total": 1344, "format_errors": 0, "decisions": {"supported": 359, "other_or_general": 43}, "elapsed_seconds": 420.2421395778656}
{"event": "task_complete", "fold": 0, "completed": 403, "total": 1344, "format_errors": 0, "decisions": {"supported": 360, "other_or_general": 43}, "elapsed_seconds": 421.2461562156677}
{"event": "task_complete", "fold": 0, "completed": 404, "total": 1344, "format_errors": 0, "decisions": {"supported": 361, "other_or_general": 43}, "elapsed_seconds": 422.23712706565857}
{"event": "task_complete", "fold": 0, "completed": 405, "total": 1344, "format_errors": 0, "decisions": {"supported": 362, "other_or_general": 43}, "elapsed_seconds": 423.44809460639954}
{"event": "task_complete", "fold": 0, "completed": 406, "total": 1344, "format_errors": 0, "decisions": {"supported": 363, "other_or_general": 43}, "elapsed_seconds": 424.62956380844116}
{"event": "task_complete", "fold": 0, "completed": 407, "total": 1344, "format_errors": 0, "decisions": {"supported": 364, "other_or_general": 43}, "elapsed_seconds": 425.6181561946869}
{"event": "task_complete", "fold": 0, "completed": 408, "total": 1344, "format_errors": 0, "decisions": {"supported": 365, "other_or_general": 43}, "elapsed_seconds": 426.9430959224701}
{"event": "task_complete", "fold": 0, "completed": 409, "total": 1344, "format_errors": 0, "decisions": {"supported": 366, "other_or_general": 43}, "elapsed_seconds": 427.81708121299744}
{"event": "task_complete", "fold": 0, "completed": 410, "total": 1344, "format_errors": 0, "decisions": {"supported": 367, "other_or_general": 43}, "elapsed_seconds": 428.87977862358093}
{"event": "task_complete", "fold": 0, "completed": 411, "total": 1344, "format_errors": 0, "decisions": {"supported": 368, "other_or_general": 43}, "elapsed_seconds": 430.1178665161133}
{"event": "task_complete", "fold": 0, "completed": 412, "total": 1344, "format_errors": 0, "decisions": {"supported": 369, "other_or_general": 43}, "elapsed_seconds": 431.00330924987793}
{"event": "task_complete", "fold": 0, "completed": 413, "total": 1344, "format_errors": 0, "decisions": {"supported": 370, "other_or_general": 43}, "elapsed_seconds": 431.9774315357208}
{"event": "task_complete", "fold": 0, "completed": 414, "total": 1344, "format_errors": 0, "decisions": {"supported": 371, "other_or_general": 43}, "elapsed_seconds": 432.9878034591675}
{"event": "task_complete", "fold": 0, "completed": 415, "total": 1344, "format_errors": 0, "decisions": {"supported": 371, "other_or_general": 44}, "elapsed_seconds": 434.0994403362274}
{"event": "task_complete", "fold": 0, "completed": 416, "total": 1344, "format_errors": 0, "decisions": {"supported": 372, "other_or_general": 44}, "elapsed_seconds": 435.2645468711853}
{"event": "task_complete", "fold": 0, "completed": 417, "total": 1344, "format_errors": 0, "decisions": {"supported": 373, "other_or_general": 44}, "elapsed_seconds": 436.2198190689087}
{"event": "task_complete", "fold": 0, "completed": 418, "total": 1344, "format_errors": 0, "decisions": {"supported": 374, "other_or_general": 44}, "elapsed_seconds": 437.1033864021301}
{"event": "task_complete", "fold": 0, "completed": 419, "total": 1344, "format_errors": 0, "decisions": {"supported": 375, "other_or_general": 44}, "elapsed_seconds": 438.4757511615753}
{"event": "task_complete", "fold": 0, "completed": 420, "total": 1344, "format_errors": 0, "decisions": {"supported": 376, "other_or_general": 44}, "elapsed_seconds": 439.445805311203}
{"event": "task_complete", "fold": 0, "completed": 421, "total": 1344, "format_errors": 0, "decisions": {"supported": 377, "other_or_general": 44}, "elapsed_seconds": 440.4365005493164}
{"event": "task_complete", "fold": 0, "completed": 422, "total": 1344, "format_errors": 0, "decisions": {"supported": 378, "other_or_general": 44}, "elapsed_seconds": 441.370539188385}
{"event": "task_complete", "fold": 0, "completed": 423, "total": 1344, "format_errors": 0, "decisions": {"supported": 379, "other_or_general": 44}, "elapsed_seconds": 442.3257384300232}
{"event": "task_complete", "fold": 0, "completed": 424, "total": 1344, "format_errors": 0, "decisions": {"supported": 380, "other_or_general": 44}, "elapsed_seconds": 443.23578548431396}
{"event": "task_complete", "fold": 0, "completed": 425, "total": 1344, "format_errors": 0, "decisions": {"supported": 381, "other_or_general": 44}, "elapsed_seconds": 444.1897361278534}
{"event": "task_complete", "fold": 0, "completed": 426, "total": 1344, "format_errors": 0, "decisions": {"supported": 382, "other_or_general": 44}, "elapsed_seconds": 445.5012562274933}
{"event": "task_complete", "fold": 0, "completed": 427, "total": 1344, "format_errors": 0, "decisions": {"supported": 383, "other_or_general": 44}, "elapsed_seconds": 446.3773331642151}
{"event": "task_complete", "fold": 0, "completed": 428, "total": 1344, "format_errors": 0, "decisions": {"supported": 384, "other_or_general": 44}, "elapsed_seconds": 447.3427927494049}
{"event": "task_complete", "fold": 0, "completed": 429, "total": 1344, "format_errors": 0, "decisions": {"supported": 385, "other_or_general": 44}, "elapsed_seconds": 448.26545548439026}
{"event": "task_complete", "fold": 0, "completed": 430, "total": 1344, "format_errors": 0, "decisions": {"supported": 386, "other_or_general": 44}, "elapsed_seconds": 449.5417284965515}
{"event": "task_complete", "fold": 0, "completed": 431, "total": 1344, "format_errors": 0, "decisions": {"supported": 387, "other_or_general": 44}, "elapsed_seconds": 450.510418176651}
{"event": "task_complete", "fold": 0, "completed": 432, "total": 1344, "format_errors": 0, "decisions": {"supported": 388, "other_or_general": 44}, "elapsed_seconds": 451.43386459350586}
{"event": "task_complete", "fold": 0, "completed": 433, "total": 1344, "format_errors": 0, "decisions": {"supported": 389, "other_or_general": 44}, "elapsed_seconds": 452.69599962234497}
{"event": "task_complete", "fold": 0, "completed": 434, "total": 1344, "format_errors": 0, "decisions": {"supported": 390, "other_or_general": 44}, "elapsed_seconds": 453.6940062046051}
{"event": "task_complete", "fold": 0, "completed": 435, "total": 1344, "format_errors": 0, "decisions": {"supported": 391, "other_or_general": 44}, "elapsed_seconds": 454.65124130249023}
{"event": "task_complete", "fold": 0, "completed": 436, "total": 1344, "format_errors": 0, "decisions": {"supported": 392, "other_or_general": 44}, "elapsed_seconds": 455.5534222126007}
{"event": "task_complete", "fold": 0, "completed": 437, "total": 1344, "format_errors": 0, "decisions": {"supported": 393, "other_or_general": 44}, "elapsed_seconds": 456.7827498912811}
{"event": "task_complete", "fold": 0, "completed": 438, "total": 1344, "format_errors": 0, "decisions": {"supported": 394, "other_or_general": 44}, "elapsed_seconds": 457.74648809432983}
{"event": "task_complete", "fold": 0, "completed": 439, "total": 1344, "format_errors": 0, "decisions": {"supported": 395, "other_or_general": 44}, "elapsed_seconds": 458.7149360179901}
{"event": "task_complete", "fold": 0, "completed": 440, "total": 1344, "format_errors": 0, "decisions": {"supported": 396, "other_or_general": 44}, "elapsed_seconds": 459.6820955276489}
{"event": "task_complete", "fold": 0, "completed": 441, "total": 1344, "format_errors": 0, "decisions": {"supported": 397, "other_or_general": 44}, "elapsed_seconds": 460.6537857055664}
{"event": "task_complete", "fold": 0, "completed": 442, "total": 1344, "format_errors": 0, "decisions": {"supported": 398, "other_or_general": 44}, "elapsed_seconds": 461.70395970344543}
{"event": "task_complete", "fold": 0, "completed": 443, "total": 1344, "format_errors": 0, "decisions": {"supported": 399, "other_or_general": 44}, "elapsed_seconds": 462.7220001220703}
{"event": "task_complete", "fold": 0, "completed": 444, "total": 1344, "format_errors": 0, "decisions": {"supported": 400, "other_or_general": 44}, "elapsed_seconds": 463.9508800506592}
{"event": "task_complete", "fold": 0, "completed": 445, "total": 1344, "format_errors": 0, "decisions": {"supported": 401, "other_or_general": 44}, "elapsed_seconds": 464.9437484741211}
{"event": "task_complete", "fold": 0, "completed": 446, "total": 1344, "format_errors": 0, "decisions": {"supported": 402, "other_or_general": 44}, "elapsed_seconds": 465.9192867279053}
{"event": "task_complete", "fold": 0, "completed": 447, "total": 1344, "format_errors": 0, "decisions": {"supported": 403, "other_or_general": 44}, "elapsed_seconds": 466.86349415779114}
{"event": "task_complete", "fold": 0, "completed": 448, "total": 1344, "format_errors": 0, "decisions": {"supported": 404, "other_or_general": 44}, "elapsed_seconds": 467.8274018764496}
{"event": "task_complete", "fold": 0, "completed": 449, "total": 1344, "format_errors": 0, "decisions": {"supported": 405, "other_or_general": 44}, "elapsed_seconds": 468.73839926719666}
{"event": "task_complete", "fold": 0, "completed": 450, "total": 1344, "format_errors": 0, "decisions": {"supported": 405, "other_or_general": 45}, "elapsed_seconds": 470.18019914627075}
{"event": "task_complete", "fold": 0, "completed": 451, "total": 1344, "format_errors": 0, "decisions": {"supported": 405, "other_or_general": 46}, "elapsed_seconds": 471.18709230422974}
{"event": "task_complete", "fold": 0, "completed": 452, "total": 1344, "format_errors": 0, "decisions": {"supported": 406, "other_or_general": 46}, "elapsed_seconds": 472.17257738113403}
{"event": "task_complete", "fold": 0, "completed": 453, "total": 1344, "format_errors": 0, "decisions": {"supported": 406, "other_or_general": 47}, "elapsed_seconds": 473.28921461105347}
{"event": "task_complete", "fold": 0, "completed": 454, "total": 1344, "format_errors": 0, "decisions": {"supported": 406, "other_or_general": 48}, "elapsed_seconds": 474.6439037322998}
{"event": "task_complete", "fold": 0, "completed": 455, "total": 1344, "format_errors": 0, "decisions": {"supported": 406, "other_or_general": 49}, "elapsed_seconds": 476.01499795913696}
{"event": "task_complete", "fold": 0, "completed": 456, "total": 1344, "format_errors": 0, "decisions": {"supported": 407, "other_or_general": 49}, "elapsed_seconds": 476.9613256454468}
{"event": "task_complete", "fold": 0, "completed": 457, "total": 1344, "format_errors": 0, "decisions": {"supported": 408, "other_or_general": 49}, "elapsed_seconds": 478.1741409301758}
{"event": "task_complete", "fold": 0, "completed": 458, "total": 1344, "format_errors": 0, "decisions": {"supported": 408, "other_or_general": 50}, "elapsed_seconds": 479.28420877456665}
{"event": "task_complete", "fold": 0, "completed": 459, "total": 1344, "format_errors": 0, "decisions": {"supported": 409, "other_or_general": 50}, "elapsed_seconds": 480.19321060180664}
{"event": "task_complete", "fold": 0, "completed": 460, "total": 1344, "format_errors": 0, "decisions": {"supported": 410, "other_or_general": 50}, "elapsed_seconds": 481.4874348640442}
{"event": "task_complete", "fold": 0, "completed": 461, "total": 1344, "format_errors": 0, "decisions": {"supported": 411, "other_or_general": 50}, "elapsed_seconds": 482.42030096054077}
{"event": "task_complete", "fold": 0, "completed": 462, "total": 1344, "format_errors": 0, "decisions": {"supported": 412, "other_or_general": 50}, "elapsed_seconds": 483.3895010948181}
{"event": "task_complete", "fold": 0, "completed": 463, "total": 1344, "format_errors": 0, "decisions": {"supported": 413, "other_or_general": 50}, "elapsed_seconds": 484.50602674484253}
{"event": "task_complete", "fold": 0, "completed": 464, "total": 1344, "format_errors": 0, "decisions": {"supported": 414, "other_or_general": 50}, "elapsed_seconds": 486.04257822036743}
{"event": "task_complete", "fold": 0, "completed": 465, "total": 1344, "format_errors": 0, "decisions": {"supported": 414, "other_or_general": 51}, "elapsed_seconds": 487.1032905578613}
{"event": "task_complete", "fold": 0, "completed": 466, "total": 1344, "format_errors": 0, "decisions": {"supported": 415, "other_or_general": 51}, "elapsed_seconds": 487.9950182437897}
{"event": "task_complete", "fold": 0, "completed": 467, "total": 1344, "format_errors": 0, "decisions": {"supported": 416, "other_or_general": 51}, "elapsed_seconds": 489.476487159729}
{"event": "task_complete", "fold": 0, "completed": 468, "total": 1344, "format_errors": 0, "decisions": {"supported": 417, "other_or_general": 51}, "elapsed_seconds": 490.55045557022095}
{"event": "task_complete", "fold": 0, "completed": 469, "total": 1344, "format_errors": 0, "decisions": {"supported": 418, "other_or_general": 51}, "elapsed_seconds": 491.873450756073}
{"event": "task_complete", "fold": 0, "completed": 470, "total": 1344, "format_errors": 0, "decisions": {"supported": 419, "other_or_general": 51}, "elapsed_seconds": 492.7454869747162}
{"event": "task_complete", "fold": 0, "completed": 471, "total": 1344, "format_errors": 0, "decisions": {"supported": 420, "other_or_general": 51}, "elapsed_seconds": 493.6652524471283}
{"event": "task_complete", "fold": 0, "completed": 472, "total": 1344, "format_errors": 0, "decisions": {"supported": 421, "other_or_general": 51}, "elapsed_seconds": 494.60304832458496}
{"event": "task_complete", "fold": 0, "completed": 473, "total": 1344, "format_errors": 0, "decisions": {"supported": 422, "other_or_general": 51}, "elapsed_seconds": 495.9132797718048}
{"event": "task_complete", "fold": 0, "completed": 474, "total": 1344, "format_errors": 0, "decisions": {"supported": 423, "other_or_general": 51}, "elapsed_seconds": 497.12740206718445}
{"event": "task_complete", "fold": 0, "completed": 475, "total": 1344, "format_errors": 0, "decisions": {"supported": 424, "other_or_general": 51}, "elapsed_seconds": 498.24719524383545}
{"event": "task_complete", "fold": 0, "completed": 476, "total": 1344, "format_errors": 0, "decisions": {"supported": 425, "other_or_general": 51}, "elapsed_seconds": 499.8883626461029}
{"event": "task_complete", "fold": 0, "completed": 477, "total": 1344, "format_errors": 0, "decisions": {"supported": 426, "other_or_general": 51}, "elapsed_seconds": 500.7723743915558}
{"event": "task_complete", "fold": 0, "completed": 478, "total": 1344, "format_errors": 0, "decisions": {"supported": 427, "other_or_general": 51}, "elapsed_seconds": 501.7144310474396}
{"event": "task_complete", "fold": 0, "completed": 479, "total": 1344, "format_errors": 0, "decisions": {"supported": 428, "other_or_general": 51}, "elapsed_seconds": 503.10202407836914}
{"event": "task_complete", "fold": 0, "completed": 480, "total": 1344, "format_errors": 0, "decisions": {"supported": 429, "other_or_general": 51}, "elapsed_seconds": 504.0493574142456}
{"event": "task_complete", "fold": 0, "completed": 481, "total": 1344, "format_errors": 0, "decisions": {"supported": 430, "other_or_general": 51}, "elapsed_seconds": 505.54688024520874}
{"event": "task_complete", "fold": 0, "completed": 482, "total": 1344, "format_errors": 0, "decisions": {"supported": 431, "other_or_general": 51}, "elapsed_seconds": 506.4820029735565}
{"event": "task_complete", "fold": 0, "completed": 483, "total": 1344, "format_errors": 0, "decisions": {"supported": 432, "other_or_general": 51}, "elapsed_seconds": 507.9513704776764}
{"event": "task_complete", "fold": 0, "completed": 484, "total": 1344, "format_errors": 0, "decisions": {"supported": 433, "other_or_general": 51}, "elapsed_seconds": 508.88489747047424}
{"event": "task_complete", "fold": 0, "completed": 485, "total": 1344, "format_errors": 0, "decisions": {"supported": 434, "other_or_general": 51}, "elapsed_seconds": 510.2827296257019}
{"event": "task_complete", "fold": 0, "completed": 486, "total": 1344, "format_errors": 0, "decisions": {"supported": 435, "other_or_general": 51}, "elapsed_seconds": 511.16654419898987}
{"event": "task_complete", "fold": 0, "completed": 487, "total": 1344, "format_errors": 0, "decisions": {"supported": 436, "other_or_general": 51}, "elapsed_seconds": 512.7152156829834}
{"event": "task_complete", "fold": 0, "completed": 488, "total": 1344, "format_errors": 0, "decisions": {"supported": 437, "other_or_general": 51}, "elapsed_seconds": 513.8031735420227}
{"event": "task_complete", "fold": 0, "completed": 489, "total": 1344, "format_errors": 0, "decisions": {"supported": 438, "other_or_general": 51}, "elapsed_seconds": 515.1623027324677}
{"event": "task_complete", "fold": 0, "completed": 490, "total": 1344, "format_errors": 0, "decisions": {"supported": 439, "other_or_general": 51}, "elapsed_seconds": 516.0482437610626}
{"event": "task_complete", "fold": 0, "completed": 491, "total": 1344, "format_errors": 0, "decisions": {"supported": 439, "other_or_general": 52}, "elapsed_seconds": 517.5815925598145}
{"event": "task_complete", "fold": 0, "completed": 492, "total": 1344, "format_errors": 0, "decisions": {"supported": 440, "other_or_general": 52}, "elapsed_seconds": 518.4700403213501}
{"event": "task_complete", "fold": 0, "completed": 493, "total": 1344, "format_errors": 0, "decisions": {"supported": 441, "other_or_general": 52}, "elapsed_seconds": 519.7642812728882}
{"event": "task_complete", "fold": 0, "completed": 494, "total": 1344, "format_errors": 0, "decisions": {"supported": 442, "other_or_general": 52}, "elapsed_seconds": 520.6490647792816}
{"event": "task_complete", "fold": 0, "completed": 495, "total": 1344, "format_errors": 0, "decisions": {"supported": 443, "other_or_general": 52}, "elapsed_seconds": 521.6226379871368}
{"event": "task_complete", "fold": 0, "completed": 496, "total": 1344, "format_errors": 0, "decisions": {"supported": 444, "other_or_general": 52}, "elapsed_seconds": 523.0389595031738}
{"event": "task_complete", "fold": 0, "completed": 497, "total": 1344, "format_errors": 0, "decisions": {"supported": 445, "other_or_general": 52}, "elapsed_seconds": 524.3888294696808}
{"event": "task_complete", "fold": 0, "completed": 498, "total": 1344, "format_errors": 0, "decisions": {"supported": 446, "other_or_general": 52}, "elapsed_seconds": 525.3130521774292}
{"event": "task_complete", "fold": 0, "completed": 499, "total": 1344, "format_errors": 0, "decisions": {"supported": 447, "other_or_general": 52}, "elapsed_seconds": 526.8868179321289}
{"event": "task_complete", "fold": 0, "completed": 500, "total": 1344, "format_errors": 0, "decisions": {"supported": 448, "other_or_general": 52}, "elapsed_seconds": 528.4102189540863}
{"event": "task_complete", "fold": 0, "completed": 501, "total": 1344, "format_errors": 0, "decisions": {"supported": 449, "other_or_general": 52}, "elapsed_seconds": 529.6299228668213}
{"event": "task_complete", "fold": 0, "completed": 502, "total": 1344, "format_errors": 0, "decisions": {"supported": 450, "other_or_general": 52}, "elapsed_seconds": 530.5550847053528}
{"event": "task_complete", "fold": 0, "completed": 503, "total": 1344, "format_errors": 0, "decisions": {"supported": 451, "other_or_general": 52}, "elapsed_seconds": 531.9076271057129}
{"event": "task_complete", "fold": 0, "completed": 504, "total": 1344, "format_errors": 0, "decisions": {"supported": 452, "other_or_general": 52}, "elapsed_seconds": 532.8930568695068}
{"event": "task_complete", "fold": 0, "completed": 505, "total": 1344, "format_errors": 0, "decisions": {"supported": 453, "other_or_general": 52}, "elapsed_seconds": 533.8367569446564}
{"event": "task_complete", "fold": 0, "completed": 506, "total": 1344, "format_errors": 0, "decisions": {"supported": 454, "other_or_general": 52}, "elapsed_seconds": 535.0714318752289}
{"event": "task_complete", "fold": 0, "completed": 507, "total": 1344, "format_errors": 0, "decisions": {"supported": 455, "other_or_general": 52}, "elapsed_seconds": 536.58398604393}
{"event": "task_complete", "fold": 0, "completed": 508, "total": 1344, "format_errors": 0, "decisions": {"supported": 456, "other_or_general": 52}, "elapsed_seconds": 537.6314194202423}
{"event": "task_complete", "fold": 0, "completed": 509, "total": 1344, "format_errors": 0, "decisions": {"supported": 457, "other_or_general": 52}, "elapsed_seconds": 538.5781488418579}
{"event": "task_complete", "fold": 0, "completed": 510, "total": 1344, "format_errors": 0, "decisions": {"supported": 458, "other_or_general": 52}, "elapsed_seconds": 539.5014951229095}
{"event": "task_complete", "fold": 0, "completed": 511, "total": 1344, "format_errors": 0, "decisions": {"supported": 459, "other_or_general": 52}, "elapsed_seconds": 540.6554532051086}
{"event": "task_complete", "fold": 0, "completed": 512, "total": 1344, "format_errors": 0, "decisions": {"supported": 460, "other_or_general": 52}, "elapsed_seconds": 541.8186585903168}
{"event": "task_complete", "fold": 0, "completed": 513, "total": 1344, "format_errors": 0, "decisions": {"supported": 461, "other_or_general": 52}, "elapsed_seconds": 543.4577031135559}
{"event": "task_complete", "fold": 0, "completed": 514, "total": 1344, "format_errors": 0, "decisions": {"supported": 462, "other_or_general": 52}, "elapsed_seconds": 544.411025762558}
{"event": "task_complete", "fold": 0, "completed": 515, "total": 1344, "format_errors": 0, "decisions": {"supported": 463, "other_or_general": 52}, "elapsed_seconds": 545.3312413692474}
{"event": "task_complete", "fold": 0, "completed": 516, "total": 1344, "format_errors": 0, "decisions": {"supported": 464, "other_or_general": 52}, "elapsed_seconds": 546.3435866832733}
{"event": "task_complete", "fold": 0, "completed": 517, "total": 1344, "format_errors": 0, "decisions": {"supported": 465, "other_or_general": 52}, "elapsed_seconds": 547.253410577774}
{"event": "task_complete", "fold": 0, "completed": 518, "total": 1344, "format_errors": 0, "decisions": {"supported": 466, "other_or_general": 52}, "elapsed_seconds": 548.9607999324799}
{"event": "task_complete", "fold": 0, "completed": 519, "total": 1344, "format_errors": 0, "decisions": {"supported": 467, "other_or_general": 52}, "elapsed_seconds": 549.8990199565887}
{"event": "task_complete", "fold": 0, "completed": 520, "total": 1344, "format_errors": 0, "decisions": {"supported": 468, "other_or_general": 52}, "elapsed_seconds": 551.3018894195557}
{"event": "task_complete", "fold": 0, "completed": 521, "total": 1344, "format_errors": 0, "decisions": {"supported": 469, "other_or_general": 52}, "elapsed_seconds": 552.1827974319458}
{"event": "task_complete", "fold": 0, "completed": 522, "total": 1344, "format_errors": 0, "decisions": {"supported": 470, "other_or_general": 52}, "elapsed_seconds": 553.6439139842987}
{"event": "task_complete", "fold": 0, "completed": 523, "total": 1344, "format_errors": 0, "decisions": {"supported": 471, "other_or_general": 52}, "elapsed_seconds": 554.6325981616974}
{"event": "task_complete", "fold": 0, "completed": 524, "total": 1344, "format_errors": 0, "decisions": {"supported": 472, "other_or_general": 52}, "elapsed_seconds": 556.002021074295}
{"event": "task_complete", "fold": 0, "completed": 525, "total": 1344, "format_errors": 0, "decisions": {"supported": 473, "other_or_general": 52}, "elapsed_seconds": 556.8908491134644}
{"event": "task_complete", "fold": 0, "completed": 526, "total": 1344, "format_errors": 0, "decisions": {"supported": 474, "other_or_general": 52}, "elapsed_seconds": 558.5004360675812}
{"event": "task_complete", "fold": 0, "completed": 527, "total": 1344, "format_errors": 0, "decisions": {"supported": 475, "other_or_general": 52}, "elapsed_seconds": 559.5824069976807}
{"event": "task_complete", "fold": 0, "completed": 528, "total": 1344, "format_errors": 0, "decisions": {"supported": 476, "other_or_general": 52}, "elapsed_seconds": 560.5669603347778}
{"event": "task_complete", "fold": 0, "completed": 529, "total": 1344, "format_errors": 0, "decisions": {"supported": 477, "other_or_general": 52}, "elapsed_seconds": 561.9316544532776}
{"event": "task_complete", "fold": 0, "completed": 530, "total": 1344, "format_errors": 0, "decisions": {"supported": 478, "other_or_general": 52}, "elapsed_seconds": 562.922208070755}
{"event": "task_complete", "fold": 0, "completed": 531, "total": 1344, "format_errors": 0, "decisions": {"supported": 479, "other_or_general": 52}, "elapsed_seconds": 564.1326479911804}
{"event": "task_complete", "fold": 0, "completed": 532, "total": 1344, "format_errors": 0, "decisions": {"supported": 479, "other_or_general": 53}, "elapsed_seconds": 565.4826385974884}
{"event": "task_complete", "fold": 0, "completed": 533, "total": 1344, "format_errors": 0, "decisions": {"supported": 480, "other_or_general": 53}, "elapsed_seconds": 566.4786596298218}
{"event": "task_complete", "fold": 0, "completed": 534, "total": 1344, "format_errors": 0, "decisions": {"supported": 481, "other_or_general": 53}, "elapsed_seconds": 567.4273200035095}
{"event": "task_complete", "fold": 0, "completed": 535, "total": 1344, "format_errors": 0, "decisions": {"supported": 482, "other_or_general": 53}, "elapsed_seconds": 568.4266428947449}
{"event": "task_complete", "fold": 0, "completed": 536, "total": 1344, "format_errors": 0, "decisions": {"supported": 482, "other_or_general": 54}, "elapsed_seconds": 569.7880334854126}
{"event": "task_complete", "fold": 0, "completed": 537, "total": 1344, "format_errors": 0, "decisions": {"supported": 483, "other_or_general": 54}, "elapsed_seconds": 570.7694439888}
{"event": "task_complete", "fold": 0, "completed": 538, "total": 1344, "format_errors": 0, "decisions": {"supported": 483, "other_or_general": 55}, "elapsed_seconds": 571.899317741394}
{"event": "task_complete", "fold": 0, "completed": 539, "total": 1344, "format_errors": 0, "decisions": {"supported": 483, "other_or_general": 56}, "elapsed_seconds": 572.9286737442017}
{"event": "task_complete", "fold": 0, "completed": 540, "total": 1344, "format_errors": 0, "decisions": {"supported": 483, "other_or_general": 57}, "elapsed_seconds": 574.5285828113556}
{"event": "task_complete", "fold": 0, "completed": 541, "total": 1344, "format_errors": 0, "decisions": {"supported": 484, "other_or_general": 57}, "elapsed_seconds": 575.4087476730347}
{"event": "task_complete", "fold": 0, "completed": 542, "total": 1344, "format_errors": 0, "decisions": {"supported": 485, "other_or_general": 57}, "elapsed_seconds": 576.7128372192383}
{"event": "task_complete", "fold": 0, "completed": 543, "total": 1344, "format_errors": 0, "decisions": {"supported": 486, "other_or_general": 57}, "elapsed_seconds": 577.6444110870361}
{"event": "task_complete", "fold": 0, "completed": 544, "total": 1344, "format_errors": 0, "decisions": {"supported": 486, "other_or_general": 58}, "elapsed_seconds": 578.9760255813599}
{"event": "task_complete", "fold": 0, "completed": 545, "total": 1344, "format_errors": 0, "decisions": {"supported": 487, "other_or_general": 58}, "elapsed_seconds": 579.9463617801666}
{"event": "task_complete", "fold": 0, "completed": 546, "total": 1344, "format_errors": 0, "decisions": {"supported": 488, "other_or_general": 58}, "elapsed_seconds": 580.8659720420837}
{"event": "task_complete", "fold": 0, "completed": 547, "total": 1344, "format_errors": 0, "decisions": {"supported": 489, "other_or_general": 58}, "elapsed_seconds": 581.8070225715637}
{"event": "task_complete", "fold": 0, "completed": 548, "total": 1344, "format_errors": 0, "decisions": {"supported": 490, "other_or_general": 58}, "elapsed_seconds": 583.1448514461517}
{"event": "task_complete", "fold": 0, "completed": 549, "total": 1344, "format_errors": 0, "decisions": {"supported": 491, "other_or_general": 58}, "elapsed_seconds": 584.0248022079468}
{"event": "task_complete", "fold": 0, "completed": 550, "total": 1344, "format_errors": 0, "decisions": {"supported": 491, "other_or_general": 59}, "elapsed_seconds": 585.3830418586731}
{"event": "task_complete", "fold": 0, "completed": 551, "total": 1344, "format_errors": 0, "decisions": {"supported": 492, "other_or_general": 59}, "elapsed_seconds": 586.6327693462372}
{"event": "task_complete", "fold": 0, "completed": 552, "total": 1344, "format_errors": 0, "decisions": {"supported": 493, "other_or_general": 59}, "elapsed_seconds": 587.741872549057}
{"event": "task_complete", "fold": 0, "completed": 553, "total": 1344, "format_errors": 0, "decisions": {"supported": 494, "other_or_general": 59}, "elapsed_seconds": 588.6118557453156}
{"event": "task_complete", "fold": 0, "completed": 554, "total": 1344, "format_errors": 0, "decisions": {"supported": 495, "other_or_general": 59}, "elapsed_seconds": 589.5810511112213}
{"event": "task_complete", "fold": 0, "completed": 555, "total": 1344, "format_errors": 0, "decisions": {"supported": 496, "other_or_general": 59}, "elapsed_seconds": 590.4972236156464}
{"event": "task_complete", "fold": 0, "completed": 556, "total": 1344, "format_errors": 0, "decisions": {"supported": 497, "other_or_general": 59}, "elapsed_seconds": 591.7427613735199}
{"event": "task_complete", "fold": 0, "completed": 557, "total": 1344, "format_errors": 0, "decisions": {"supported": 498, "other_or_general": 59}, "elapsed_seconds": 593.0279760360718}
{"event": "task_complete", "fold": 0, "completed": 558, "total": 1344, "format_errors": 0, "decisions": {"supported": 498, "other_or_general": 60}, "elapsed_seconds": 594.4608252048492}
{"event": "task_complete", "fold": 0, "completed": 559, "total": 1344, "format_errors": 0, "decisions": {"supported": 499, "other_or_general": 60}, "elapsed_seconds": 595.642856836319}
{"event": "task_complete", "fold": 0, "completed": 560, "total": 1344, "format_errors": 0, "decisions": {"supported": 500, "other_or_general": 60}, "elapsed_seconds": 596.5227868556976}
{"event": "task_complete", "fold": 0, "completed": 561, "total": 1344, "format_errors": 0, "decisions": {"supported": 501, "other_or_general": 60}, "elapsed_seconds": 597.4816584587097}
{"event": "task_complete", "fold": 0, "completed": 562, "total": 1344, "format_errors": 0, "decisions": {"supported": 502, "other_or_general": 60}, "elapsed_seconds": 598.3726351261139}
{"event": "task_complete", "fold": 0, "completed": 563, "total": 1344, "format_errors": 0, "decisions": {"supported": 503, "other_or_general": 60}, "elapsed_seconds": 599.7436530590057}
{"event": "task_complete", "fold": 0, "completed": 564, "total": 1344, "format_errors": 0, "decisions": {"supported": 504, "other_or_general": 60}, "elapsed_seconds": 600.6094858646393}
{"event": "task_complete", "fold": 0, "completed": 565, "total": 1344, "format_errors": 0, "decisions": {"supported": 505, "other_or_general": 60}, "elapsed_seconds": 601.8492982387543}
{"event": "task_complete", "fold": 0, "completed": 566, "total": 1344, "format_errors": 0, "decisions": {"supported": 506, "other_or_general": 60}, "elapsed_seconds": 602.7753262519836}
{"event": "task_complete", "fold": 0, "completed": 567, "total": 1344, "format_errors": 0, "decisions": {"supported": 506, "other_or_general": 61}, "elapsed_seconds": 603.8054821491241}
{"event": "task_complete", "fold": 0, "completed": 568, "total": 1344, "format_errors": 0, "decisions": {"supported": 506, "other_or_general": 62}, "elapsed_seconds": 605.3369464874268}
{"event": "task_complete", "fold": 0, "completed": 569, "total": 1344, "format_errors": 0, "decisions": {"supported": 507, "other_or_general": 62}, "elapsed_seconds": 606.2249228954315}
{"event": "task_complete", "fold": 0, "completed": 570, "total": 1344, "format_errors": 0, "decisions": {"supported": 508, "other_or_general": 62}, "elapsed_seconds": 607.4042448997498}
{"event": "task_complete", "fold": 0, "completed": 571, "total": 1344, "format_errors": 0, "decisions": {"supported": 509, "other_or_general": 62}, "elapsed_seconds": 608.3462345600128}
{"event": "task_complete", "fold": 0, "completed": 572, "total": 1344, "format_errors": 0, "decisions": {"supported": 510, "other_or_general": 62}, "elapsed_seconds": 609.2853937149048}
{"event": "task_complete", "fold": 0, "completed": 573, "total": 1344, "format_errors": 0, "decisions": {"supported": 511, "other_or_general": 62}, "elapsed_seconds": 610.6021382808685}
{"event": "task_complete", "fold": 0, "completed": 574, "total": 1344, "format_errors": 0, "decisions": {"supported": 512, "other_or_general": 62}, "elapsed_seconds": 611.4921534061432}
{"event": "task_complete", "fold": 0, "completed": 575, "total": 1344, "format_errors": 0, "decisions": {"supported": 513, "other_or_general": 62}, "elapsed_seconds": 612.7070722579956}
{"event": "task_complete", "fold": 0, "completed": 576, "total": 1344, "format_errors": 0, "decisions": {"supported": 514, "other_or_general": 62}, "elapsed_seconds": 613.77308344841}
{"event": "task_complete", "fold": 0, "completed": 577, "total": 1344, "format_errors": 0, "decisions": {"supported": 515, "other_or_general": 62}, "elapsed_seconds": 614.73686003685}
{"event": "task_complete", "fold": 0, "completed": 578, "total": 1344, "format_errors": 0, "decisions": {"supported": 516, "other_or_general": 62}, "elapsed_seconds": 615.738781452179}
{"event": "task_complete", "fold": 0, "completed": 579, "total": 1344, "format_errors": 0, "decisions": {"supported": 517, "other_or_general": 62}, "elapsed_seconds": 616.6794204711914}
{"event": "task_complete", "fold": 0, "completed": 580, "total": 1344, "format_errors": 0, "decisions": {"supported": 518, "other_or_general": 62}, "elapsed_seconds": 617.6181001663208}
{"event": "task_complete", "fold": 0, "completed": 581, "total": 1344, "format_errors": 0, "decisions": {"supported": 519, "other_or_general": 62}, "elapsed_seconds": 618.5566914081573}
{"event": "task_complete", "fold": 0, "completed": 582, "total": 1344, "format_errors": 0, "decisions": {"supported": 520, "other_or_general": 62}, "elapsed_seconds": 619.4648840427399}
{"event": "task_complete", "fold": 0, "completed": 583, "total": 1344, "format_errors": 0, "decisions": {"supported": 521, "other_or_general": 62}, "elapsed_seconds": 620.3911778926849}
{"event": "task_complete", "fold": 0, "completed": 584, "total": 1344, "format_errors": 0, "decisions": {"supported": 522, "other_or_general": 62}, "elapsed_seconds": 621.2830781936646}
{"event": "task_complete", "fold": 0, "completed": 585, "total": 1344, "format_errors": 0, "decisions": {"supported": 523, "other_or_general": 62}, "elapsed_seconds": 622.6233632564545}
{"event": "task_complete", "fold": 0, "completed": 586, "total": 1344, "format_errors": 0, "decisions": {"supported": 524, "other_or_general": 62}, "elapsed_seconds": 623.5087676048279}
{"event": "task_complete", "fold": 0, "completed": 587, "total": 1344, "format_errors": 0, "decisions": {"supported": 525, "other_or_general": 62}, "elapsed_seconds": 624.8335204124451}
{"event": "task_complete", "fold": 0, "completed": 588, "total": 1344, "format_errors": 0, "decisions": {"supported": 526, "other_or_general": 62}, "elapsed_seconds": 625.7055740356445}
{"event": "task_complete", "fold": 0, "completed": 589, "total": 1344, "format_errors": 0, "decisions": {"supported": 527, "other_or_general": 62}, "elapsed_seconds": 626.8891217708588}
{"event": "task_complete", "fold": 0, "completed": 590, "total": 1344, "format_errors": 0, "decisions": {"supported": 528, "other_or_general": 62}, "elapsed_seconds": 627.8924758434296}
{"event": "task_complete", "fold": 0, "completed": 591, "total": 1344, "format_errors": 0, "decisions": {"supported": 529, "other_or_general": 62}, "elapsed_seconds": 628.8045592308044}
{"event": "task_complete", "fold": 0, "completed": 592, "total": 1344, "format_errors": 0, "decisions": {"supported": 529, "other_or_general": 63}, "elapsed_seconds": 629.8420038223267}
{"event": "task_complete", "fold": 0, "completed": 593, "total": 1344, "format_errors": 0, "decisions": {"supported": 529, "other_or_general": 64}, "elapsed_seconds": 631.3415508270264}
{"event": "task_complete", "fold": 0, "completed": 594, "total": 1344, "format_errors": 0, "decisions": {"supported": 530, "other_or_general": 64}, "elapsed_seconds": 632.2079086303711}
{"event": "task_complete", "fold": 0, "completed": 595, "total": 1344, "format_errors": 0, "decisions": {"supported": 531, "other_or_general": 64}, "elapsed_seconds": 633.5094842910767}
{"event": "task_complete", "fold": 0, "completed": 596, "total": 1344, "format_errors": 0, "decisions": {"supported": 532, "other_or_general": 64}, "elapsed_seconds": 634.3940432071686}
{"event": "task_complete", "fold": 0, "completed": 597, "total": 1344, "format_errors": 0, "decisions": {"supported": 533, "other_or_general": 64}, "elapsed_seconds": 635.7500290870667}
{"event": "task_complete", "fold": 0, "completed": 598, "total": 1344, "format_errors": 0, "decisions": {"supported": 534, "other_or_general": 64}, "elapsed_seconds": 636.6265642642975}
{"event": "task_complete", "fold": 0, "completed": 599, "total": 1344, "format_errors": 0, "decisions": {"supported": 535, "other_or_general": 64}, "elapsed_seconds": 637.5573501586914}
{"event": "task_complete", "fold": 0, "completed": 600, "total": 1344, "format_errors": 0, "decisions": {"supported": 535, "other_or_general": 65}, "elapsed_seconds": 639.0093159675598}
{"event": "task_complete", "fold": 0, "completed": 601, "total": 1344, "format_errors": 0, "decisions": {"supported": 536, "other_or_general": 65}, "elapsed_seconds": 639.9736156463623}
{"event": "task_complete", "fold": 0, "completed": 602, "total": 1344, "format_errors": 0, "decisions": {"supported": 537, "other_or_general": 65}, "elapsed_seconds": 640.9164760112762}
{"event": "task_complete", "fold": 0, "completed": 603, "total": 1344, "format_errors": 0, "decisions": {"supported": 538, "other_or_general": 65}, "elapsed_seconds": 641.8645980358124}
{"event": "task_complete", "fold": 0, "completed": 604, "total": 1344, "format_errors": 0, "decisions": {"supported": 539, "other_or_general": 65}, "elapsed_seconds": 642.8908984661102}
{"event": "task_complete", "fold": 0, "completed": 605, "total": 1344, "format_errors": 0, "decisions": {"supported": 540, "other_or_general": 65}, "elapsed_seconds": 644.0310389995575}
{"event": "task_complete", "fold": 0, "completed": 606, "total": 1344, "format_errors": 0, "decisions": {"supported": 541, "other_or_general": 65}, "elapsed_seconds": 644.9679017066956}
{"event": "task_complete", "fold": 0, "completed": 607, "total": 1344, "format_errors": 0, "decisions": {"supported": 542, "other_or_general": 65}, "elapsed_seconds": 646.0255446434021}
{"event": "task_complete", "fold": 0, "completed": 608, "total": 1344, "format_errors": 0, "decisions": {"supported": 543, "other_or_general": 65}, "elapsed_seconds": 646.9453234672546}
{"event": "task_complete", "fold": 0, "completed": 609, "total": 1344, "format_errors": 0, "decisions": {"supported": 544, "other_or_general": 65}, "elapsed_seconds": 647.9764857292175}
{"event": "task_complete", "fold": 0, "completed": 610, "total": 1344, "format_errors": 0, "decisions": {"supported": 544, "other_or_general": 66}, "elapsed_seconds": 649.4463562965393}
{"event": "task_complete", "fold": 0, "completed": 611, "total": 1344, "format_errors": 0, "decisions": {"supported": 545, "other_or_general": 66}, "elapsed_seconds": 650.3299095630646}
{"event": "task_complete", "fold": 0, "completed": 612, "total": 1344, "format_errors": 0, "decisions": {"supported": 546, "other_or_general": 66}, "elapsed_seconds": 651.3035299777985}
{"event": "task_complete", "fold": 0, "completed": 613, "total": 1344, "format_errors": 0, "decisions": {"supported": 547, "other_or_general": 66}, "elapsed_seconds": 652.5852680206299}
{"event": "task_complete", "fold": 0, "completed": 614, "total": 1344, "format_errors": 0, "decisions": {"supported": 548, "other_or_general": 66}, "elapsed_seconds": 653.4989702701569}
{"event": "task_complete", "fold": 0, "completed": 615, "total": 1344, "format_errors": 0, "decisions": {"supported": 549, "other_or_general": 66}, "elapsed_seconds": 654.4537739753723}
{"event": "task_complete", "fold": 0, "completed": 616, "total": 1344, "format_errors": 0, "decisions": {"supported": 549, "other_or_general": 67}, "elapsed_seconds": 655.5360236167908}
{"event": "task_complete", "fold": 0, "completed": 617, "total": 1344, "format_errors": 0, "decisions": {"supported": 549, "other_or_general": 68}, "elapsed_seconds": 656.5849838256836}
{"event": "task_complete", "fold": 0, "completed": 618, "total": 1344, "format_errors": 0, "decisions": {"supported": 550, "other_or_general": 68}, "elapsed_seconds": 657.5787465572357}
{"event": "task_complete", "fold": 0, "completed": 619, "total": 1344, "format_errors": 0, "decisions": {"supported": 551, "other_or_general": 68}, "elapsed_seconds": 658.4915289878845}
{"event": "task_complete", "fold": 0, "completed": 620, "total": 1344, "format_errors": 0, "decisions": {"supported": 552, "other_or_general": 68}, "elapsed_seconds": 659.8803131580353}
{"event": "task_complete", "fold": 0, "completed": 621, "total": 1344, "format_errors": 0, "decisions": {"supported": 553, "other_or_general": 68}, "elapsed_seconds": 660.8297255039215}
{"event": "task_complete", "fold": 0, "completed": 622, "total": 1344, "format_errors": 0, "decisions": {"supported": 553, "other_or_general": 69}, "elapsed_seconds": 661.8746087551117}
{"event": "task_complete", "fold": 0, "completed": 623, "total": 1344, "format_errors": 0, "decisions": {"supported": 554, "other_or_general": 69}, "elapsed_seconds": 662.9763762950897}
{"event": "task_complete", "fold": 0, "completed": 624, "total": 1344, "format_errors": 0, "decisions": {"supported": 555, "other_or_general": 69}, "elapsed_seconds": 664.19850897789}
{"event": "task_complete", "fold": 0, "completed": 625, "total": 1344, "format_errors": 0, "decisions": {"supported": 555, "other_or_general": 70}, "elapsed_seconds": 665.2003858089447}
{"event": "task_complete", "fold": 0, "completed": 626, "total": 1344, "format_errors": 0, "decisions": {"supported": 556, "other_or_general": 70}, "elapsed_seconds": 666.2300012111664}
{"event": "task_complete", "fold": 0, "completed": 627, "total": 1344, "format_errors": 0, "decisions": {"supported": 557, "other_or_general": 70}, "elapsed_seconds": 667.3599786758423}
{"event": "task_complete", "fold": 0, "completed": 628, "total": 1344, "format_errors": 0, "decisions": {"supported": 558, "other_or_general": 70}, "elapsed_seconds": 668.3200268745422}
{"event": "task_complete", "fold": 0, "completed": 629, "total": 1344, "format_errors": 0, "decisions": {"supported": 559, "other_or_general": 70}, "elapsed_seconds": 669.3053719997406}
{"event": "task_complete", "fold": 0, "completed": 630, "total": 1344, "format_errors": 0, "decisions": {"supported": 560, "other_or_general": 70}, "elapsed_seconds": 670.3191556930542}
{"event": "task_complete", "fold": 0, "completed": 631, "total": 1344, "format_errors": 0, "decisions": {"supported": 561, "other_or_general": 70}, "elapsed_seconds": 671.2917675971985}
{"event": "task_complete", "fold": 0, "completed": 632, "total": 1344, "format_errors": 0, "decisions": {"supported": 562, "other_or_general": 70}, "elapsed_seconds": 672.1863050460815}
{"event": "task_complete", "fold": 0, "completed": 633, "total": 1344, "format_errors": 0, "decisions": {"supported": 563, "other_or_general": 70}, "elapsed_seconds": 673.1076128482819}
{"event": "task_complete", "fold": 0, "completed": 634, "total": 1344, "format_errors": 0, "decisions": {"supported": 564, "other_or_general": 70}, "elapsed_seconds": 674.3489120006561}
{"event": "task_complete", "fold": 0, "completed": 635, "total": 1344, "format_errors": 0, "decisions": {"supported": 564, "other_or_general": 71}, "elapsed_seconds": 675.3430829048157}
{"event": "task_complete", "fold": 0, "completed": 636, "total": 1344, "format_errors": 0, "decisions": {"supported": 565, "other_or_general": 71}, "elapsed_seconds": 676.3143880367279}
{"event": "task_complete", "fold": 0, "completed": 637, "total": 1344, "format_errors": 0, "decisions": {"supported": 566, "other_or_general": 71}, "elapsed_seconds": 677.2387475967407}
{"event": "task_complete", "fold": 0, "completed": 638, "total": 1344, "format_errors": 0, "decisions": {"supported": 567, "other_or_general": 71}, "elapsed_seconds": 678.2362809181213}
{"event": "task_complete", "fold": 0, "completed": 639, "total": 1344, "format_errors": 0, "decisions": {"supported": 568, "other_or_general": 71}, "elapsed_seconds": 679.1295940876007}
{"event": "task_complete", "fold": 0, "completed": 640, "total": 1344, "format_errors": 0, "decisions": {"supported": 569, "other_or_general": 71}, "elapsed_seconds": 680.4944214820862}
{"event": "task_complete", "fold": 0, "completed": 641, "total": 1344, "format_errors": 0, "decisions": {"supported": 570, "other_or_general": 71}, "elapsed_seconds": 681.4747459888458}
{"event": "task_complete", "fold": 0, "completed": 642, "total": 1344, "format_errors": 0, "decisions": {"supported": 571, "other_or_general": 71}, "elapsed_seconds": 682.4516043663025}
{"event": "task_complete", "fold": 0, "completed": 643, "total": 1344, "format_errors": 0, "decisions": {"supported": 572, "other_or_general": 71}, "elapsed_seconds": 683.3574540615082}
{"event": "task_complete", "fold": 0, "completed": 644, "total": 1344, "format_errors": 0, "decisions": {"supported": 573, "other_or_general": 71}, "elapsed_seconds": 684.2754075527191}
{"event": "task_complete", "fold": 0, "completed": 645, "total": 1344, "format_errors": 0, "decisions": {"supported": 574, "other_or_general": 71}, "elapsed_seconds": 685.4546933174133}
{"event": "task_complete", "fold": 0, "completed": 646, "total": 1344, "format_errors": 0, "decisions": {"supported": 574, "other_or_general": 72}, "elapsed_seconds": 686.7746527194977}
{"event": "task_complete", "fold": 0, "completed": 647, "total": 1344, "format_errors": 0, "decisions": {"supported": 575, "other_or_general": 72}, "elapsed_seconds": 687.9901080131531}
{"event": "task_complete", "fold": 0, "completed": 648, "total": 1344, "format_errors": 0, "decisions": {"supported": 576, "other_or_general": 72}, "elapsed_seconds": 688.9080848693848}
{"event": "task_complete", "fold": 0, "completed": 649, "total": 1344, "format_errors": 0, "decisions": {"supported": 576, "other_or_general": 73}, "elapsed_seconds": 689.9408872127533}
{"event": "task_complete", "fold": 0, "completed": 650, "total": 1344, "format_errors": 0, "decisions": {"supported": 576, "other_or_general": 74}, "elapsed_seconds": 691.248562335968}
{"event": "task_complete", "fold": 0, "completed": 651, "total": 1344, "format_errors": 0, "decisions": {"supported": 576, "other_or_general": 75}, "elapsed_seconds": 692.6296846866608}
{"event": "task_complete", "fold": 0, "completed": 652, "total": 1344, "format_errors": 0, "decisions": {"supported": 577, "other_or_general": 75}, "elapsed_seconds": 693.5082743167877}
{"event": "task_complete", "fold": 0, "completed": 653, "total": 1344, "format_errors": 0, "decisions": {"supported": 578, "other_or_general": 75}, "elapsed_seconds": 694.4368648529053}
{"event": "task_complete", "fold": 0, "completed": 654, "total": 1344, "format_errors": 0, "decisions": {"supported": 579, "other_or_general": 75}, "elapsed_seconds": 695.8644058704376}
{"event": "task_complete", "fold": 0, "completed": 655, "total": 1344, "format_errors": 0, "decisions": {"supported": 580, "other_or_general": 75}, "elapsed_seconds": 696.8307893276215}
{"event": "task_complete", "fold": 0, "completed": 656, "total": 1344, "format_errors": 0, "decisions": {"supported": 581, "other_or_general": 75}, "elapsed_seconds": 697.8255257606506}
{"event": "task_complete", "fold": 0, "completed": 657, "total": 1344, "format_errors": 0, "decisions": {"supported": 582, "other_or_general": 75}, "elapsed_seconds": 698.8215386867523}
{"event": "task_complete", "fold": 0, "completed": 658, "total": 1344, "format_errors": 0, "decisions": {"supported": 583, "other_or_general": 75}, "elapsed_seconds": 699.7443733215332}
{"event": "task_complete", "fold": 0, "completed": 659, "total": 1344, "format_errors": 0, "decisions": {"supported": 584, "other_or_general": 75}, "elapsed_seconds": 700.7155337333679}
{"event": "task_complete", "fold": 0, "completed": 660, "total": 1344, "format_errors": 0, "decisions": {"supported": 585, "other_or_general": 75}, "elapsed_seconds": 701.6667532920837}
{"event": "task_complete", "fold": 0, "completed": 661, "total": 1344, "format_errors": 0, "decisions": {"supported": 586, "other_or_general": 75}, "elapsed_seconds": 703.0066020488739}
{"event": "task_complete", "fold": 0, "completed": 662, "total": 1344, "format_errors": 0, "decisions": {"supported": 587, "other_or_general": 75}, "elapsed_seconds": 703.8983030319214}
{"event": "task_complete", "fold": 0, "completed": 663, "total": 1344, "format_errors": 0, "decisions": {"supported": 588, "other_or_general": 75}, "elapsed_seconds": 704.877500295639}
{"event": "task_complete", "fold": 0, "completed": 664, "total": 1344, "format_errors": 0, "decisions": {"supported": 589, "other_or_general": 75}, "elapsed_seconds": 705.840505361557}
{"event": "task_complete", "fold": 0, "completed": 665, "total": 1344, "format_errors": 0, "decisions": {"supported": 590, "other_or_general": 75}, "elapsed_seconds": 707.2600519657135}
{"event": "task_complete", "fold": 0, "completed": 666, "total": 1344, "format_errors": 0, "decisions": {"supported": 591, "other_or_general": 75}, "elapsed_seconds": 708.5242199897766}
{"event": "task_complete", "fold": 0, "completed": 667, "total": 1344, "format_errors": 0, "decisions": {"supported": 591, "other_or_general": 76}, "elapsed_seconds": 709.594078540802}
{"event": "task_complete", "fold": 0, "completed": 668, "total": 1344, "format_errors": 0, "decisions": {"supported": 592, "other_or_general": 76}, "elapsed_seconds": 710.9028308391571}
{"event": "task_complete", "fold": 0, "completed": 669, "total": 1344, "format_errors": 0, "decisions": {"supported": 592, "other_or_general": 77}, "elapsed_seconds": 712.0203068256378}
{"event": "task_complete", "fold": 0, "completed": 670, "total": 1344, "format_errors": 0, "decisions": {"supported": 593, "other_or_general": 77}, "elapsed_seconds": 713.288414478302}
{"event": "task_complete", "fold": 0, "completed": 671, "total": 1344, "format_errors": 0, "decisions": {"supported": 593, "other_or_general": 78}, "elapsed_seconds": 714.2997894287109}
{"event": "task_complete", "fold": 0, "completed": 672, "total": 1344, "format_errors": 0, "decisions": {"supported": 593, "other_or_general": 79}, "elapsed_seconds": 715.663143157959}
{"event": "task_complete", "fold": 0, "completed": 673, "total": 1344, "format_errors": 0, "decisions": {"supported": 594, "other_or_general": 79}, "elapsed_seconds": 716.8692488670349}
{"event": "task_complete", "fold": 0, "completed": 674, "total": 1344, "format_errors": 0, "decisions": {"supported": 595, "other_or_general": 79}, "elapsed_seconds": 717.7532498836517}
{"event": "task_complete", "fold": 0, "completed": 675, "total": 1344, "format_errors": 0, "decisions": {"supported": 595, "other_or_general": 80}, "elapsed_seconds": 719.315737247467}
{"event": "task_complete", "fold": 0, "completed": 676, "total": 1344, "format_errors": 0, "decisions": {"supported": 596, "other_or_general": 80}, "elapsed_seconds": 720.7251861095428}
{"event": "task_complete", "fold": 0, "completed": 677, "total": 1344, "format_errors": 0, "decisions": {"supported": 597, "other_or_general": 80}, "elapsed_seconds": 721.6183202266693}
{"event": "task_complete", "fold": 0, "completed": 678, "total": 1344, "format_errors": 0, "decisions": {"supported": 598, "other_or_general": 80}, "elapsed_seconds": 722.7751195430756}
{"event": "task_complete", "fold": 0, "completed": 679, "total": 1344, "format_errors": 0, "decisions": {"supported": 599, "other_or_general": 80}, "elapsed_seconds": 724.0599639415741}
{"event": "task_complete", "fold": 0, "completed": 680, "total": 1344, "format_errors": 0, "decisions": {"supported": 600, "other_or_general": 80}, "elapsed_seconds": 725.1856482028961}
{"event": "task_complete", "fold": 0, "completed": 681, "total": 1344, "format_errors": 0, "decisions": {"supported": 600, "other_or_general": 81}, "elapsed_seconds": 726.726663351059}
{"event": "task_complete", "fold": 0, "completed": 682, "total": 1344, "format_errors": 0, "decisions": {"supported": 600, "other_or_general": 82}, "elapsed_seconds": 728.1968128681183}
{"event": "task_complete", "fold": 0, "completed": 683, "total": 1344, "format_errors": 0, "decisions": {"supported": 601, "other_or_general": 82}, "elapsed_seconds": 729.7082154750824}
{"event": "task_complete", "fold": 0, "completed": 684, "total": 1344, "format_errors": 0, "decisions": {"supported": 602, "other_or_general": 82}, "elapsed_seconds": 730.7039592266083}
{"event": "task_complete", "fold": 0, "completed": 685, "total": 1344, "format_errors": 0, "decisions": {"supported": 603, "other_or_general": 82}, "elapsed_seconds": 732.1911301612854}
{"event": "task_complete", "fold": 0, "completed": 686, "total": 1344, "format_errors": 0, "decisions": {"supported": 604, "other_or_general": 82}, "elapsed_seconds": 733.5693261623383}
{"event": "task_complete", "fold": 0, "completed": 687, "total": 1344, "format_errors": 0, "decisions": {"supported": 605, "other_or_general": 82}, "elapsed_seconds": 735.0394945144653}
{"event": "task_complete", "fold": 0, "completed": 688, "total": 1344, "format_errors": 0, "decisions": {"supported": 606, "other_or_general": 82}, "elapsed_seconds": 736.633339881897}
{"event": "task_complete", "fold": 0, "completed": 689, "total": 1344, "format_errors": 0, "decisions": {"supported": 607, "other_or_general": 82}, "elapsed_seconds": 738.036190032959}
{"event": "task_complete", "fold": 0, "completed": 690, "total": 1344, "format_errors": 0, "decisions": {"supported": 608, "other_or_general": 82}, "elapsed_seconds": 739.6586620807648}
{"event": "task_complete", "fold": 0, "completed": 691, "total": 1344, "format_errors": 0, "decisions": {"supported": 609, "other_or_general": 82}, "elapsed_seconds": 741.1328592300415}
{"event": "task_complete", "fold": 0, "completed": 692, "total": 1344, "format_errors": 0, "decisions": {"supported": 610, "other_or_general": 82}, "elapsed_seconds": 742.2925715446472}
{"event": "task_complete", "fold": 0, "completed": 693, "total": 1344, "format_errors": 0, "decisions": {"supported": 611, "other_or_general": 82}, "elapsed_seconds": 743.626494884491}
{"event": "task_complete", "fold": 0, "completed": 694, "total": 1344, "format_errors": 0, "decisions": {"supported": 612, "other_or_general": 82}, "elapsed_seconds": 744.7012491226196}
{"event": "task_complete", "fold": 0, "completed": 695, "total": 1344, "format_errors": 0, "decisions": {"supported": 613, "other_or_general": 82}, "elapsed_seconds": 746.2965588569641}
{"event": "task_complete", "fold": 0, "completed": 696, "total": 1344, "format_errors": 0, "decisions": {"supported": 614, "other_or_general": 82}, "elapsed_seconds": 747.4047446250916}
{"event": "task_complete", "fold": 0, "completed": 697, "total": 1344, "format_errors": 0, "decisions": {"supported": 615, "other_or_general": 82}, "elapsed_seconds": 748.9747853279114}
{"event": "task_complete", "fold": 0, "completed": 698, "total": 1344, "format_errors": 0, "decisions": {"supported": 616, "other_or_general": 82}, "elapsed_seconds": 750.645450592041}
{"event": "task_complete", "fold": 0, "completed": 699, "total": 1344, "format_errors": 0, "decisions": {"supported": 617, "other_or_general": 82}, "elapsed_seconds": 751.6345827579498}
{"event": "task_complete", "fold": 0, "completed": 700, "total": 1344, "format_errors": 0, "decisions": {"supported": 618, "other_or_general": 82}, "elapsed_seconds": 753.2301778793335}
{"event": "task_complete", "fold": 0, "completed": 701, "total": 1344, "format_errors": 0, "decisions": {"supported": 619, "other_or_general": 82}, "elapsed_seconds": 754.3168704509735}
{"event": "task_complete", "fold": 0, "completed": 702, "total": 1344, "format_errors": 0, "decisions": {"supported": 620, "other_or_general": 82}, "elapsed_seconds": 756.1117033958435}
{"event": "task_complete", "fold": 0, "completed": 703, "total": 1344, "format_errors": 0, "decisions": {"supported": 621, "other_or_general": 82}, "elapsed_seconds": 757.1338565349579}
{"event": "task_complete", "fold": 0, "completed": 704, "total": 1344, "format_errors": 0, "decisions": {"supported": 622, "other_or_general": 82}, "elapsed_seconds": 758.2100126743317}
{"event": "task_complete", "fold": 0, "completed": 705, "total": 1344, "format_errors": 0, "decisions": {"supported": 623, "other_or_general": 82}, "elapsed_seconds": 759.8886847496033}
{"event": "task_complete", "fold": 0, "completed": 706, "total": 1344, "format_errors": 0, "decisions": {"supported": 624, "other_or_general": 82}, "elapsed_seconds": 760.9208219051361}
{"event": "task_complete", "fold": 0, "completed": 707, "total": 1344, "format_errors": 0, "decisions": {"supported": 625, "other_or_general": 82}, "elapsed_seconds": 762.6789498329163}
{"event": "task_complete", "fold": 0, "completed": 708, "total": 1344, "format_errors": 0, "decisions": {"supported": 626, "other_or_general": 82}, "elapsed_seconds": 763.7105123996735}
{"event": "task_complete", "fold": 0, "completed": 709, "total": 1344, "format_errors": 0, "decisions": {"supported": 627, "other_or_general": 82}, "elapsed_seconds": 764.8879976272583}
{"event": "task_complete", "fold": 0, "completed": 710, "total": 1344, "format_errors": 0, "decisions": {"supported": 628, "other_or_general": 82}, "elapsed_seconds": 765.8858232498169}
{"event": "task_complete", "fold": 0, "completed": 711, "total": 1344, "format_errors": 0, "decisions": {"supported": 629, "other_or_general": 82}, "elapsed_seconds": 767.4280910491943}
{"event": "task_complete", "fold": 0, "completed": 712, "total": 1344, "format_errors": 0, "decisions": {"supported": 630, "other_or_general": 82}, "elapsed_seconds": 768.3995099067688}
{"event": "task_complete", "fold": 0, "completed": 713, "total": 1344, "format_errors": 0, "decisions": {"supported": 631, "other_or_general": 82}, "elapsed_seconds": 769.9834592342377}
{"event": "task_complete", "fold": 0, "completed": 714, "total": 1344, "format_errors": 0, "decisions": {"supported": 632, "other_or_general": 82}, "elapsed_seconds": 771.153960943222}
{"event": "task_complete", "fold": 0, "completed": 715, "total": 1344, "format_errors": 0, "decisions": {"supported": 633, "other_or_general": 82}, "elapsed_seconds": 772.0423772335052}
{"event": "task_complete", "fold": 0, "completed": 716, "total": 1344, "format_errors": 0, "decisions": {"supported": 634, "other_or_general": 82}, "elapsed_seconds": 773.3674213886261}
{"event": "task_complete", "fold": 0, "completed": 717, "total": 1344, "format_errors": 0, "decisions": {"supported": 635, "other_or_general": 82}, "elapsed_seconds": 774.3476097583771}
{"event": "task_complete", "fold": 0, "completed": 718, "total": 1344, "format_errors": 0, "decisions": {"supported": 636, "other_or_general": 82}, "elapsed_seconds": 775.3327031135559}
{"event": "task_complete", "fold": 0, "completed": 719, "total": 1344, "format_errors": 0, "decisions": {"supported": 637, "other_or_general": 82}, "elapsed_seconds": 776.6358246803284}
{"event": "task_complete", "fold": 0, "completed": 720, "total": 1344, "format_errors": 0, "decisions": {"supported": 638, "other_or_general": 82}, "elapsed_seconds": 777.8270545005798}
{"event": "task_complete", "fold": 0, "completed": 721, "total": 1344, "format_errors": 0, "decisions": {"supported": 639, "other_or_general": 82}, "elapsed_seconds": 778.7160391807556}
{"event": "task_complete", "fold": 0, "completed": 722, "total": 1344, "format_errors": 0, "decisions": {"supported": 640, "other_or_general": 82}, "elapsed_seconds": 779.8306419849396}
{"event": "task_complete", "fold": 0, "completed": 723, "total": 1344, "format_errors": 0, "decisions": {"supported": 641, "other_or_general": 82}, "elapsed_seconds": 781.0512673854828}
{"event": "task_complete", "fold": 0, "completed": 724, "total": 1344, "format_errors": 0, "decisions": {"supported": 642, "other_or_general": 82}, "elapsed_seconds": 782.7414064407349}
{"event": "task_complete", "fold": 0, "completed": 725, "total": 1344, "format_errors": 0, "decisions": {"supported": 643, "other_or_general": 82}, "elapsed_seconds": 783.626232624054}
{"event": "task_complete", "fold": 0, "completed": 726, "total": 1344, "format_errors": 0, "decisions": {"supported": 644, "other_or_general": 82}, "elapsed_seconds": 785.1628651618958}
{"event": "task_complete", "fold": 0, "completed": 727, "total": 1344, "format_errors": 0, "decisions": {"supported": 645, "other_or_general": 82}, "elapsed_seconds": 786.6101052761078}
{"event": "task_complete", "fold": 0, "completed": 728, "total": 1344, "format_errors": 0, "decisions": {"supported": 646, "other_or_general": 82}, "elapsed_seconds": 787.5245959758759}
{"event": "task_complete", "fold": 0, "completed": 729, "total": 1344, "format_errors": 0, "decisions": {"supported": 647, "other_or_general": 82}, "elapsed_seconds": 788.6721813678741}
{"event": "task_complete", "fold": 0, "completed": 730, "total": 1344, "format_errors": 0, "decisions": {"supported": 648, "other_or_general": 82}, "elapsed_seconds": 790.0171403884888}
{"event": "task_complete", "fold": 0, "completed": 731, "total": 1344, "format_errors": 0, "decisions": {"supported": 649, "other_or_general": 82}, "elapsed_seconds": 791.3017315864563}
{"event": "task_complete", "fold": 0, "completed": 732, "total": 1344, "format_errors": 0, "decisions": {"supported": 650, "other_or_general": 82}, "elapsed_seconds": 792.6077296733856}
{"event": "task_complete", "fold": 0, "completed": 733, "total": 1344, "format_errors": 0, "decisions": {"supported": 651, "other_or_general": 82}, "elapsed_seconds": 794.1917715072632}
{"event": "task_complete", "fold": 0, "completed": 734, "total": 1344, "format_errors": 0, "decisions": {"supported": 652, "other_or_general": 82}, "elapsed_seconds": 795.4136443138123}
{"event": "task_complete", "fold": 0, "completed": 735, "total": 1344, "format_errors": 0, "decisions": {"supported": 653, "other_or_general": 82}, "elapsed_seconds": 796.3665843009949}
{"event": "task_complete", "fold": 0, "completed": 736, "total": 1344, "format_errors": 0, "decisions": {"supported": 653, "other_or_general": 83}, "elapsed_seconds": 797.9660844802856}
{"event": "task_complete", "fold": 0, "completed": 737, "total": 1344, "format_errors": 0, "decisions": {"supported": 653, "other_or_general": 84}, "elapsed_seconds": 799.422670841217}
{"event": "task_complete", "fold": 0, "completed": 738, "total": 1344, "format_errors": 0, "decisions": {"supported": 653, "other_or_general": 85}, "elapsed_seconds": 801.0770378112793}
{"event": "task_complete", "fold": 0, "completed": 739, "total": 1344, "format_errors": 0, "decisions": {"supported": 653, "other_or_general": 86}, "elapsed_seconds": 802.0998997688293}
{"event": "task_complete", "fold": 0, "completed": 740, "total": 1344, "format_errors": 0, "decisions": {"supported": 654, "other_or_general": 86}, "elapsed_seconds": 803.1274015903473}
{"event": "task_complete", "fold": 0, "completed": 741, "total": 1344, "format_errors": 0, "decisions": {"supported": 655, "other_or_general": 86}, "elapsed_seconds": 804.7195415496826}
{"event": "task_complete", "fold": 0, "completed": 742, "total": 1344, "format_errors": 0, "decisions": {"supported": 656, "other_or_general": 86}, "elapsed_seconds": 806.185186624527}
{"event": "task_complete", "fold": 0, "completed": 743, "total": 1344, "format_errors": 0, "decisions": {"supported": 657, "other_or_general": 86}, "elapsed_seconds": 807.1790835857391}
{"event": "task_complete", "fold": 0, "completed": 744, "total": 1344, "format_errors": 0, "decisions": {"supported": 658, "other_or_general": 86}, "elapsed_seconds": 808.7118306159973}
{"event": "task_complete", "fold": 0, "completed": 745, "total": 1344, "format_errors": 0, "decisions": {"supported": 659, "other_or_general": 86}, "elapsed_seconds": 809.6762948036194}
{"event": "task_complete", "fold": 0, "completed": 746, "total": 1344, "format_errors": 0, "decisions": {"supported": 660, "other_or_general": 86}, "elapsed_seconds": 811.2115964889526}
{"event": "task_complete", "fold": 0, "completed": 747, "total": 1344, "format_errors": 0, "decisions": {"supported": 661, "other_or_general": 86}, "elapsed_seconds": 812.2859790325165}
{"event": "task_complete", "fold": 0, "completed": 748, "total": 1344, "format_errors": 0, "decisions": {"supported": 662, "other_or_general": 86}, "elapsed_seconds": 813.6217420101166}
{"event": "task_complete", "fold": 0, "completed": 749, "total": 1344, "format_errors": 0, "decisions": {"supported": 663, "other_or_general": 86}, "elapsed_seconds": 814.573970079422}
{"event": "task_complete", "fold": 0, "completed": 750, "total": 1344, "format_errors": 0, "decisions": {"supported": 664, "other_or_general": 86}, "elapsed_seconds": 816.1567325592041}
{"event": "task_complete", "fold": 0, "completed": 751, "total": 1344, "format_errors": 0, "decisions": {"supported": 665, "other_or_general": 86}, "elapsed_seconds": 817.6380863189697}
{"event": "task_complete", "fold": 0, "completed": 752, "total": 1344, "format_errors": 0, "decisions": {"supported": 666, "other_or_general": 86}, "elapsed_seconds": 818.9526748657227}
{"event": "task_complete", "fold": 0, "completed": 753, "total": 1344, "format_errors": 0, "decisions": {"supported": 667, "other_or_general": 86}, "elapsed_seconds": 820.0838825702667}
{"event": "task_complete", "fold": 0, "completed": 754, "total": 1344, "format_errors": 0, "decisions": {"supported": 668, "other_or_general": 86}, "elapsed_seconds": 821.6966366767883}
{"event": "task_complete", "fold": 0, "completed": 755, "total": 1344, "format_errors": 0, "decisions": {"supported": 669, "other_or_general": 86}, "elapsed_seconds": 822.5929896831512}
{"event": "task_complete", "fold": 0, "completed": 756, "total": 1344, "format_errors": 0, "decisions": {"supported": 670, "other_or_general": 86}, "elapsed_seconds": 824.0598337650299}
{"event": "task_complete", "fold": 0, "completed": 757, "total": 1344, "format_errors": 0, "decisions": {"supported": 671, "other_or_general": 86}, "elapsed_seconds": 825.6028900146484}
{"event": "task_complete", "fold": 0, "completed": 758, "total": 1344, "format_errors": 0, "decisions": {"supported": 672, "other_or_general": 86}, "elapsed_seconds": 827.0557601451874}
{"event": "task_complete", "fold": 0, "completed": 759, "total": 1344, "format_errors": 0, "decisions": {"supported": 673, "other_or_general": 86}, "elapsed_seconds": 828.4160962104797}
{"event": "task_complete", "fold": 0, "completed": 760, "total": 1344, "format_errors": 0, "decisions": {"supported": 674, "other_or_general": 86}, "elapsed_seconds": 829.8445880413055}
{"event": "task_complete", "fold": 0, "completed": 761, "total": 1344, "format_errors": 0, "decisions": {"supported": 675, "other_or_general": 86}, "elapsed_seconds": 831.4215710163116}
{"event": "task_complete", "fold": 0, "completed": 762, "total": 1344, "format_errors": 0, "decisions": {"supported": 676, "other_or_general": 86}, "elapsed_seconds": 832.5322413444519}
{"event": "task_complete", "fold": 0, "completed": 763, "total": 1344, "format_errors": 0, "decisions": {"supported": 676, "other_or_general": 87}, "elapsed_seconds": 833.6927199363708}
{"event": "task_complete", "fold": 0, "completed": 764, "total": 1344, "format_errors": 0, "decisions": {"supported": 676, "other_or_general": 88}, "elapsed_seconds": 835.3775191307068}
{"event": "task_complete", "fold": 0, "completed": 765, "total": 1344, "format_errors": 0, "decisions": {"supported": 676, "other_or_general": 89}, "elapsed_seconds": 836.4535467624664}
{"event": "task_complete", "fold": 0, "completed": 766, "total": 1344, "format_errors": 0, "decisions": {"supported": 676, "other_or_general": 90}, "elapsed_seconds": 838.000999212265}
{"event": "task_complete", "fold": 0, "completed": 767, "total": 1344, "format_errors": 0, "decisions": {"supported": 676, "other_or_general": 91}, "elapsed_seconds": 839.1309494972229}
{"event": "task_complete", "fold": 0, "completed": 768, "total": 1344, "format_errors": 0, "decisions": {"supported": 677, "other_or_general": 91}, "elapsed_seconds": 840.461576461792}
{"event": "task_complete", "fold": 0, "completed": 769, "total": 1344, "format_errors": 0, "decisions": {"supported": 678, "other_or_general": 91}, "elapsed_seconds": 841.3542404174805}
{"event": "task_complete", "fold": 0, "completed": 770, "total": 1344, "format_errors": 0, "decisions": {"supported": 679, "other_or_general": 91}, "elapsed_seconds": 843.04749751091}
{"event": "task_complete", "fold": 0, "completed": 771, "total": 1344, "format_errors": 0, "decisions": {"supported": 680, "other_or_general": 91}, "elapsed_seconds": 844.4460377693176}
{"event": "task_complete", "fold": 0, "completed": 772, "total": 1344, "format_errors": 0, "decisions": {"supported": 681, "other_or_general": 91}, "elapsed_seconds": 845.8716266155243}
{"event": "task_complete", "fold": 0, "completed": 773, "total": 1344, "format_errors": 0, "decisions": {"supported": 682, "other_or_general": 91}, "elapsed_seconds": 847.2548921108246}
{"event": "task_complete", "fold": 0, "completed": 774, "total": 1344, "format_errors": 0, "decisions": {"supported": 683, "other_or_general": 91}, "elapsed_seconds": 848.3426551818848}
{"event": "task_complete", "fold": 0, "completed": 775, "total": 1344, "format_errors": 0, "decisions": {"supported": 684, "other_or_general": 91}, "elapsed_seconds": 849.7947714328766}
{"event": "task_complete", "fold": 0, "completed": 776, "total": 1344, "format_errors": 0, "decisions": {"supported": 685, "other_or_general": 91}, "elapsed_seconds": 851.0381915569305}
{"event": "task_complete", "fold": 0, "completed": 777, "total": 1344, "format_errors": 0, "decisions": {"supported": 686, "other_or_general": 91}, "elapsed_seconds": 852.1621344089508}
{"event": "task_complete", "fold": 0, "completed": 778, "total": 1344, "format_errors": 0, "decisions": {"supported": 687, "other_or_general": 91}, "elapsed_seconds": 853.5131947994232}
{"event": "task_complete", "fold": 0, "completed": 779, "total": 1344, "format_errors": 0, "decisions": {"supported": 688, "other_or_general": 91}, "elapsed_seconds": 854.3879086971283}
{"event": "task_complete", "fold": 0, "completed": 780, "total": 1344, "format_errors": 0, "decisions": {"supported": 689, "other_or_general": 91}, "elapsed_seconds": 855.3717248439789}
{"event": "task_complete", "fold": 0, "completed": 781, "total": 1344, "format_errors": 0, "decisions": {"supported": 690, "other_or_general": 91}, "elapsed_seconds": 857.0223326683044}
{"event": "task_complete", "fold": 0, "completed": 782, "total": 1344, "format_errors": 0, "decisions": {"supported": 691, "other_or_general": 91}, "elapsed_seconds": 858.1052198410034}
{"event": "task_complete", "fold": 0, "completed": 783, "total": 1344, "format_errors": 0, "decisions": {"supported": 692, "other_or_general": 91}, "elapsed_seconds": 859.4617748260498}
{"event": "task_complete", "fold": 0, "completed": 784, "total": 1344, "format_errors": 0, "decisions": {"supported": 692, "other_or_general": 92}, "elapsed_seconds": 860.468980550766}
{"event": "task_complete", "fold": 0, "completed": 785, "total": 1344, "format_errors": 0, "decisions": {"supported": 693, "other_or_general": 92}, "elapsed_seconds": 861.40372133255}
{"event": "task_complete", "fold": 0, "completed": 786, "total": 1344, "format_errors": 0, "decisions": {"supported": 694, "other_or_general": 92}, "elapsed_seconds": 862.6583051681519}
{"event": "task_complete", "fold": 0, "completed": 787, "total": 1344, "format_errors": 0, "decisions": {"supported": 694, "other_or_general": 93}, "elapsed_seconds": 863.7472002506256}
{"event": "task_complete", "fold": 0, "completed": 788, "total": 1344, "format_errors": 0, "decisions": {"supported": 695, "other_or_general": 93}, "elapsed_seconds": 864.748087644577}
{"event": "task_complete", "fold": 0, "completed": 789, "total": 1344, "format_errors": 0, "decisions": {"supported": 696, "other_or_general": 93}, "elapsed_seconds": 865.9472286701202}
{"event": "task_complete", "fold": 0, "completed": 790, "total": 1344, "format_errors": 0, "decisions": {"supported": 697, "other_or_general": 93}, "elapsed_seconds": 866.8911499977112}
{"event": "task_complete", "fold": 0, "completed": 791, "total": 1344, "format_errors": 0, "decisions": {"supported": 698, "other_or_general": 93}, "elapsed_seconds": 867.7947497367859}
{"event": "task_complete", "fold": 0, "completed": 792, "total": 1344, "format_errors": 0, "decisions": {"supported": 699, "other_or_general": 93}, "elapsed_seconds": 869.0587704181671}
{"event": "task_complete", "fold": 0, "completed": 793, "total": 1344, "format_errors": 0, "decisions": {"supported": 700, "other_or_general": 93}, "elapsed_seconds": 869.9651622772217}
{"event": "task_complete", "fold": 0, "completed": 794, "total": 1344, "format_errors": 0, "decisions": {"supported": 700, "other_or_general": 94}, "elapsed_seconds": 871.0431768894196}
{"event": "task_complete", "fold": 0, "completed": 795, "total": 1344, "format_errors": 0, "decisions": {"supported": 700, "other_or_general": 95}, "elapsed_seconds": 872.0573132038116}
{"event": "task_complete", "fold": 0, "completed": 796, "total": 1344, "format_errors": 0, "decisions": {"supported": 701, "other_or_general": 95}, "elapsed_seconds": 873.2935984134674}
{"event": "task_complete", "fold": 0, "completed": 797, "total": 1344, "format_errors": 0, "decisions": {"supported": 702, "other_or_general": 95}, "elapsed_seconds": 874.3157238960266}
{"event": "task_complete", "fold": 0, "completed": 798, "total": 1344, "format_errors": 0, "decisions": {"supported": 703, "other_or_general": 95}, "elapsed_seconds": 875.2762155532837}
{"event": "task_complete", "fold": 0, "completed": 799, "total": 1344, "format_errors": 0, "decisions": {"supported": 704, "other_or_general": 95}, "elapsed_seconds": 876.2162353992462}
{"event": "task_complete", "fold": 0, "completed": 800, "total": 1344, "format_errors": 0, "decisions": {"supported": 705, "other_or_general": 95}, "elapsed_seconds": 877.2178201675415}
{"event": "task_complete", "fold": 0, "completed": 801, "total": 1344, "format_errors": 0, "decisions": {"supported": 705, "other_or_general": 96}, "elapsed_seconds": 878.4855124950409}
{"event": "task_complete", "fold": 0, "completed": 802, "total": 1344, "format_errors": 0, "decisions": {"supported": 706, "other_or_general": 96}, "elapsed_seconds": 879.7367227077484}
{"event": "task_complete", "fold": 0, "completed": 803, "total": 1344, "format_errors": 0, "decisions": {"supported": 706, "other_or_general": 97}, "elapsed_seconds": 880.7539513111115}
{"event": "task_complete", "fold": 0, "completed": 804, "total": 1344, "format_errors": 0, "decisions": {"supported": 706, "other_or_general": 98}, "elapsed_seconds": 882.088347196579}
{"event": "task_complete", "fold": 0, "completed": 805, "total": 1344, "format_errors": 0, "decisions": {"supported": 707, "other_or_general": 98}, "elapsed_seconds": 883.0459694862366}
{"event": "task_complete", "fold": 0, "completed": 806, "total": 1344, "format_errors": 0, "decisions": {"supported": 708, "other_or_general": 98}, "elapsed_seconds": 884.0492715835571}
{"event": "task_complete", "fold": 0, "completed": 807, "total": 1344, "format_errors": 0, "decisions": {"supported": 708, "other_or_general": 99}, "elapsed_seconds": 885.4257605075836}
{"event": "task_complete", "fold": 0, "completed": 808, "total": 1344, "format_errors": 0, "decisions": {"supported": 708, "other_or_general": 100}, "elapsed_seconds": 886.4969301223755}
{"event": "task_complete", "fold": 0, "completed": 809, "total": 1344, "format_errors": 0, "decisions": {"supported": 709, "other_or_general": 100}, "elapsed_seconds": 887.443781375885}
{"event": "task_complete", "fold": 0, "completed": 810, "total": 1344, "format_errors": 0, "decisions": {"supported": 709, "other_or_general": 101}, "elapsed_seconds": 888.5782713890076}
{"event": "task_complete", "fold": 0, "completed": 811, "total": 1344, "format_errors": 0, "decisions": {"supported": 710, "other_or_general": 101}, "elapsed_seconds": 889.9237170219421}
{"event": "task_complete", "fold": 0, "completed": 812, "total": 1344, "format_errors": 0, "decisions": {"supported": 711, "other_or_general": 101}, "elapsed_seconds": 890.7947108745575}
{"event": "task_complete", "fold": 0, "completed": 813, "total": 1344, "format_errors": 0, "decisions": {"supported": 712, "other_or_general": 101}, "elapsed_seconds": 891.7243461608887}
{"event": "task_complete", "fold": 0, "completed": 814, "total": 1344, "format_errors": 0, "decisions": {"supported": 713, "other_or_general": 101}, "elapsed_seconds": 893.0521245002747}
{"event": "task_complete", "fold": 0, "completed": 815, "total": 1344, "format_errors": 0, "decisions": {"supported": 714, "other_or_general": 101}, "elapsed_seconds": 893.9262037277222}
{"event": "task_complete", "fold": 0, "completed": 816, "total": 1344, "format_errors": 0, "decisions": {"supported": 715, "other_or_general": 101}, "elapsed_seconds": 894.9048504829407}
{"event": "task_complete", "fold": 0, "completed": 817, "total": 1344, "format_errors": 0, "decisions": {"supported": 716, "other_or_general": 101}, "elapsed_seconds": 895.8159682750702}
{"event": "task_complete", "fold": 0, "completed": 818, "total": 1344, "format_errors": 0, "decisions": {"supported": 717, "other_or_general": 101}, "elapsed_seconds": 897.1488749980927}
{"event": "task_complete", "fold": 0, "completed": 819, "total": 1344, "format_errors": 0, "decisions": {"supported": 718, "other_or_general": 101}, "elapsed_seconds": 898.0301954746246}
{"event": "task_complete", "fold": 0, "completed": 820, "total": 1344, "format_errors": 0, "decisions": {"supported": 719, "other_or_general": 101}, "elapsed_seconds": 898.9512810707092}
{"event": "task_complete", "fold": 0, "completed": 821, "total": 1344, "format_errors": 0, "decisions": {"supported": 720, "other_or_general": 101}, "elapsed_seconds": 900.2451303005219}
{"event": "task_complete", "fold": 0, "completed": 822, "total": 1344, "format_errors": 0, "decisions": {"supported": 721, "other_or_general": 101}, "elapsed_seconds": 901.5230963230133}
{"event": "task_complete", "fold": 0, "completed": 823, "total": 1344, "format_errors": 0, "decisions": {"supported": 722, "other_or_general": 101}, "elapsed_seconds": 902.3995542526245}
{"event": "task_complete", "fold": 0, "completed": 824, "total": 1344, "format_errors": 0, "decisions": {"supported": 723, "other_or_general": 101}, "elapsed_seconds": 903.3941912651062}
{"event": "task_complete", "fold": 0, "completed": 825, "total": 1344, "format_errors": 0, "decisions": {"supported": 724, "other_or_general": 101}, "elapsed_seconds": 904.500123500824}
{"event": "task_complete", "fold": 0, "completed": 826, "total": 1344, "format_errors": 0, "decisions": {"supported": 725, "other_or_general": 101}, "elapsed_seconds": 905.7321462631226}
{"event": "task_complete", "fold": 0, "completed": 827, "total": 1344, "format_errors": 0, "decisions": {"supported": 726, "other_or_general": 101}, "elapsed_seconds": 906.6081304550171}
{"event": "task_complete", "fold": 0, "completed": 828, "total": 1344, "format_errors": 0, "decisions": {"supported": 727, "other_or_general": 101}, "elapsed_seconds": 907.4894664287567}
{"event": "task_complete", "fold": 0, "completed": 829, "total": 1344, "format_errors": 0, "decisions": {"supported": 728, "other_or_general": 101}, "elapsed_seconds": 908.7867760658264}
{"event": "task_complete", "fold": 0, "completed": 830, "total": 1344, "format_errors": 0, "decisions": {"supported": 729, "other_or_general": 101}, "elapsed_seconds": 909.6699092388153}
{"event": "task_complete", "fold": 0, "completed": 831, "total": 1344, "format_errors": 0, "decisions": {"supported": 730, "other_or_general": 101}, "elapsed_seconds": 911.0634248256683}
{"event": "task_complete", "fold": 0, "completed": 832, "total": 1344, "format_errors": 0, "decisions": {"supported": 731, "other_or_general": 101}, "elapsed_seconds": 912.0077760219574}
{"event": "task_complete", "fold": 0, "completed": 833, "total": 1344, "format_errors": 0, "decisions": {"supported": 732, "other_or_general": 101}, "elapsed_seconds": 913.0177354812622}
{"event": "task_complete", "fold": 0, "completed": 834, "total": 1344, "format_errors": 0, "decisions": {"supported": 733, "other_or_general": 101}, "elapsed_seconds": 913.9835450649261}
{"event": "task_complete", "fold": 0, "completed": 835, "total": 1344, "format_errors": 0, "decisions": {"supported": 734, "other_or_general": 101}, "elapsed_seconds": 914.9325556755066}
{"event": "task_complete", "fold": 0, "completed": 836, "total": 1344, "format_errors": 0, "decisions": {"supported": 735, "other_or_general": 101}, "elapsed_seconds": 915.9037668704987}
{"event": "task_complete", "fold": 0, "completed": 837, "total": 1344, "format_errors": 0, "decisions": {"supported": 736, "other_or_general": 101}, "elapsed_seconds": 916.9168994426727}
{"event": "task_complete", "fold": 0, "completed": 838, "total": 1344, "format_errors": 0, "decisions": {"supported": 737, "other_or_general": 101}, "elapsed_seconds": 917.9198949337006}
{"event": "task_complete", "fold": 0, "completed": 839, "total": 1344, "format_errors": 0, "decisions": {"supported": 738, "other_or_general": 101}, "elapsed_seconds": 918.9387800693512}
{"event": "task_complete", "fold": 0, "completed": 840, "total": 1344, "format_errors": 0, "decisions": {"supported": 739, "other_or_general": 101}, "elapsed_seconds": 919.9355869293213}
{"event": "task_complete", "fold": 0, "completed": 841, "total": 1344, "format_errors": 0, "decisions": {"supported": 740, "other_or_general": 101}, "elapsed_seconds": 920.9234998226166}
{"event": "task_complete", "fold": 0, "completed": 842, "total": 1344, "format_errors": 0, "decisions": {"supported": 741, "other_or_general": 101}, "elapsed_seconds": 921.8882496356964}
{"event": "task_complete", "fold": 0, "completed": 843, "total": 1344, "format_errors": 0, "decisions": {"supported": 742, "other_or_general": 101}, "elapsed_seconds": 922.8672921657562}
{"event": "task_complete", "fold": 0, "completed": 844, "total": 1344, "format_errors": 0, "decisions": {"supported": 743, "other_or_general": 101}, "elapsed_seconds": 923.8520855903625}
{"event": "task_complete", "fold": 0, "completed": 845, "total": 1344, "format_errors": 0, "decisions": {"supported": 744, "other_or_general": 101}, "elapsed_seconds": 924.821179151535}
{"event": "task_complete", "fold": 0, "completed": 846, "total": 1344, "format_errors": 0, "decisions": {"supported": 745, "other_or_general": 101}, "elapsed_seconds": 926.2239849567413}
{"event": "task_complete", "fold": 0, "completed": 847, "total": 1344, "format_errors": 0, "decisions": {"supported": 746, "other_or_general": 101}, "elapsed_seconds": 927.1619956493378}
{"event": "task_complete", "fold": 0, "completed": 848, "total": 1344, "format_errors": 0, "decisions": {"supported": 747, "other_or_general": 101}, "elapsed_seconds": 928.5959098339081}
{"event": "task_complete", "fold": 0, "completed": 849, "total": 1344, "format_errors": 0, "decisions": {"supported": 748, "other_or_general": 101}, "elapsed_seconds": 929.5567648410797}
{"event": "task_complete", "fold": 0, "completed": 850, "total": 1344, "format_errors": 0, "decisions": {"supported": 749, "other_or_general": 101}, "elapsed_seconds": 930.5408492088318}
{"event": "task_complete", "fold": 0, "completed": 851, "total": 1344, "format_errors": 0, "decisions": {"supported": 750, "other_or_general": 101}, "elapsed_seconds": 931.6100885868073}
{"event": "task_complete", "fold": 0, "completed": 852, "total": 1344, "format_errors": 0, "decisions": {"supported": 751, "other_or_general": 101}, "elapsed_seconds": 932.6041717529297}
{"event": "task_complete", "fold": 0, "completed": 853, "total": 1344, "format_errors": 0, "decisions": {"supported": 752, "other_or_general": 101}, "elapsed_seconds": 933.6164176464081}
{"event": "task_complete", "fold": 0, "completed": 854, "total": 1344, "format_errors": 0, "decisions": {"supported": 753, "other_or_general": 101}, "elapsed_seconds": 934.5656106472015}
{"event": "task_complete", "fold": 0, "completed": 855, "total": 1344, "format_errors": 0, "decisions": {"supported": 754, "other_or_general": 101}, "elapsed_seconds": 935.5636851787567}
{"event": "task_complete", "fold": 0, "completed": 856, "total": 1344, "format_errors": 0, "decisions": {"supported": 755, "other_or_general": 101}, "elapsed_seconds": 936.5660874843597}
{"event": "task_complete", "fold": 0, "completed": 857, "total": 1344, "format_errors": 0, "decisions": {"supported": 756, "other_or_general": 101}, "elapsed_seconds": 937.5455508232117}
{"event": "task_complete", "fold": 0, "completed": 858, "total": 1344, "format_errors": 0, "decisions": {"supported": 757, "other_or_general": 101}, "elapsed_seconds": 938.8126792907715}
{"event": "task_complete", "fold": 0, "completed": 859, "total": 1344, "format_errors": 0, "decisions": {"supported": 758, "other_or_general": 101}, "elapsed_seconds": 939.7617316246033}
{"event": "task_complete", "fold": 0, "completed": 860, "total": 1344, "format_errors": 0, "decisions": {"supported": 759, "other_or_general": 101}, "elapsed_seconds": 940.7429749965668}
{"event": "task_complete", "fold": 0, "completed": 861, "total": 1344, "format_errors": 0, "decisions": {"supported": 760, "other_or_general": 101}, "elapsed_seconds": 941.6378309726715}
{"event": "task_complete", "fold": 0, "completed": 862, "total": 1344, "format_errors": 0, "decisions": {"supported": 761, "other_or_general": 101}, "elapsed_seconds": 942.7894525527954}
{"event": "task_complete", "fold": 0, "completed": 863, "total": 1344, "format_errors": 0, "decisions": {"supported": 762, "other_or_general": 101}, "elapsed_seconds": 944.0783789157867}
{"event": "task_complete", "fold": 0, "completed": 864, "total": 1344, "format_errors": 0, "decisions": {"supported": 763, "other_or_general": 101}, "elapsed_seconds": 944.9639422893524}
{"event": "task_complete", "fold": 0, "completed": 865, "total": 1344, "format_errors": 0, "decisions": {"supported": 764, "other_or_general": 101}, "elapsed_seconds": 946.8522126674652}
{"event": "task_complete", "fold": 0, "completed": 866, "total": 1344, "format_errors": 0, "decisions": {"supported": 765, "other_or_general": 101}, "elapsed_seconds": 948.054845571518}
{"event": "task_complete", "fold": 0, "completed": 867, "total": 1344, "format_errors": 0, "decisions": {"supported": 766, "other_or_general": 101}, "elapsed_seconds": 949.3025088310242}
{"event": "task_complete", "fold": 0, "completed": 868, "total": 1344, "format_errors": 0, "decisions": {"supported": 767, "other_or_general": 101}, "elapsed_seconds": 950.1800146102905}
{"event": "task_complete", "fold": 0, "completed": 869, "total": 1344, "format_errors": 0, "decisions": {"supported": 768, "other_or_general": 101}, "elapsed_seconds": 951.8230495452881}
{"event": "task_complete", "fold": 0, "completed": 870, "total": 1344, "format_errors": 0, "decisions": {"supported": 768, "other_or_general": 102}, "elapsed_seconds": 953.1204988956451}
{"event": "task_complete", "fold": 0, "completed": 871, "total": 1344, "format_errors": 0, "decisions": {"supported": 769, "other_or_general": 102}, "elapsed_seconds": 954.3732810020447}
{"event": "task_complete", "fold": 0, "completed": 872, "total": 1344, "format_errors": 0, "decisions": {"supported": 770, "other_or_general": 102}, "elapsed_seconds": 955.3175210952759}
{"event": "task_complete", "fold": 0, "completed": 873, "total": 1344, "format_errors": 0, "decisions": {"supported": 771, "other_or_general": 102}, "elapsed_seconds": 956.3144793510437}
{"event": "task_complete", "fold": 0, "completed": 874, "total": 1344, "format_errors": 0, "decisions": {"supported": 772, "other_or_general": 102}, "elapsed_seconds": 957.5829410552979}
{"event": "task_complete", "fold": 0, "completed": 875, "total": 1344, "format_errors": 0, "decisions": {"supported": 773, "other_or_general": 102}, "elapsed_seconds": 958.7093603610992}
{"event": "task_complete", "fold": 0, "completed": 876, "total": 1344, "format_errors": 0, "decisions": {"supported": 774, "other_or_general": 102}, "elapsed_seconds": 959.5829651355743}
{"event": "task_complete", "fold": 0, "completed": 877, "total": 1344, "format_errors": 0, "decisions": {"supported": 775, "other_or_general": 102}, "elapsed_seconds": 960.4714162349701}
{"event": "task_complete", "fold": 0, "completed": 878, "total": 1344, "format_errors": 0, "decisions": {"supported": 776, "other_or_general": 102}, "elapsed_seconds": 961.7946264743805}
{"event": "task_complete", "fold": 0, "completed": 879, "total": 1344, "format_errors": 0, "decisions": {"supported": 777, "other_or_general": 102}, "elapsed_seconds": 962.6827573776245}
{"event": "task_complete", "fold": 0, "completed": 880, "total": 1344, "format_errors": 0, "decisions": {"supported": 778, "other_or_general": 102}, "elapsed_seconds": 963.6262063980103}
{"event": "task_complete", "fold": 0, "completed": 881, "total": 1344, "format_errors": 0, "decisions": {"supported": 779, "other_or_general": 102}, "elapsed_seconds": 965.0071778297424}
{"event": "task_complete", "fold": 0, "completed": 882, "total": 1344, "format_errors": 0, "decisions": {"supported": 779, "other_or_general": 103}, "elapsed_seconds": 966.0129413604736}
{"event": "task_complete", "fold": 0, "completed": 883, "total": 1344, "format_errors": 0, "decisions": {"supported": 780, "other_or_general": 103}, "elapsed_seconds": 967.5844466686249}
{"event": "task_complete", "fold": 0, "completed": 884, "total": 1344, "format_errors": 0, "decisions": {"supported": 781, "other_or_general": 103}, "elapsed_seconds": 968.5024032592773}
{"event": "task_complete", "fold": 0, "completed": 885, "total": 1344, "format_errors": 0, "decisions": {"supported": 782, "other_or_general": 103}, "elapsed_seconds": 969.7686438560486}
{"event": "task_complete", "fold": 0, "completed": 886, "total": 1344, "format_errors": 0, "decisions": {"supported": 783, "other_or_general": 103}, "elapsed_seconds": 971.0149466991425}
{"event": "task_complete", "fold": 0, "completed": 887, "total": 1344, "format_errors": 0, "decisions": {"supported": 783, "other_or_general": 104}, "elapsed_seconds": 972.4781968593597}
{"event": "task_complete", "fold": 0, "completed": 888, "total": 1344, "format_errors": 0, "decisions": {"supported": 784, "other_or_general": 104}, "elapsed_seconds": 973.6148676872253}
{"event": "task_complete", "fold": 0, "completed": 889, "total": 1344, "format_errors": 0, "decisions": {"supported": 785, "other_or_general": 104}, "elapsed_seconds": 975.234081029892}
{"event": "task_complete", "fold": 0, "completed": 890, "total": 1344, "format_errors": 0, "decisions": {"supported": 786, "other_or_general": 104}, "elapsed_seconds": 976.1422047615051}
{"event": "task_complete", "fold": 0, "completed": 891, "total": 1344, "format_errors": 0, "decisions": {"supported": 786, "other_or_general": 105}, "elapsed_seconds": 977.5926768779755}
{"event": "task_complete", "fold": 0, "completed": 892, "total": 1344, "format_errors": 0, "decisions": {"supported": 787, "other_or_general": 105}, "elapsed_seconds": 978.5440838336945}
{"event": "task_complete", "fold": 0, "completed": 893, "total": 1344, "format_errors": 0, "decisions": {"supported": 788, "other_or_general": 105}, "elapsed_seconds": 979.4947834014893}
{"event": "task_complete", "fold": 0, "completed": 894, "total": 1344, "format_errors": 0, "decisions": {"supported": 789, "other_or_general": 105}, "elapsed_seconds": 980.4030320644379}
{"event": "task_complete", "fold": 0, "completed": 895, "total": 1344, "format_errors": 0, "decisions": {"supported": 790, "other_or_general": 105}, "elapsed_seconds": 981.8871278762817}
{"event": "task_complete", "fold": 0, "completed": 896, "total": 1344, "format_errors": 0, "decisions": {"supported": 791, "other_or_general": 105}, "elapsed_seconds": 982.7716598510742}
{"event": "task_complete", "fold": 0, "completed": 897, "total": 1344, "format_errors": 0, "decisions": {"supported": 792, "other_or_general": 105}, "elapsed_seconds": 984.2156367301941}
{"event": "task_complete", "fold": 0, "completed": 898, "total": 1344, "format_errors": 0, "decisions": {"supported": 793, "other_or_general": 105}, "elapsed_seconds": 985.4187006950378}
{"event": "task_complete", "fold": 0, "completed": 899, "total": 1344, "format_errors": 0, "decisions": {"supported": 794, "other_or_general": 105}, "elapsed_seconds": 986.6733288764954}
{"event": "task_complete", "fold": 0, "completed": 900, "total": 1344, "format_errors": 0, "decisions": {"supported": 795, "other_or_general": 105}, "elapsed_seconds": 987.6823327541351}
{"event": "task_complete", "fold": 0, "completed": 901, "total": 1344, "format_errors": 0, "decisions": {"supported": 795, "other_or_general": 106}, "elapsed_seconds": 988.834584236145}
{"event": "task_complete", "fold": 0, "completed": 902, "total": 1344, "format_errors": 0, "decisions": {"supported": 796, "other_or_general": 106}, "elapsed_seconds": 989.8231775760651}
{"event": "task_complete", "fold": 0, "completed": 903, "total": 1344, "format_errors": 0, "decisions": {"supported": 797, "other_or_general": 106}, "elapsed_seconds": 990.816136598587}
{"event": "task_complete", "fold": 0, "completed": 904, "total": 1344, "format_errors": 0, "decisions": {"supported": 798, "other_or_general": 106}, "elapsed_seconds": 991.7908623218536}
{"event": "task_complete", "fold": 0, "completed": 905, "total": 1344, "format_errors": 0, "decisions": {"supported": 799, "other_or_general": 106}, "elapsed_seconds": 992.8459708690643}
{"event": "task_complete", "fold": 0, "completed": 906, "total": 1344, "format_errors": 0, "decisions": {"supported": 799, "other_or_general": 107}, "elapsed_seconds": 993.9675803184509}
{"event": "task_complete", "fold": 0, "completed": 907, "total": 1344, "format_errors": 0, "decisions": {"supported": 799, "other_or_general": 108}, "elapsed_seconds": 995.0921552181244}
{"event": "task_complete", "fold": 0, "completed": 908, "total": 1344, "format_errors": 0, "decisions": {"supported": 800, "other_or_general": 108}, "elapsed_seconds": 996.0393261909485}
{"event": "task_complete", "fold": 0, "completed": 909, "total": 1344, "format_errors": 0, "decisions": {"supported": 800, "other_or_general": 109}, "elapsed_seconds": 997.0723512172699}
{"event": "task_complete", "fold": 0, "completed": 910, "total": 1344, "format_errors": 0, "decisions": {"supported": 801, "other_or_general": 109}, "elapsed_seconds": 998.4503929615021}
{"event": "task_complete", "fold": 0, "completed": 911, "total": 1344, "format_errors": 0, "decisions": {"supported": 802, "other_or_general": 109}, "elapsed_seconds": 999.4102828502655}
{"event": "task_complete", "fold": 0, "completed": 912, "total": 1344, "format_errors": 0, "decisions": {"supported": 802, "other_or_general": 110}, "elapsed_seconds": 1000.4938840866089}
{"event": "task_complete", "fold": 0, "completed": 913, "total": 1344, "format_errors": 0, "decisions": {"supported": 803, "other_or_general": 110}, "elapsed_seconds": 1001.7094593048096}
{"event": "task_complete", "fold": 0, "completed": 914, "total": 1344, "format_errors": 0, "decisions": {"supported": 804, "other_or_general": 110}, "elapsed_seconds": 1002.7104017734528}
{"event": "task_complete", "fold": 0, "completed": 915, "total": 1344, "format_errors": 0, "decisions": {"supported": 805, "other_or_general": 110}, "elapsed_seconds": 1003.676432132721}
{"event": "task_complete", "fold": 0, "completed": 916, "total": 1344, "format_errors": 0, "decisions": {"supported": 806, "other_or_general": 110}, "elapsed_seconds": 1004.6235637664795}
{"event": "task_complete", "fold": 0, "completed": 917, "total": 1344, "format_errors": 0, "decisions": {"supported": 807, "other_or_general": 110}, "elapsed_seconds": 1005.5824012756348}
{"event": "task_complete", "fold": 0, "completed": 918, "total": 1344, "format_errors": 0, "decisions": {"supported": 808, "other_or_general": 110}, "elapsed_seconds": 1006.5375499725342}
{"event": "task_complete", "fold": 0, "completed": 919, "total": 1344, "format_errors": 0, "decisions": {"supported": 809, "other_or_general": 110}, "elapsed_seconds": 1007.5213778018951}
{"event": "task_complete", "fold": 0, "completed": 920, "total": 1344, "format_errors": 0, "decisions": {"supported": 810, "other_or_general": 110}, "elapsed_seconds": 1008.736912727356}
{"event": "task_complete", "fold": 0, "completed": 921, "total": 1344, "format_errors": 0, "decisions": {"supported": 811, "other_or_general": 110}, "elapsed_seconds": 1009.7190058231354}
{"event": "task_complete", "fold": 0, "completed": 922, "total": 1344, "format_errors": 0, "decisions": {"supported": 812, "other_or_general": 110}, "elapsed_seconds": 1010.9132242202759}
{"event": "task_complete", "fold": 0, "completed": 923, "total": 1344, "format_errors": 0, "decisions": {"supported": 813, "other_or_general": 110}, "elapsed_seconds": 1012.0664629936218}
{"event": "task_complete", "fold": 0, "completed": 924, "total": 1344, "format_errors": 0, "decisions": {"supported": 814, "other_or_general": 110}, "elapsed_seconds": 1012.9988272190094}
{"event": "task_complete", "fold": 0, "completed": 925, "total": 1344, "format_errors": 0, "decisions": {"supported": 815, "other_or_general": 110}, "elapsed_seconds": 1014.2766041755676}
{"event": "task_complete", "fold": 0, "completed": 926, "total": 1344, "format_errors": 0, "decisions": {"supported": 816, "other_or_general": 110}, "elapsed_seconds": 1015.2995836734772}
{"event": "task_complete", "fold": 0, "completed": 927, "total": 1344, "format_errors": 0, "decisions": {"supported": 817, "other_or_general": 110}, "elapsed_seconds": 1016.2870337963104}
{"event": "task_complete", "fold": 0, "completed": 928, "total": 1344, "format_errors": 0, "decisions": {"supported": 817, "other_or_general": 111}, "elapsed_seconds": 1017.4052491188049}
{"event": "task_complete", "fold": 0, "completed": 929, "total": 1344, "format_errors": 0, "decisions": {"supported": 818, "other_or_general": 111}, "elapsed_seconds": 1018.3772060871124}
{"event": "task_complete", "fold": 0, "completed": 930, "total": 1344, "format_errors": 0, "decisions": {"supported": 819, "other_or_general": 111}, "elapsed_seconds": 1019.5208797454834}
{"event": "task_complete", "fold": 0, "completed": 931, "total": 1344, "format_errors": 0, "decisions": {"supported": 820, "other_or_general": 111}, "elapsed_seconds": 1020.4768946170807}
{"event": "task_complete", "fold": 0, "completed": 932, "total": 1344, "format_errors": 0, "decisions": {"supported": 821, "other_or_general": 111}, "elapsed_seconds": 1021.4522840976715}
{"event": "task_complete", "fold": 0, "completed": 933, "total": 1344, "format_errors": 0, "decisions": {"supported": 822, "other_or_general": 111}, "elapsed_seconds": 1022.4078783988953}
{"event": "task_complete", "fold": 0, "completed": 934, "total": 1344, "format_errors": 0, "decisions": {"supported": 823, "other_or_general": 111}, "elapsed_seconds": 1023.4010443687439}
{"event": "task_complete", "fold": 0, "completed": 935, "total": 1344, "format_errors": 0, "decisions": {"supported": 824, "other_or_general": 111}, "elapsed_seconds": 1024.3877029418945}
{"event": "task_complete", "fold": 0, "completed": 936, "total": 1344, "format_errors": 0, "decisions": {"supported": 825, "other_or_general": 111}, "elapsed_seconds": 1025.4050164222717}
{"event": "task_complete", "fold": 0, "completed": 937, "total": 1344, "format_errors": 0, "decisions": {"supported": 826, "other_or_general": 111}, "elapsed_seconds": 1026.41881108284}
{"event": "task_complete", "fold": 0, "completed": 938, "total": 1344, "format_errors": 0, "decisions": {"supported": 827, "other_or_general": 111}, "elapsed_seconds": 1027.406888961792}
{"event": "task_complete", "fold": 0, "completed": 939, "total": 1344, "format_errors": 0, "decisions": {"supported": 828, "other_or_general": 111}, "elapsed_seconds": 1028.3836088180542}
{"event": "task_complete", "fold": 0, "completed": 940, "total": 1344, "format_errors": 0, "decisions": {"supported": 829, "other_or_general": 111}, "elapsed_seconds": 1029.3043594360352}
{"event": "task_complete", "fold": 0, "completed": 941, "total": 1344, "format_errors": 0, "decisions": {"supported": 830, "other_or_general": 111}, "elapsed_seconds": 1030.184664964676}
{"event": "task_complete", "fold": 0, "completed": 942, "total": 1344, "format_errors": 0, "decisions": {"supported": 831, "other_or_general": 111}, "elapsed_seconds": 1031.5423209667206}
{"event": "task_complete", "fold": 0, "completed": 943, "total": 1344, "format_errors": 0, "decisions": {"supported": 832, "other_or_general": 111}, "elapsed_seconds": 1032.4879097938538}
{"event": "task_complete", "fold": 0, "completed": 944, "total": 1344, "format_errors": 0, "decisions": {"supported": 833, "other_or_general": 111}, "elapsed_seconds": 1033.6263763904572}
{"event": "task_complete", "fold": 0, "completed": 945, "total": 1344, "format_errors": 0, "decisions": {"supported": 834, "other_or_general": 111}, "elapsed_seconds": 1034.612316608429}
{"event": "task_complete", "fold": 0, "completed": 946, "total": 1344, "format_errors": 0, "decisions": {"supported": 835, "other_or_general": 111}, "elapsed_seconds": 1035.5490205287933}
{"event": "task_complete", "fold": 0, "completed": 947, "total": 1344, "format_errors": 0, "decisions": {"supported": 836, "other_or_general": 111}, "elapsed_seconds": 1036.4479217529297}
{"event": "task_complete", "fold": 0, "completed": 948, "total": 1344, "format_errors": 0, "decisions": {"supported": 837, "other_or_general": 111}, "elapsed_seconds": 1037.81445479393}
{"event": "task_complete", "fold": 0, "completed": 949, "total": 1344, "format_errors": 0, "decisions": {"supported": 837, "other_or_general": 112}, "elapsed_seconds": 1038.91695022583}
{"event": "task_complete", "fold": 0, "completed": 950, "total": 1344, "format_errors": 0, "decisions": {"supported": 838, "other_or_general": 112}, "elapsed_seconds": 1040.1788935661316}
{"event": "task_complete", "fold": 0, "completed": 951, "total": 1344, "format_errors": 0, "decisions": {"supported": 839, "other_or_general": 112}, "elapsed_seconds": 1041.2241158485413}
{"event": "task_complete", "fold": 0, "completed": 952, "total": 1344, "format_errors": 0, "decisions": {"supported": 839, "other_or_general": 113}, "elapsed_seconds": 1042.418837070465}
{"event": "task_complete", "fold": 0, "completed": 953, "total": 1344, "format_errors": 0, "decisions": {"supported": 840, "other_or_general": 113}, "elapsed_seconds": 1043.5602142810822}
{"event": "task_complete", "fold": 0, "completed": 954, "total": 1344, "format_errors": 0, "decisions": {"supported": 841, "other_or_general": 113}, "elapsed_seconds": 1044.8395373821259}
{"event": "task_complete", "fold": 0, "completed": 955, "total": 1344, "format_errors": 0, "decisions": {"supported": 842, "other_or_general": 113}, "elapsed_seconds": 1045.725425004959}
{"event": "task_complete", "fold": 0, "completed": 956, "total": 1344, "format_errors": 0, "decisions": {"supported": 842, "other_or_general": 114}, "elapsed_seconds": 1046.8104002475739}
{"event": "task_complete", "fold": 0, "completed": 957, "total": 1344, "format_errors": 0, "decisions": {"supported": 843, "other_or_general": 114}, "elapsed_seconds": 1047.9204223155975}
{"event": "task_complete", "fold": 0, "completed": 958, "total": 1344, "format_errors": 0, "decisions": {"supported": 844, "other_or_general": 114}, "elapsed_seconds": 1049.2712831497192}
{"event": "task_complete", "fold": 0, "completed": 959, "total": 1344, "format_errors": 0, "decisions": {"supported": 845, "other_or_general": 114}, "elapsed_seconds": 1050.1581645011902}
{"event": "task_complete", "fold": 0, "completed": 960, "total": 1344, "format_errors": 0, "decisions": {"supported": 846, "other_or_general": 114}, "elapsed_seconds": 1051.655261039734}
{"event": "task_complete", "fold": 0, "completed": 961, "total": 1344, "format_errors": 0, "decisions": {"supported": 847, "other_or_general": 114}, "elapsed_seconds": 1052.5351951122284}
{"event": "task_complete", "fold": 0, "completed": 962, "total": 1344, "format_errors": 0, "decisions": {"supported": 848, "other_or_general": 114}, "elapsed_seconds": 1053.4811232089996}
{"event": "task_complete", "fold": 0, "completed": 963, "total": 1344, "format_errors": 0, "decisions": {"supported": 849, "other_or_general": 114}, "elapsed_seconds": 1055.0879173278809}
{"event": "task_complete", "fold": 0, "completed": 964, "total": 1344, "format_errors": 0, "decisions": {"supported": 850, "other_or_general": 114}, "elapsed_seconds": 1055.979890346527}
{"event": "task_complete", "fold": 0, "completed": 965, "total": 1344, "format_errors": 0, "decisions": {"supported": 851, "other_or_general": 114}, "elapsed_seconds": 1056.9499175548553}
{"event": "task_complete", "fold": 0, "completed": 966, "total": 1344, "format_errors": 0, "decisions": {"supported": 852, "other_or_general": 114}, "elapsed_seconds": 1057.9784171581268}
{"event": "task_complete", "fold": 0, "completed": 967, "total": 1344, "format_errors": 0, "decisions": {"supported": 853, "other_or_general": 114}, "elapsed_seconds": 1059.310162782669}
{"event": "task_complete", "fold": 0, "completed": 968, "total": 1344, "format_errors": 0, "decisions": {"supported": 854, "other_or_general": 114}, "elapsed_seconds": 1060.1949729919434}
{"event": "task_complete", "fold": 0, "completed": 969, "total": 1344, "format_errors": 0, "decisions": {"supported": 855, "other_or_general": 114}, "elapsed_seconds": 1061.4399015903473}
{"event": "task_complete", "fold": 0, "completed": 970, "total": 1344, "format_errors": 0, "decisions": {"supported": 856, "other_or_general": 114}, "elapsed_seconds": 1062.4285719394684}
{"event": "task_complete", "fold": 0, "completed": 971, "total": 1344, "format_errors": 0, "decisions": {"supported": 857, "other_or_general": 114}, "elapsed_seconds": 1063.6676144599915}
{"event": "task_complete", "fold": 0, "completed": 972, "total": 1344, "format_errors": 0, "decisions": {"supported": 857, "other_or_general": 115}, "elapsed_seconds": 1064.7783608436584}
{"event": "task_complete", "fold": 0, "completed": 973, "total": 1344, "format_errors": 0, "decisions": {"supported": 857, "other_or_general": 116}, "elapsed_seconds": 1065.8797776699066}
{"event": "task_complete", "fold": 0, "completed": 974, "total": 1344, "format_errors": 0, "decisions": {"supported": 858, "other_or_general": 116}, "elapsed_seconds": 1066.9324359893799}
{"event": "task_complete", "fold": 0, "completed": 975, "total": 1344, "format_errors": 0, "decisions": {"supported": 859, "other_or_general": 116}, "elapsed_seconds": 1068.2973086833954}
{"event": "task_complete", "fold": 0, "completed": 976, "total": 1344, "format_errors": 0, "decisions": {"supported": 860, "other_or_general": 116}, "elapsed_seconds": 1069.2377064228058}
{"event": "task_complete", "fold": 0, "completed": 977, "total": 1344, "format_errors": 0, "decisions": {"supported": 861, "other_or_general": 116}, "elapsed_seconds": 1070.2806994915009}
{"event": "task_complete", "fold": 0, "completed": 978, "total": 1344, "format_errors": 0, "decisions": {"supported": 862, "other_or_general": 116}, "elapsed_seconds": 1071.2388982772827}
{"event": "task_complete", "fold": 0, "completed": 979, "total": 1344, "format_errors": 0, "decisions": {"supported": 863, "other_or_general": 116}, "elapsed_seconds": 1072.1606681346893}
{"event": "task_complete", "fold": 0, "completed": 980, "total": 1344, "format_errors": 0, "decisions": {"supported": 864, "other_or_general": 116}, "elapsed_seconds": 1073.4174768924713}
{"event": "task_complete", "fold": 0, "completed": 981, "total": 1344, "format_errors": 0, "decisions": {"supported": 865, "other_or_general": 116}, "elapsed_seconds": 1074.378534078598}
{"event": "task_complete", "fold": 0, "completed": 982, "total": 1344, "format_errors": 0, "decisions": {"supported": 866, "other_or_general": 116}, "elapsed_seconds": 1075.417517900467}
{"event": "task_complete", "fold": 0, "completed": 983, "total": 1344, "format_errors": 0, "decisions": {"supported": 867, "other_or_general": 116}, "elapsed_seconds": 1076.7176797389984}
{"event": "task_complete", "fold": 0, "completed": 984, "total": 1344, "format_errors": 0, "decisions": {"supported": 868, "other_or_general": 116}, "elapsed_seconds": 1077.8913028240204}
{"event": "task_complete", "fold": 0, "completed": 985, "total": 1344, "format_errors": 0, "decisions": {"supported": 869, "other_or_general": 116}, "elapsed_seconds": 1078.7852754592896}
{"event": "task_complete", "fold": 0, "completed": 986, "total": 1344, "format_errors": 0, "decisions": {"supported": 870, "other_or_general": 116}, "elapsed_seconds": 1079.9986205101013}
{"event": "task_complete", "fold": 0, "completed": 987, "total": 1344, "format_errors": 0, "decisions": {"supported": 871, "other_or_general": 116}, "elapsed_seconds": 1080.9918608665466}
{"event": "task_complete", "fold": 0, "completed": 988, "total": 1344, "format_errors": 0, "decisions": {"supported": 872, "other_or_general": 116}, "elapsed_seconds": 1081.9732711315155}
{"event": "task_complete", "fold": 0, "completed": 989, "total": 1344, "format_errors": 0, "decisions": {"supported": 873, "other_or_general": 116}, "elapsed_seconds": 1082.952154636383}
{"event": "task_complete", "fold": 0, "completed": 990, "total": 1344, "format_errors": 0, "decisions": {"supported": 874, "other_or_general": 116}, "elapsed_seconds": 1084.3230543136597}
{"event": "task_complete", "fold": 0, "completed": 991, "total": 1344, "format_errors": 0, "decisions": {"supported": 875, "other_or_general": 116}, "elapsed_seconds": 1085.1934187412262}
{"event": "task_complete", "fold": 0, "completed": 992, "total": 1344, "format_errors": 0, "decisions": {"supported": 876, "other_or_general": 116}, "elapsed_seconds": 1086.5394656658173}
{"event": "task_complete", "fold": 0, "completed": 993, "total": 1344, "format_errors": 0, "decisions": {"supported": 877, "other_or_general": 116}, "elapsed_seconds": 1087.4093887805939}
{"event": "task_complete", "fold": 0, "completed": 994, "total": 1344, "format_errors": 0, "decisions": {"supported": 878, "other_or_general": 116}, "elapsed_seconds": 1088.3770401477814}
{"event": "task_complete", "fold": 0, "completed": 995, "total": 1344, "format_errors": 0, "decisions": {"supported": 879, "other_or_general": 116}, "elapsed_seconds": 1089.2890968322754}
{"event": "task_complete", "fold": 0, "completed": 996, "total": 1344, "format_errors": 0, "decisions": {"supported": 880, "other_or_general": 116}, "elapsed_seconds": 1090.5675430297852}
{"event": "task_complete", "fold": 0, "completed": 997, "total": 1344, "format_errors": 0, "decisions": {"supported": 880, "other_or_general": 117}, "elapsed_seconds": 1091.5894174575806}
{"event": "task_complete", "fold": 0, "completed": 998, "total": 1344, "format_errors": 0, "decisions": {"supported": 881, "other_or_general": 117}, "elapsed_seconds": 1092.8469092845917}
{"event": "task_complete", "fold": 0, "completed": 999, "total": 1344, "format_errors": 0, "decisions": {"supported": 882, "other_or_general": 117}, "elapsed_seconds": 1093.9682021141052}
{"event": "task_complete", "fold": 0, "completed": 1000, "total": 1344, "format_errors": 0, "decisions": {"supported": 883, "other_or_general": 117}, "elapsed_seconds": 1094.8449084758759}
{"event": "task_complete", "fold": 0, "completed": 1001, "total": 1344, "format_errors": 0, "decisions": {"supported": 884, "other_or_general": 117}, "elapsed_seconds": 1095.7685539722443}
{"event": "task_complete", "fold": 0, "completed": 1002, "total": 1344, "format_errors": 0, "decisions": {"supported": 884, "other_or_general": 118}, "elapsed_seconds": 1097.219032049179}
{"event": "task_complete", "fold": 0, "completed": 1003, "total": 1344, "format_errors": 0, "decisions": {"supported": 885, "other_or_general": 118}, "elapsed_seconds": 1098.1123633384705}
{"event": "task_complete", "fold": 0, "completed": 1004, "total": 1344, "format_errors": 0, "decisions": {"supported": 886, "other_or_general": 118}, "elapsed_seconds": 1099.0550575256348}
{"event": "task_complete", "fold": 0, "completed": 1005, "total": 1344, "format_errors": 0, "decisions": {"supported": 886, "other_or_general": 119}, "elapsed_seconds": 1100.0817666053772}
{"event": "task_complete", "fold": 0, "completed": 1006, "total": 1344, "format_errors": 0, "decisions": {"supported": 887, "other_or_general": 119}, "elapsed_seconds": 1101.3708200454712}
{"event": "task_complete", "fold": 0, "completed": 1007, "total": 1344, "format_errors": 0, "decisions": {"supported": 888, "other_or_general": 119}, "elapsed_seconds": 1102.2523958683014}
{"event": "task_complete", "fold": 0, "completed": 1008, "total": 1344, "format_errors": 0, "decisions": {"supported": 888, "other_or_general": 120}, "elapsed_seconds": 1103.7178647518158}
{"event": "task_complete", "fold": 0, "completed": 1009, "total": 1344, "format_errors": 0, "decisions": {"supported": 888, "other_or_general": 121}, "elapsed_seconds": 1104.8102939128876}
{"event": "task_complete", "fold": 0, "completed": 1010, "total": 1344, "format_errors": 0, "decisions": {"supported": 889, "other_or_general": 121}, "elapsed_seconds": 1105.7729365825653}
{"event": "task_complete", "fold": 0, "completed": 1011, "total": 1344, "format_errors": 0, "decisions": {"supported": 890, "other_or_general": 121}, "elapsed_seconds": 1106.988822221756}
{"event": "task_complete", "fold": 0, "completed": 1012, "total": 1344, "format_errors": 0, "decisions": {"supported": 891, "other_or_general": 121}, "elapsed_seconds": 1107.8716175556183}
{"event": "task_complete", "fold": 0, "completed": 1013, "total": 1344, "format_errors": 0, "decisions": {"supported": 892, "other_or_general": 121}, "elapsed_seconds": 1108.8731281757355}
{"event": "task_complete", "fold": 0, "completed": 1014, "total": 1344, "format_errors": 0, "decisions": {"supported": 893, "other_or_general": 121}, "elapsed_seconds": 1109.8716106414795}
{"event": "task_complete", "fold": 0, "completed": 1015, "total": 1344, "format_errors": 0, "decisions": {"supported": 894, "other_or_general": 121}, "elapsed_seconds": 1110.8744201660156}
{"event": "task_complete", "fold": 0, "completed": 1016, "total": 1344, "format_errors": 0, "decisions": {"supported": 895, "other_or_general": 121}, "elapsed_seconds": 1111.888099193573}
{"event": "task_complete", "fold": 0, "completed": 1017, "total": 1344, "format_errors": 0, "decisions": {"supported": 896, "other_or_general": 121}, "elapsed_seconds": 1112.8746926784515}
{"event": "task_complete", "fold": 0, "completed": 1018, "total": 1344, "format_errors": 0, "decisions": {"supported": 896, "other_or_general": 122}, "elapsed_seconds": 1113.9768526554108}
{"event": "task_complete", "fold": 0, "completed": 1019, "total": 1344, "format_errors": 0, "decisions": {"supported": 897, "other_or_general": 122}, "elapsed_seconds": 1114.8785014152527}
{"event": "task_complete", "fold": 0, "completed": 1020, "total": 1344, "format_errors": 0, "decisions": {"supported": 898, "other_or_general": 122}, "elapsed_seconds": 1115.774487733841}
{"event": "task_complete", "fold": 0, "completed": 1021, "total": 1344, "format_errors": 0, "decisions": {"supported": 899, "other_or_general": 122}, "elapsed_seconds": 1117.0864624977112}
{"event": "task_complete", "fold": 0, "completed": 1022, "total": 1344, "format_errors": 0, "decisions": {"supported": 900, "other_or_general": 122}, "elapsed_seconds": 1118.0585916042328}
{"event": "task_complete", "fold": 0, "completed": 1023, "total": 1344, "format_errors": 0, "decisions": {"supported": 901, "other_or_general": 122}, "elapsed_seconds": 1118.952157497406}
{"event": "task_complete", "fold": 0, "completed": 1024, "total": 1344, "format_errors": 0, "decisions": {"supported": 902, "other_or_general": 122}, "elapsed_seconds": 1120.0490911006927}
{"event": "task_complete", "fold": 0, "completed": 1025, "total": 1344, "format_errors": 0, "decisions": {"supported": 903, "other_or_general": 122}, "elapsed_seconds": 1120.9916558265686}
{"event": "task_complete", "fold": 0, "completed": 1026, "total": 1344, "format_errors": 0, "decisions": {"supported": 904, "other_or_general": 122}, "elapsed_seconds": 1121.9769642353058}
{"event": "task_complete", "fold": 0, "completed": 1027, "total": 1344, "format_errors": 0, "decisions": {"supported": 905, "other_or_general": 122}, "elapsed_seconds": 1122.9577043056488}
{"event": "task_complete", "fold": 0, "completed": 1028, "total": 1344, "format_errors": 0, "decisions": {"supported": 906, "other_or_general": 122}, "elapsed_seconds": 1123.9495952129364}
{"event": "task_complete", "fold": 0, "completed": 1029, "total": 1344, "format_errors": 0, "decisions": {"supported": 907, "other_or_general": 122}, "elapsed_seconds": 1124.9472937583923}
{"event": "task_complete", "fold": 0, "completed": 1030, "total": 1344, "format_errors": 0, "decisions": {"supported": 908, "other_or_general": 122}, "elapsed_seconds": 1125.918912410736}
{"event": "task_complete", "fold": 0, "completed": 1031, "total": 1344, "format_errors": 0, "decisions": {"supported": 908, "other_or_general": 123}, "elapsed_seconds": 1127.073736190796}
{"event": "task_complete", "fold": 0, "completed": 1032, "total": 1344, "format_errors": 0, "decisions": {"supported": 909, "other_or_general": 123}, "elapsed_seconds": 1128.03644657135}
{"event": "task_complete", "fold": 0, "completed": 1033, "total": 1344, "format_errors": 0, "decisions": {"supported": 910, "other_or_general": 123}, "elapsed_seconds": 1129.0132591724396}
{"event": "task_complete", "fold": 0, "completed": 1034, "total": 1344, "format_errors": 0, "decisions": {"supported": 911, "other_or_general": 123}, "elapsed_seconds": 1130.2145397663116}
{"event": "task_complete", "fold": 0, "completed": 1035, "total": 1344, "format_errors": 0, "decisions": {"supported": 912, "other_or_general": 123}, "elapsed_seconds": 1131.1386766433716}
{"event": "task_complete", "fold": 0, "completed": 1036, "total": 1344, "format_errors": 0, "decisions": {"supported": 913, "other_or_general": 123}, "elapsed_seconds": 1132.0624513626099}
{"event": "task_complete", "fold": 0, "completed": 1037, "total": 1344, "format_errors": 0, "decisions": {"supported": 914, "other_or_general": 123}, "elapsed_seconds": 1133.0273804664612}
{"event": "task_complete", "fold": 0, "completed": 1038, "total": 1344, "format_errors": 0, "decisions": {"supported": 915, "other_or_general": 123}, "elapsed_seconds": 1133.9513552188873}
{"event": "task_complete", "fold": 0, "completed": 1039, "total": 1344, "format_errors": 0, "decisions": {"supported": 916, "other_or_general": 123}, "elapsed_seconds": 1134.8577373027802}
{"event": "task_complete", "fold": 0, "completed": 1040, "total": 1344, "format_errors": 0, "decisions": {"supported": 917, "other_or_general": 123}, "elapsed_seconds": 1135.822086572647}
{"event": "task_complete", "fold": 0, "completed": 1041, "total": 1344, "format_errors": 0, "decisions": {"supported": 917, "other_or_general": 124}, "elapsed_seconds": 1137.170845746994}
{"event": "task_complete", "fold": 0, "completed": 1042, "total": 1344, "format_errors": 0, "decisions": {"supported": 918, "other_or_general": 124}, "elapsed_seconds": 1138.1572196483612}
{"event": "task_complete", "fold": 0, "completed": 1043, "total": 1344, "format_errors": 0, "decisions": {"supported": 919, "other_or_general": 124}, "elapsed_seconds": 1139.1437199115753}
{"event": "task_complete", "fold": 0, "completed": 1044, "total": 1344, "format_errors": 0, "decisions": {"supported": 920, "other_or_general": 124}, "elapsed_seconds": 1140.1161570549011}
{"event": "task_complete", "fold": 0, "completed": 1045, "total": 1344, "format_errors": 0, "decisions": {"supported": 921, "other_or_general": 124}, "elapsed_seconds": 1141.034583568573}
{"event": "task_complete", "fold": 0, "completed": 1046, "total": 1344, "format_errors": 0, "decisions": {"supported": 922, "other_or_general": 124}, "elapsed_seconds": 1141.9755318164825}
{"event": "task_complete", "fold": 0, "completed": 1047, "total": 1344, "format_errors": 0, "decisions": {"supported": 922, "other_or_general": 125}, "elapsed_seconds": 1143.3325037956238}
{"event": "task_complete", "fold": 0, "completed": 1048, "total": 1344, "format_errors": 0, "decisions": {"supported": 923, "other_or_general": 125}, "elapsed_seconds": 1144.519769191742}
{"event": "task_complete", "fold": 0, "completed": 1049, "total": 1344, "format_errors": 0, "decisions": {"supported": 924, "other_or_general": 125}, "elapsed_seconds": 1145.402179479599}
{"event": "task_complete", "fold": 0, "completed": 1050, "total": 1344, "format_errors": 0, "decisions": {"supported": 925, "other_or_general": 125}, "elapsed_seconds": 1146.2960612773895}
{"event": "task_complete", "fold": 0, "completed": 1051, "total": 1344, "format_errors": 0, "decisions": {"supported": 926, "other_or_general": 125}, "elapsed_seconds": 1147.627108335495}
{"event": "task_complete", "fold": 0, "completed": 1052, "total": 1344, "format_errors": 0, "decisions": {"supported": 927, "other_or_general": 125}, "elapsed_seconds": 1148.5716452598572}
{"event": "task_complete", "fold": 0, "completed": 1053, "total": 1344, "format_errors": 0, "decisions": {"supported": 927, "other_or_general": 126}, "elapsed_seconds": 1149.6967520713806}
{"event": "task_complete", "fold": 0, "completed": 1054, "total": 1344, "format_errors": 0, "decisions": {"supported": 928, "other_or_general": 126}, "elapsed_seconds": 1150.6007204055786}
{"event": "task_complete", "fold": 0, "completed": 1055, "total": 1344, "format_errors": 0, "decisions": {"supported": 929, "other_or_general": 126}, "elapsed_seconds": 1151.5529005527496}
{"event": "task_complete", "fold": 0, "completed": 1056, "total": 1344, "format_errors": 0, "decisions": {"supported": 930, "other_or_general": 126}, "elapsed_seconds": 1152.5154268741608}
{"event": "task_complete", "fold": 0, "completed": 1057, "total": 1344, "format_errors": 0, "decisions": {"supported": 931, "other_or_general": 126}, "elapsed_seconds": 1153.8284327983856}
{"event": "task_complete", "fold": 0, "completed": 1058, "total": 1344, "format_errors": 0, "decisions": {"supported": 932, "other_or_general": 126}, "elapsed_seconds": 1154.7097198963165}
{"event": "task_complete", "fold": 0, "completed": 1059, "total": 1344, "format_errors": 0, "decisions": {"supported": 933, "other_or_general": 126}, "elapsed_seconds": 1155.6386189460754}
{"event": "task_complete", "fold": 0, "completed": 1060, "total": 1344, "format_errors": 0, "decisions": {"supported": 934, "other_or_general": 126}, "elapsed_seconds": 1156.8132560253143}
{"event": "task_complete", "fold": 0, "completed": 1061, "total": 1344, "format_errors": 0, "decisions": {"supported": 935, "other_or_general": 126}, "elapsed_seconds": 1157.792038679123}
{"event": "task_complete", "fold": 0, "completed": 1062, "total": 1344, "format_errors": 0, "decisions": {"supported": 936, "other_or_general": 126}, "elapsed_seconds": 1158.796690940857}
{"event": "task_complete", "fold": 0, "completed": 1063, "total": 1344, "format_errors": 0, "decisions": {"supported": 937, "other_or_general": 126}, "elapsed_seconds": 1159.7530462741852}
{"event": "task_complete", "fold": 0, "completed": 1064, "total": 1344, "format_errors": 0, "decisions": {"supported": 938, "other_or_general": 126}, "elapsed_seconds": 1160.733978509903}
{"event": "task_complete", "fold": 0, "completed": 1065, "total": 1344, "format_errors": 0, "decisions": {"supported": 939, "other_or_general": 126}, "elapsed_seconds": 1161.7483642101288}
{"event": "task_complete", "fold": 0, "completed": 1066, "total": 1344, "format_errors": 0, "decisions": {"supported": 940, "other_or_general": 126}, "elapsed_seconds": 1162.727368593216}
{"event": "task_complete", "fold": 0, "completed": 1067, "total": 1344, "format_errors": 0, "decisions": {"supported": 941, "other_or_general": 126}, "elapsed_seconds": 1163.831980228424}
{"event": "task_complete", "fold": 0, "completed": 1068, "total": 1344, "format_errors": 0, "decisions": {"supported": 942, "other_or_general": 126}, "elapsed_seconds": 1164.8235218524933}
{"event": "task_complete", "fold": 0, "completed": 1069, "total": 1344, "format_errors": 0, "decisions": {"supported": 943, "other_or_general": 126}, "elapsed_seconds": 1165.8049576282501}
{"event": "task_complete", "fold": 0, "completed": 1070, "total": 1344, "format_errors": 0, "decisions": {"supported": 944, "other_or_general": 126}, "elapsed_seconds": 1166.746402978897}
{"event": "task_complete", "fold": 0, "completed": 1071, "total": 1344, "format_errors": 0, "decisions": {"supported": 945, "other_or_general": 126}, "elapsed_seconds": 1167.6947484016418}
{"event": "task_complete", "fold": 0, "completed": 1072, "total": 1344, "format_errors": 0, "decisions": {"supported": 946, "other_or_general": 126}, "elapsed_seconds": 1168.65571641922}
{"event": "task_complete", "fold": 0, "completed": 1073, "total": 1344, "format_errors": 0, "decisions": {"supported": 946, "other_or_general": 127}, "elapsed_seconds": 1170.2286789417267}
{"event": "task_complete", "fold": 0, "completed": 1074, "total": 1344, "format_errors": 0, "decisions": {"supported": 947, "other_or_general": 127}, "elapsed_seconds": 1171.4335029125214}
{"event": "task_complete", "fold": 0, "completed": 1075, "total": 1344, "format_errors": 0, "decisions": {"supported": 947, "other_or_general": 128}, "elapsed_seconds": 1172.4523494243622}
{"event": "task_complete", "fold": 0, "completed": 1076, "total": 1344, "format_errors": 0, "decisions": {"supported": 948, "other_or_general": 128}, "elapsed_seconds": 1173.3963990211487}
{"event": "task_complete", "fold": 0, "completed": 1077, "total": 1344, "format_errors": 0, "decisions": {"supported": 949, "other_or_general": 128}, "elapsed_seconds": 1174.7843341827393}
{"event": "task_complete", "fold": 0, "completed": 1078, "total": 1344, "format_errors": 0, "decisions": {"supported": 950, "other_or_general": 128}, "elapsed_seconds": 1175.8632354736328}
{"event": "task_complete", "fold": 0, "completed": 1079, "total": 1344, "format_errors": 0, "decisions": {"supported": 951, "other_or_general": 128}, "elapsed_seconds": 1177.4305832386017}
{"event": "task_complete", "fold": 0, "completed": 1080, "total": 1344, "format_errors": 0, "decisions": {"supported": 952, "other_or_general": 128}, "elapsed_seconds": 1178.6415393352509}
{"event": "task_complete", "fold": 0, "completed": 1081, "total": 1344, "format_errors": 0, "decisions": {"supported": 953, "other_or_general": 128}, "elapsed_seconds": 1180.1494131088257}
{"event": "task_complete", "fold": 0, "completed": 1082, "total": 1344, "format_errors": 0, "decisions": {"supported": 954, "other_or_general": 128}, "elapsed_seconds": 1181.0368371009827}
{"event": "task_complete", "fold": 0, "completed": 1083, "total": 1344, "format_errors": 0, "decisions": {"supported": 955, "other_or_general": 128}, "elapsed_seconds": 1182.608892440796}
{"event": "task_complete", "fold": 0, "completed": 1084, "total": 1344, "format_errors": 0, "decisions": {"supported": 956, "other_or_general": 128}, "elapsed_seconds": 1183.8570663928986}
{"event": "task_complete", "fold": 0, "completed": 1085, "total": 1344, "format_errors": 0, "decisions": {"supported": 957, "other_or_general": 128}, "elapsed_seconds": 1185.1531703472137}
{"event": "task_complete", "fold": 0, "completed": 1086, "total": 1344, "format_errors": 0, "decisions": {"supported": 958, "other_or_general": 128}, "elapsed_seconds": 1186.0890514850616}
{"event": "task_complete", "fold": 0, "completed": 1087, "total": 1344, "format_errors": 0, "decisions": {"supported": 959, "other_or_general": 128}, "elapsed_seconds": 1186.979290485382}
{"event": "task_complete", "fold": 0, "completed": 1088, "total": 1344, "format_errors": 0, "decisions": {"supported": 960, "other_or_general": 128}, "elapsed_seconds": 1188.3922040462494}
{"event": "task_complete", "fold": 0, "completed": 1089, "total": 1344, "format_errors": 0, "decisions": {"supported": 961, "other_or_general": 128}, "elapsed_seconds": 1189.2838270664215}
{"event": "task_complete", "fold": 0, "completed": 1090, "total": 1344, "format_errors": 0, "decisions": {"supported": 962, "other_or_general": 128}, "elapsed_seconds": 1190.2397882938385}
{"event": "task_complete", "fold": 0, "completed": 1091, "total": 1344, "format_errors": 0, "decisions": {"supported": 963, "other_or_general": 128}, "elapsed_seconds": 1191.5107674598694}
{"event": "task_complete", "fold": 0, "completed": 1092, "total": 1344, "format_errors": 0, "decisions": {"supported": 964, "other_or_general": 128}, "elapsed_seconds": 1192.86985206604}
{"event": "task_complete", "fold": 0, "completed": 1093, "total": 1344, "format_errors": 0, "decisions": {"supported": 965, "other_or_general": 128}, "elapsed_seconds": 1193.9434254169464}
{"event": "task_complete", "fold": 0, "completed": 1094, "total": 1344, "format_errors": 0, "decisions": {"supported": 966, "other_or_general": 128}, "elapsed_seconds": 1194.82834815979}
{"event": "task_complete", "fold": 0, "completed": 1095, "total": 1344, "format_errors": 0, "decisions": {"supported": 967, "other_or_general": 128}, "elapsed_seconds": 1195.7107574939728}
{"event": "task_complete", "fold": 0, "completed": 1096, "total": 1344, "format_errors": 0, "decisions": {"supported": 968, "other_or_general": 128}, "elapsed_seconds": 1196.7049927711487}
{"event": "task_complete", "fold": 0, "completed": 1097, "total": 1344, "format_errors": 0, "decisions": {"supported": 969, "other_or_general": 128}, "elapsed_seconds": 1197.6921648979187}
{"event": "task_complete", "fold": 0, "completed": 1098, "total": 1344, "format_errors": 0, "decisions": {"supported": 970, "other_or_general": 128}, "elapsed_seconds": 1199.3072028160095}
{"event": "task_complete", "fold": 0, "completed": 1099, "total": 1344, "format_errors": 0, "decisions": {"supported": 971, "other_or_general": 128}, "elapsed_seconds": 1200.2647416591644}
{"event": "task_complete", "fold": 0, "completed": 1100, "total": 1344, "format_errors": 0, "decisions": {"supported": 972, "other_or_general": 128}, "elapsed_seconds": 1201.4583921432495}
{"event": "task_complete", "fold": 0, "completed": 1101, "total": 1344, "format_errors": 0, "decisions": {"supported": 973, "other_or_general": 128}, "elapsed_seconds": 1202.6729168891907}
{"event": "task_complete", "fold": 0, "completed": 1102, "total": 1344, "format_errors": 0, "decisions": {"supported": 974, "other_or_general": 128}, "elapsed_seconds": 1203.9724955558777}
{"event": "task_complete", "fold": 0, "completed": 1103, "total": 1344, "format_errors": 0, "decisions": {"supported": 975, "other_or_general": 128}, "elapsed_seconds": 1204.8668036460876}
{"event": "task_complete", "fold": 0, "completed": 1104, "total": 1344, "format_errors": 0, "decisions": {"supported": 976, "other_or_general": 128}, "elapsed_seconds": 1205.9914274215698}
{"event": "task_complete", "fold": 0, "completed": 1105, "total": 1344, "format_errors": 0, "decisions": {"supported": 977, "other_or_general": 128}, "elapsed_seconds": 1206.9547333717346}
{"event": "task_complete", "fold": 0, "completed": 1106, "total": 1344, "format_errors": 0, "decisions": {"supported": 978, "other_or_general": 128}, "elapsed_seconds": 1208.1598060131073}
{"event": "task_complete", "fold": 0, "completed": 1107, "total": 1344, "format_errors": 0, "decisions": {"supported": 979, "other_or_general": 128}, "elapsed_seconds": 1209.435636997223}
{"event": "task_complete", "fold": 0, "completed": 1108, "total": 1344, "format_errors": 0, "decisions": {"supported": 979, "other_or_general": 129}, "elapsed_seconds": 1210.4412770271301}
{"event": "task_complete", "fold": 0, "completed": 1109, "total": 1344, "format_errors": 0, "decisions": {"supported": 979, "other_or_general": 130}, "elapsed_seconds": 1211.479150056839}
{"event": "task_complete", "fold": 0, "completed": 1110, "total": 1344, "format_errors": 0, "decisions": {"supported": 980, "other_or_general": 130}, "elapsed_seconds": 1212.7974009513855}
{"event": "task_complete", "fold": 0, "completed": 1111, "total": 1344, "format_errors": 0, "decisions": {"supported": 981, "other_or_general": 130}, "elapsed_seconds": 1213.8762679100037}
{"event": "task_complete", "fold": 0, "completed": 1112, "total": 1344, "format_errors": 0, "decisions": {"supported": 981, "other_or_general": 131}, "elapsed_seconds": 1215.3600482940674}
{"event": "task_complete", "fold": 0, "completed": 1113, "total": 1344, "format_errors": 0, "decisions": {"supported": 982, "other_or_general": 131}, "elapsed_seconds": 1216.3412120342255}
{"event": "task_complete", "fold": 0, "completed": 1114, "total": 1344, "format_errors": 0, "decisions": {"supported": 983, "other_or_general": 131}, "elapsed_seconds": 1217.5297501087189}
{"event": "task_complete", "fold": 0, "completed": 1115, "total": 1344, "format_errors": 0, "decisions": {"supported": 984, "other_or_general": 131}, "elapsed_seconds": 1218.4876592159271}
{"event": "task_complete", "fold": 0, "completed": 1116, "total": 1344, "format_errors": 0, "decisions": {"supported": 984, "other_or_general": 132}, "elapsed_seconds": 1219.572056055069}
{"event": "task_complete", "fold": 0, "completed": 1117, "total": 1344, "format_errors": 0, "decisions": {"supported": 985, "other_or_general": 132}, "elapsed_seconds": 1220.4777851104736}
{"event": "task_complete", "fold": 0, "completed": 1118, "total": 1344, "format_errors": 0, "decisions": {"supported": 986, "other_or_general": 132}, "elapsed_seconds": 1221.3852639198303}
{"event": "task_complete", "fold": 0, "completed": 1119, "total": 1344, "format_errors": 0, "decisions": {"supported": 987, "other_or_general": 132}, "elapsed_seconds": 1222.6971142292023}
{"event": "task_complete", "fold": 0, "completed": 1120, "total": 1344, "format_errors": 0, "decisions": {"supported": 988, "other_or_general": 132}, "elapsed_seconds": 1223.5888679027557}
{"event": "task_complete", "fold": 0, "completed": 1121, "total": 1344, "format_errors": 0, "decisions": {"supported": 989, "other_or_general": 132}, "elapsed_seconds": 1224.589423418045}
{"event": "task_complete", "fold": 0, "completed": 1122, "total": 1344, "format_errors": 0, "decisions": {"supported": 990, "other_or_general": 132}, "elapsed_seconds": 1225.496951341629}
{"event": "task_complete", "fold": 0, "completed": 1123, "total": 1344, "format_errors": 0, "decisions": {"supported": 991, "other_or_general": 132}, "elapsed_seconds": 1226.7911550998688}
{"event": "task_complete", "fold": 0, "completed": 1124, "total": 1344, "format_errors": 0, "decisions": {"supported": 992, "other_or_general": 132}, "elapsed_seconds": 1228.0335836410522}
{"event": "task_complete", "fold": 0, "completed": 1125, "total": 1344, "format_errors": 0, "decisions": {"supported": 993, "other_or_general": 132}, "elapsed_seconds": 1229.2952871322632}
{"event": "task_complete", "fold": 0, "completed": 1126, "total": 1344, "format_errors": 0, "decisions": {"supported": 994, "other_or_general": 132}, "elapsed_seconds": 1230.4291186332703}
{"event": "task_complete", "fold": 0, "completed": 1127, "total": 1344, "format_errors": 0, "decisions": {"supported": 995, "other_or_general": 132}, "elapsed_seconds": 1232.0636835098267}
{"event": "task_complete", "fold": 0, "completed": 1128, "total": 1344, "format_errors": 0, "decisions": {"supported": 996, "other_or_general": 132}, "elapsed_seconds": 1233.7050561904907}
{"event": "task_complete", "fold": 0, "completed": 1129, "total": 1344, "format_errors": 0, "decisions": {"supported": 997, "other_or_general": 132}, "elapsed_seconds": 1234.8136825561523}
{"event": "task_complete", "fold": 0, "completed": 1130, "total": 1344, "format_errors": 0, "decisions": {"supported": 998, "other_or_general": 132}, "elapsed_seconds": 1235.695833683014}
{"event": "task_complete", "fold": 0, "completed": 1131, "total": 1344, "format_errors": 0, "decisions": {"supported": 999, "other_or_general": 132}, "elapsed_seconds": 1236.6738784313202}
{"event": "task_complete", "fold": 0, "completed": 1132, "total": 1344, "format_errors": 0, "decisions": {"supported": 1000, "other_or_general": 132}, "elapsed_seconds": 1237.6063284873962}
{"event": "task_complete", "fold": 0, "completed": 1133, "total": 1344, "format_errors": 0, "decisions": {"supported": 1001, "other_or_general": 132}, "elapsed_seconds": 1238.988596200943}
{"event": "task_complete", "fold": 0, "completed": 1134, "total": 1344, "format_errors": 0, "decisions": {"supported": 1002, "other_or_general": 132}, "elapsed_seconds": 1239.878527879715}
{"event": "task_complete", "fold": 0, "completed": 1135, "total": 1344, "format_errors": 0, "decisions": {"supported": 1003, "other_or_general": 132}, "elapsed_seconds": 1241.1371207237244}
{"event": "task_complete", "fold": 0, "completed": 1136, "total": 1344, "format_errors": 0, "decisions": {"supported": 1004, "other_or_general": 132}, "elapsed_seconds": 1242.502124786377}
{"event": "task_complete", "fold": 0, "completed": 1137, "total": 1344, "format_errors": 0, "decisions": {"supported": 1004, "other_or_general": 133}, "elapsed_seconds": 1243.6043434143066}
{"event": "task_complete", "fold": 0, "completed": 1138, "total": 1344, "format_errors": 0, "decisions": {"supported": 1005, "other_or_general": 133}, "elapsed_seconds": 1244.9282522201538}
{"event": "task_complete", "fold": 0, "completed": 1139, "total": 1344, "format_errors": 0, "decisions": {"supported": 1006, "other_or_general": 133}, "elapsed_seconds": 1246.0786690711975}
{"event": "task_complete", "fold": 0, "completed": 1140, "total": 1344, "format_errors": 0, "decisions": {"supported": 1007, "other_or_general": 133}, "elapsed_seconds": 1247.676192522049}
{"event": "task_complete", "fold": 0, "completed": 1141, "total": 1344, "format_errors": 0, "decisions": {"supported": 1007, "other_or_general": 134}, "elapsed_seconds": 1248.6846237182617}
{"event": "task_complete", "fold": 0, "completed": 1142, "total": 1344, "format_errors": 0, "decisions": {"supported": 1007, "other_or_general": 135}, "elapsed_seconds": 1250.0745630264282}
{"event": "task_complete", "fold": 0, "completed": 1143, "total": 1344, "format_errors": 0, "decisions": {"supported": 1008, "other_or_general": 135}, "elapsed_seconds": 1251.0555927753448}
{"event": "task_complete", "fold": 0, "completed": 1144, "total": 1344, "format_errors": 0, "decisions": {"supported": 1009, "other_or_general": 135}, "elapsed_seconds": 1252.0356800556183}
{"event": "task_complete", "fold": 0, "completed": 1145, "total": 1344, "format_errors": 0, "decisions": {"supported": 1010, "other_or_general": 135}, "elapsed_seconds": 1253.1615974903107}
{"event": "task_complete", "fold": 0, "completed": 1146, "total": 1344, "format_errors": 0, "decisions": {"supported": 1010, "other_or_general": 136}, "elapsed_seconds": 1254.5838243961334}
{"event": "task_complete", "fold": 0, "completed": 1147, "total": 1344, "format_errors": 0, "decisions": {"supported": 1011, "other_or_general": 136}, "elapsed_seconds": 1255.47314119339}
{"event": "task_complete", "fold": 0, "completed": 1148, "total": 1344, "format_errors": 0, "decisions": {"supported": 1012, "other_or_general": 136}, "elapsed_seconds": 1256.478191614151}
{"event": "task_complete", "fold": 0, "completed": 1149, "total": 1344, "format_errors": 0, "decisions": {"supported": 1013, "other_or_general": 136}, "elapsed_seconds": 1257.8907256126404}
{"event": "task_complete", "fold": 0, "completed": 1150, "total": 1344, "format_errors": 0, "decisions": {"supported": 1014, "other_or_general": 136}, "elapsed_seconds": 1258.8102650642395}
{"event": "task_complete", "fold": 0, "completed": 1151, "total": 1344, "format_errors": 0, "decisions": {"supported": 1015, "other_or_general": 136}, "elapsed_seconds": 1259.8636837005615}
{"event": "task_complete", "fold": 0, "completed": 1152, "total": 1344, "format_errors": 0, "decisions": {"supported": 1016, "other_or_general": 136}, "elapsed_seconds": 1261.0333442687988}
{"event": "task_complete", "fold": 0, "completed": 1153, "total": 1344, "format_errors": 0, "decisions": {"supported": 1017, "other_or_general": 136}, "elapsed_seconds": 1262.6470799446106}
{"event": "task_complete", "fold": 0, "completed": 1154, "total": 1344, "format_errors": 0, "decisions": {"supported": 1018, "other_or_general": 136}, "elapsed_seconds": 1263.5421648025513}
{"event": "task_complete", "fold": 0, "completed": 1155, "total": 1344, "format_errors": 0, "decisions": {"supported": 1019, "other_or_general": 136}, "elapsed_seconds": 1264.6108739376068}
{"event": "task_complete", "fold": 0, "completed": 1156, "total": 1344, "format_errors": 0, "decisions": {"supported": 1020, "other_or_general": 136}, "elapsed_seconds": 1265.928459405899}
{"event": "task_complete", "fold": 0, "completed": 1157, "total": 1344, "format_errors": 0, "decisions": {"supported": 1021, "other_or_general": 136}, "elapsed_seconds": 1267.0532667636871}
{"event": "task_complete", "fold": 0, "completed": 1158, "total": 1344, "format_errors": 0, "decisions": {"supported": 1022, "other_or_general": 136}, "elapsed_seconds": 1268.550348520279}
{"event": "task_complete", "fold": 0, "completed": 1159, "total": 1344, "format_errors": 0, "decisions": {"supported": 1023, "other_or_general": 136}, "elapsed_seconds": 1269.4912757873535}
{"event": "task_complete", "fold": 0, "completed": 1160, "total": 1344, "format_errors": 0, "decisions": {"supported": 1024, "other_or_general": 136}, "elapsed_seconds": 1270.6019854545593}
{"event": "task_complete", "fold": 0, "completed": 1161, "total": 1344, "format_errors": 0, "decisions": {"supported": 1025, "other_or_general": 136}, "elapsed_seconds": 1271.5519020557404}
{"event": "task_complete", "fold": 0, "completed": 1162, "total": 1344, "format_errors": 0, "decisions": {"supported": 1026, "other_or_general": 136}, "elapsed_seconds": 1272.4637236595154}
{"event": "task_complete", "fold": 0, "completed": 1163, "total": 1344, "format_errors": 0, "decisions": {"supported": 1026, "other_or_general": 137}, "elapsed_seconds": 1274.040741443634}
{"event": "task_complete", "fold": 0, "completed": 1164, "total": 1344, "format_errors": 0, "decisions": {"supported": 1027, "other_or_general": 137}, "elapsed_seconds": 1274.9694306850433}
{"event": "task_complete", "fold": 0, "completed": 1165, "total": 1344, "format_errors": 0, "decisions": {"supported": 1027, "other_or_general": 138}, "elapsed_seconds": 1276.1570398807526}
{"event": "task_complete", "fold": 0, "completed": 1166, "total": 1344, "format_errors": 0, "decisions": {"supported": 1027, "other_or_general": 139}, "elapsed_seconds": 1277.6335196495056}
{"event": "task_complete", "fold": 0, "completed": 1167, "total": 1344, "format_errors": 0, "decisions": {"supported": 1028, "other_or_general": 139}, "elapsed_seconds": 1278.5235903263092}
{"event": "task_complete", "fold": 0, "completed": 1168, "total": 1344, "format_errors": 0, "decisions": {"supported": 1029, "other_or_general": 139}, "elapsed_seconds": 1279.8401191234589}
{"event": "task_complete", "fold": 0, "completed": 1169, "total": 1344, "format_errors": 0, "decisions": {"supported": 1030, "other_or_general": 139}, "elapsed_seconds": 1280.7249245643616}
{"event": "task_complete", "fold": 0, "completed": 1170, "total": 1344, "format_errors": 0, "decisions": {"supported": 1031, "other_or_general": 139}, "elapsed_seconds": 1281.8436245918274}
{"event": "task_complete", "fold": 0, "completed": 1171, "total": 1344, "format_errors": 0, "decisions": {"supported": 1032, "other_or_general": 139}, "elapsed_seconds": 1282.8054440021515}
{"event": "task_complete", "fold": 0, "completed": 1172, "total": 1344, "format_errors": 0, "decisions": {"supported": 1032, "other_or_general": 140}, "elapsed_seconds": 1283.9221637248993}
{"event": "task_complete", "fold": 0, "completed": 1173, "total": 1344, "format_errors": 0, "decisions": {"supported": 1033, "other_or_general": 140}, "elapsed_seconds": 1284.9129395484924}
{"event": "task_complete", "fold": 0, "completed": 1174, "total": 1344, "format_errors": 0, "decisions": {"supported": 1034, "other_or_general": 140}, "elapsed_seconds": 1285.9076535701752}
{"event": "task_complete", "fold": 0, "completed": 1175, "total": 1344, "format_errors": 0, "decisions": {"supported": 1035, "other_or_general": 140}, "elapsed_seconds": 1286.9888060092926}
{"event": "task_complete", "fold": 0, "completed": 1176, "total": 1344, "format_errors": 0, "decisions": {"supported": 1036, "other_or_general": 140}, "elapsed_seconds": 1288.0060493946075}
{"event": "task_complete", "fold": 0, "completed": 1177, "total": 1344, "format_errors": 0, "decisions": {"supported": 1036, "other_or_general": 141}, "elapsed_seconds": 1289.144041776657}
{"event": "task_complete", "fold": 0, "completed": 1178, "total": 1344, "format_errors": 0, "decisions": {"supported": 1037, "other_or_general": 141}, "elapsed_seconds": 1290.2280948162079}
{"event": "task_complete", "fold": 0, "completed": 1179, "total": 1344, "format_errors": 0, "decisions": {"supported": 1038, "other_or_general": 141}, "elapsed_seconds": 1291.1475434303284}
{"event": "task_complete", "fold": 0, "completed": 1180, "total": 1344, "format_errors": 0, "decisions": {"supported": 1039, "other_or_general": 141}, "elapsed_seconds": 1292.034821987152}
{"event": "task_complete", "fold": 0, "completed": 1181, "total": 1344, "format_errors": 0, "decisions": {"supported": 1039, "other_or_general": 142}, "elapsed_seconds": 1293.5243301391602}
{"event": "task_complete", "fold": 0, "completed": 1182, "total": 1344, "format_errors": 0, "decisions": {"supported": 1039, "other_or_general": 143}, "elapsed_seconds": 1294.6487200260162}
{"event": "task_complete", "fold": 0, "completed": 1183, "total": 1344, "format_errors": 0, "decisions": {"supported": 1040, "other_or_general": 143}, "elapsed_seconds": 1295.65118932724}
{"event": "task_complete", "fold": 0, "completed": 1184, "total": 1344, "format_errors": 0, "decisions": {"supported": 1041, "other_or_general": 143}, "elapsed_seconds": 1296.632451057434}
{"event": "task_complete", "fold": 0, "completed": 1185, "total": 1344, "format_errors": 0, "decisions": {"supported": 1042, "other_or_general": 143}, "elapsed_seconds": 1297.6161165237427}
{"event": "task_complete", "fold": 0, "completed": 1186, "total": 1344, "format_errors": 0, "decisions": {"supported": 1042, "other_or_general": 144}, "elapsed_seconds": 1298.7284717559814}
{"event": "task_complete", "fold": 0, "completed": 1187, "total": 1344, "format_errors": 0, "decisions": {"supported": 1043, "other_or_general": 144}, "elapsed_seconds": 1299.684247493744}
{"event": "task_complete", "fold": 0, "completed": 1188, "total": 1344, "format_errors": 0, "decisions": {"supported": 1044, "other_or_general": 144}, "elapsed_seconds": 1300.9693400859833}
{"event": "task_complete", "fold": 0, "completed": 1189, "total": 1344, "format_errors": 0, "decisions": {"supported": 1044, "other_or_general": 145}, "elapsed_seconds": 1301.976597070694}
{"event": "task_complete", "fold": 0, "completed": 1190, "total": 1344, "format_errors": 0, "decisions": {"supported": 1045, "other_or_general": 145}, "elapsed_seconds": 1302.8581960201263}
{"event": "task_complete", "fold": 0, "completed": 1191, "total": 1344, "format_errors": 0, "decisions": {"supported": 1046, "other_or_general": 145}, "elapsed_seconds": 1303.88095164299}
{"event": "task_complete", "fold": 0, "completed": 1192, "total": 1344, "format_errors": 0, "decisions": {"supported": 1047, "other_or_general": 145}, "elapsed_seconds": 1304.8998267650604}
{"event": "task_complete", "fold": 0, "completed": 1193, "total": 1344, "format_errors": 0, "decisions": {"supported": 1048, "other_or_general": 145}, "elapsed_seconds": 1306.1305243968964}
{"event": "task_complete", "fold": 0, "completed": 1194, "total": 1344, "format_errors": 0, "decisions": {"supported": 1049, "other_or_general": 145}, "elapsed_seconds": 1307.1194808483124}
{"event": "task_complete", "fold": 0, "completed": 1195, "total": 1344, "format_errors": 0, "decisions": {"supported": 1050, "other_or_general": 145}, "elapsed_seconds": 1308.0989270210266}
{"event": "task_complete", "fold": 0, "completed": 1196, "total": 1344, "format_errors": 0, "decisions": {"supported": 1051, "other_or_general": 145}, "elapsed_seconds": 1309.10715508461}
{"event": "task_complete", "fold": 0, "completed": 1197, "total": 1344, "format_errors": 0, "decisions": {"supported": 1052, "other_or_general": 145}, "elapsed_seconds": 1310.1158974170685}
{"event": "task_complete", "fold": 0, "completed": 1198, "total": 1344, "format_errors": 0, "decisions": {"supported": 1053, "other_or_general": 145}, "elapsed_seconds": 1311.1206789016724}
{"event": "task_complete", "fold": 0, "completed": 1199, "total": 1344, "format_errors": 0, "decisions": {"supported": 1053, "other_or_general": 146}, "elapsed_seconds": 1312.2302989959717}
{"event": "task_complete", "fold": 0, "completed": 1200, "total": 1344, "format_errors": 0, "decisions": {"supported": 1053, "other_or_general": 147}, "elapsed_seconds": 1313.3486120700836}
{"event": "task_complete", "fold": 0, "completed": 1201, "total": 1344, "format_errors": 0, "decisions": {"supported": 1054, "other_or_general": 147}, "elapsed_seconds": 1314.2578263282776}
{"event": "task_complete", "fold": 0, "completed": 1202, "total": 1344, "format_errors": 0, "decisions": {"supported": 1054, "other_or_general": 148}, "elapsed_seconds": 1315.2751207351685}
{"event": "task_complete", "fold": 0, "completed": 1203, "total": 1344, "format_errors": 0, "decisions": {"supported": 1055, "other_or_general": 148}, "elapsed_seconds": 1316.5106806755066}
{"event": "task_complete", "fold": 0, "completed": 1204, "total": 1344, "format_errors": 0, "decisions": {"supported": 1056, "other_or_general": 148}, "elapsed_seconds": 1317.5399923324585}
{"event": "task_complete", "fold": 0, "completed": 1205, "total": 1344, "format_errors": 0, "decisions": {"supported": 1057, "other_or_general": 148}, "elapsed_seconds": 1318.7851140499115}
{"event": "task_complete", "fold": 0, "completed": 1206, "total": 1344, "format_errors": 0, "decisions": {"supported": 1058, "other_or_general": 148}, "elapsed_seconds": 1319.7461686134338}
{"event": "task_complete", "fold": 0, "completed": 1207, "total": 1344, "format_errors": 0, "decisions": {"supported": 1059, "other_or_general": 148}, "elapsed_seconds": 1321.0748500823975}
{"event": "task_complete", "fold": 0, "completed": 1208, "total": 1344, "format_errors": 0, "decisions": {"supported": 1060, "other_or_general": 148}, "elapsed_seconds": 1322.034226179123}
{"event": "task_complete", "fold": 0, "completed": 1209, "total": 1344, "format_errors": 0, "decisions": {"supported": 1061, "other_or_general": 148}, "elapsed_seconds": 1323.2381708621979}
{"event": "task_complete", "fold": 0, "completed": 1210, "total": 1344, "format_errors": 0, "decisions": {"supported": 1062, "other_or_general": 148}, "elapsed_seconds": 1324.2517652511597}
{"event": "task_complete", "fold": 0, "completed": 1211, "total": 1344, "format_errors": 0, "decisions": {"supported": 1063, "other_or_general": 148}, "elapsed_seconds": 1325.4963071346283}
{"event": "task_complete", "fold": 0, "completed": 1212, "total": 1344, "format_errors": 0, "decisions": {"supported": 1064, "other_or_general": 148}, "elapsed_seconds": 1326.505465745926}
{"event": "task_complete", "fold": 0, "completed": 1213, "total": 1344, "format_errors": 0, "decisions": {"supported": 1065, "other_or_general": 148}, "elapsed_seconds": 1327.5159916877747}
{"event": "task_complete", "fold": 0, "completed": 1214, "total": 1344, "format_errors": 0, "decisions": {"supported": 1066, "other_or_general": 148}, "elapsed_seconds": 1328.5001876354218}
{"event": "task_complete", "fold": 0, "completed": 1215, "total": 1344, "format_errors": 0, "decisions": {"supported": 1067, "other_or_general": 148}, "elapsed_seconds": 1329.4594666957855}
{"event": "task_complete", "fold": 0, "completed": 1216, "total": 1344, "format_errors": 0, "decisions": {"supported": 1068, "other_or_general": 148}, "elapsed_seconds": 1330.4312558174133}
{"event": "task_complete", "fold": 0, "completed": 1217, "total": 1344, "format_errors": 0, "decisions": {"supported": 1069, "other_or_general": 148}, "elapsed_seconds": 1331.5778250694275}
{"event": "task_complete", "fold": 0, "completed": 1218, "total": 1344, "format_errors": 0, "decisions": {"supported": 1070, "other_or_general": 148}, "elapsed_seconds": 1332.5767350196838}
{"event": "task_complete", "fold": 0, "completed": 1219, "total": 1344, "format_errors": 0, "decisions": {"supported": 1071, "other_or_general": 148}, "elapsed_seconds": 1333.5634491443634}
{"event": "task_complete", "fold": 0, "completed": 1220, "total": 1344, "format_errors": 0, "decisions": {"supported": 1072, "other_or_general": 148}, "elapsed_seconds": 1334.6262557506561}
{"event": "task_complete", "fold": 0, "completed": 1221, "total": 1344, "format_errors": 0, "decisions": {"supported": 1073, "other_or_general": 148}, "elapsed_seconds": 1335.6019756793976}
{"event": "task_complete", "fold": 0, "completed": 1222, "total": 1344, "format_errors": 0, "decisions": {"supported": 1074, "other_or_general": 148}, "elapsed_seconds": 1336.5340893268585}
{"event": "task_complete", "fold": 0, "completed": 1223, "total": 1344, "format_errors": 0, "decisions": {"supported": 1075, "other_or_general": 148}, "elapsed_seconds": 1337.4840030670166}
{"event": "task_complete", "fold": 0, "completed": 1224, "total": 1344, "format_errors": 0, "decisions": {"supported": 1076, "other_or_general": 148}, "elapsed_seconds": 1338.5789835453033}
{"event": "task_complete", "fold": 0, "completed": 1225, "total": 1344, "format_errors": 0, "decisions": {"supported": 1077, "other_or_general": 148}, "elapsed_seconds": 1339.7451786994934}
{"event": "task_complete", "fold": 0, "completed": 1226, "total": 1344, "format_errors": 0, "decisions": {"supported": 1078, "other_or_general": 148}, "elapsed_seconds": 1340.763310432434}
{"event": "task_complete", "fold": 0, "completed": 1227, "total": 1344, "format_errors": 0, "decisions": {"supported": 1079, "other_or_general": 148}, "elapsed_seconds": 1341.7746160030365}
{"event": "task_complete", "fold": 0, "completed": 1228, "total": 1344, "format_errors": 0, "decisions": {"supported": 1080, "other_or_general": 148}, "elapsed_seconds": 1342.9912540912628}
{"event": "task_complete", "fold": 0, "completed": 1229, "total": 1344, "format_errors": 0, "decisions": {"supported": 1081, "other_or_general": 148}, "elapsed_seconds": 1343.9476585388184}
{"event": "task_complete", "fold": 0, "completed": 1230, "total": 1344, "format_errors": 0, "decisions": {"supported": 1082, "other_or_general": 148}, "elapsed_seconds": 1344.8908078670502}
{"event": "task_complete", "fold": 0, "completed": 1231, "total": 1344, "format_errors": 0, "decisions": {"supported": 1083, "other_or_general": 148}, "elapsed_seconds": 1346.03599858284}
{"event": "task_complete", "fold": 0, "completed": 1232, "total": 1344, "format_errors": 0, "decisions": {"supported": 1084, "other_or_general": 148}, "elapsed_seconds": 1346.94425034523}
{"event": "task_complete", "fold": 0, "completed": 1233, "total": 1344, "format_errors": 0, "decisions": {"supported": 1085, "other_or_general": 148}, "elapsed_seconds": 1347.9695160388947}
{"event": "task_complete", "fold": 0, "completed": 1234, "total": 1344, "format_errors": 0, "decisions": {"supported": 1086, "other_or_general": 148}, "elapsed_seconds": 1349.298012971878}
{"event": "task_complete", "fold": 0, "completed": 1235, "total": 1344, "format_errors": 0, "decisions": {"supported": 1087, "other_or_general": 148}, "elapsed_seconds": 1350.1872026920319}
{"event": "task_complete", "fold": 0, "completed": 1236, "total": 1344, "format_errors": 0, "decisions": {"supported": 1087, "other_or_general": 149}, "elapsed_seconds": 1351.18839097023}
{"event": "task_complete", "fold": 0, "completed": 1237, "total": 1344, "format_errors": 0, "decisions": {"supported": 1088, "other_or_general": 149}, "elapsed_seconds": 1352.5224404335022}
{"event": "task_complete", "fold": 0, "completed": 1238, "total": 1344, "format_errors": 0, "decisions": {"supported": 1089, "other_or_general": 149}, "elapsed_seconds": 1353.6377255916595}
{"event": "task_complete", "fold": 0, "completed": 1239, "total": 1344, "format_errors": 0, "decisions": {"supported": 1090, "other_or_general": 149}, "elapsed_seconds": 1354.6854617595673}
{"event": "task_complete", "fold": 0, "completed": 1240, "total": 1344, "format_errors": 0, "decisions": {"supported": 1091, "other_or_general": 149}, "elapsed_seconds": 1355.6727023124695}
{"event": "task_complete", "fold": 0, "completed": 1241, "total": 1344, "format_errors": 0, "decisions": {"supported": 1092, "other_or_general": 149}, "elapsed_seconds": 1356.630862236023}
{"event": "task_complete", "fold": 0, "completed": 1242, "total": 1344, "format_errors": 0, "decisions": {"supported": 1093, "other_or_general": 149}, "elapsed_seconds": 1357.630342721939}
{"event": "task_complete", "fold": 0, "completed": 1243, "total": 1344, "format_errors": 0, "decisions": {"supported": 1094, "other_or_general": 149}, "elapsed_seconds": 1358.6315290927887}
{"event": "task_complete", "fold": 0, "completed": 1244, "total": 1344, "format_errors": 0, "decisions": {"supported": 1095, "other_or_general": 149}, "elapsed_seconds": 1359.8251430988312}
{"event": "task_complete", "fold": 0, "completed": 1245, "total": 1344, "format_errors": 0, "decisions": {"supported": 1096, "other_or_general": 149}, "elapsed_seconds": 1360.9150459766388}
{"event": "task_complete", "fold": 0, "completed": 1246, "total": 1344, "format_errors": 0, "decisions": {"supported": 1097, "other_or_general": 149}, "elapsed_seconds": 1362.4098372459412}
{"event": "task_complete", "fold": 0, "completed": 1247, "total": 1344, "format_errors": 0, "decisions": {"supported": 1098, "other_or_general": 149}, "elapsed_seconds": 1363.290111064911}
{"event": "task_complete", "fold": 0, "completed": 1248, "total": 1344, "format_errors": 0, "decisions": {"supported": 1098, "other_or_general": 150}, "elapsed_seconds": 1364.3081068992615}
{"event": "task_complete", "fold": 0, "completed": 1249, "total": 1344, "format_errors": 0, "decisions": {"supported": 1099, "other_or_general": 150}, "elapsed_seconds": 1365.6573450565338}
{"event": "task_complete", "fold": 0, "completed": 1250, "total": 1344, "format_errors": 0, "decisions": {"supported": 1100, "other_or_general": 150}, "elapsed_seconds": 1366.5981936454773}
{"event": "task_complete", "fold": 0, "completed": 1251, "total": 1344, "format_errors": 0, "decisions": {"supported": 1101, "other_or_general": 150}, "elapsed_seconds": 1368.0643904209137}
{"event": "task_complete", "fold": 0, "completed": 1252, "total": 1344, "format_errors": 0, "decisions": {"supported": 1102, "other_or_general": 150}, "elapsed_seconds": 1369.1260249614716}
{"event": "task_complete", "fold": 0, "completed": 1253, "total": 1344, "format_errors": 0, "decisions": {"supported": 1103, "other_or_general": 150}, "elapsed_seconds": 1370.2373597621918}
{"event": "task_complete", "fold": 0, "completed": 1254, "total": 1344, "format_errors": 0, "decisions": {"supported": 1104, "other_or_general": 150}, "elapsed_seconds": 1371.2144439220428}
{"event": "task_complete", "fold": 0, "completed": 1255, "total": 1344, "format_errors": 0, "decisions": {"supported": 1105, "other_or_general": 150}, "elapsed_seconds": 1372.2576525211334}
{"event": "task_complete", "fold": 0, "completed": 1256, "total": 1344, "format_errors": 0, "decisions": {"supported": 1106, "other_or_general": 150}, "elapsed_seconds": 1373.222531080246}
{"event": "task_complete", "fold": 0, "completed": 1257, "total": 1344, "format_errors": 0, "decisions": {"supported": 1107, "other_or_general": 150}, "elapsed_seconds": 1374.5665619373322}
{"event": "task_complete", "fold": 0, "completed": 1258, "total": 1344, "format_errors": 0, "decisions": {"supported": 1108, "other_or_general": 150}, "elapsed_seconds": 1375.4608528614044}
{"event": "task_complete", "fold": 0, "completed": 1259, "total": 1344, "format_errors": 0, "decisions": {"supported": 1109, "other_or_general": 150}, "elapsed_seconds": 1376.5593614578247}
{"event": "task_complete", "fold": 0, "completed": 1260, "total": 1344, "format_errors": 0, "decisions": {"supported": 1110, "other_or_general": 150}, "elapsed_seconds": 1377.5107941627502}
{"event": "task_complete", "fold": 0, "completed": 1261, "total": 1344, "format_errors": 0, "decisions": {"supported": 1110, "other_or_general": 151}, "elapsed_seconds": 1378.8968839645386}
{"event": "task_complete", "fold": 0, "completed": 1262, "total": 1344, "format_errors": 0, "decisions": {"supported": 1111, "other_or_general": 151}, "elapsed_seconds": 1379.9085228443146}
{"event": "task_complete", "fold": 0, "completed": 1263, "total": 1344, "format_errors": 0, "decisions": {"supported": 1112, "other_or_general": 151}, "elapsed_seconds": 1380.982477426529}
{"event": "task_complete", "fold": 0, "completed": 1264, "total": 1344, "format_errors": 0, "decisions": {"supported": 1113, "other_or_general": 151}, "elapsed_seconds": 1381.9381248950958}
{"event": "task_complete", "fold": 0, "completed": 1265, "total": 1344, "format_errors": 0, "decisions": {"supported": 1114, "other_or_general": 151}, "elapsed_seconds": 1382.9400520324707}
{"event": "task_complete", "fold": 0, "completed": 1266, "total": 1344, "format_errors": 0, "decisions": {"supported": 1115, "other_or_general": 151}, "elapsed_seconds": 1383.9285771846771}
{"event": "task_complete", "fold": 0, "completed": 1267, "total": 1344, "format_errors": 0, "decisions": {"supported": 1116, "other_or_general": 151}, "elapsed_seconds": 1385.0646479129791}
{"event": "task_complete", "fold": 0, "completed": 1268, "total": 1344, "format_errors": 0, "decisions": {"supported": 1117, "other_or_general": 151}, "elapsed_seconds": 1386.033492565155}
{"event": "task_complete", "fold": 0, "completed": 1269, "total": 1344, "format_errors": 0, "decisions": {"supported": 1118, "other_or_general": 151}, "elapsed_seconds": 1387.0438244342804}
{"event": "task_complete", "fold": 0, "completed": 1270, "total": 1344, "format_errors": 0, "decisions": {"supported": 1119, "other_or_general": 151}, "elapsed_seconds": 1388.321566104889}
{"event": "task_complete", "fold": 0, "completed": 1271, "total": 1344, "format_errors": 0, "decisions": {"supported": 1119, "other_or_general": 152}, "elapsed_seconds": 1389.4416844844818}
{"event": "task_complete", "fold": 0, "completed": 1272, "total": 1344, "format_errors": 0, "decisions": {"supported": 1120, "other_or_general": 152}, "elapsed_seconds": 1390.668384552002}
{"event": "task_complete", "fold": 0, "completed": 1273, "total": 1344, "format_errors": 0, "decisions": {"supported": 1121, "other_or_general": 152}, "elapsed_seconds": 1391.7800583839417}
{"event": "task_complete", "fold": 0, "completed": 1274, "total": 1344, "format_errors": 0, "decisions": {"supported": 1121, "other_or_general": 153}, "elapsed_seconds": 1392.7931487560272}
{"event": "task_complete", "fold": 0, "completed": 1275, "total": 1344, "format_errors": 0, "decisions": {"supported": 1122, "other_or_general": 153}, "elapsed_seconds": 1394.2026908397675}
{"event": "task_complete", "fold": 0, "completed": 1276, "total": 1344, "format_errors": 0, "decisions": {"supported": 1123, "other_or_general": 153}, "elapsed_seconds": 1395.1374371051788}
{"event": "task_complete", "fold": 0, "completed": 1277, "total": 1344, "format_errors": 0, "decisions": {"supported": 1124, "other_or_general": 153}, "elapsed_seconds": 1396.1284086704254}
{"event": "task_complete", "fold": 0, "completed": 1278, "total": 1344, "format_errors": 0, "decisions": {"supported": 1125, "other_or_general": 153}, "elapsed_seconds": 1397.3470420837402}
{"event": "task_complete", "fold": 0, "completed": 1279, "total": 1344, "format_errors": 0, "decisions": {"supported": 1126, "other_or_general": 153}, "elapsed_seconds": 1398.3214786052704}
{"event": "task_complete", "fold": 0, "completed": 1280, "total": 1344, "format_errors": 0, "decisions": {"supported": 1127, "other_or_general": 153}, "elapsed_seconds": 1399.3774466514587}
{"event": "task_complete", "fold": 0, "completed": 1281, "total": 1344, "format_errors": 0, "decisions": {"supported": 1127, "other_or_general": 154}, "elapsed_seconds": 1400.4153037071228}
{"event": "task_complete", "fold": 0, "completed": 1282, "total": 1344, "format_errors": 0, "decisions": {"supported": 1128, "other_or_general": 154}, "elapsed_seconds": 1401.908790588379}
{"event": "task_complete", "fold": 0, "completed": 1283, "total": 1344, "format_errors": 0, "decisions": {"supported": 1128, "other_or_general": 155}, "elapsed_seconds": 1402.9142308235168}
{"event": "task_complete", "fold": 0, "completed": 1284, "total": 1344, "format_errors": 0, "decisions": {"supported": 1129, "other_or_general": 155}, "elapsed_seconds": 1403.810420036316}
{"event": "task_complete", "fold": 0, "completed": 1285, "total": 1344, "format_errors": 0, "decisions": {"supported": 1129, "other_or_general": 156}, "elapsed_seconds": 1405.194614648819}
{"event": "task_complete", "fold": 0, "completed": 1286, "total": 1344, "format_errors": 0, "decisions": {"supported": 1130, "other_or_general": 156}, "elapsed_seconds": 1406.1475460529327}
{"event": "task_complete", "fold": 0, "completed": 1287, "total": 1344, "format_errors": 0, "decisions": {"supported": 1131, "other_or_general": 156}, "elapsed_seconds": 1407.1277651786804}
{"event": "task_complete", "fold": 0, "completed": 1288, "total": 1344, "format_errors": 0, "decisions": {"supported": 1132, "other_or_general": 156}, "elapsed_seconds": 1408.0703225135803}
{"event": "task_complete", "fold": 0, "completed": 1289, "total": 1344, "format_errors": 0, "decisions": {"supported": 1133, "other_or_general": 156}, "elapsed_seconds": 1409.0481567382812}
{"event": "task_complete", "fold": 0, "completed": 1290, "total": 1344, "format_errors": 0, "decisions": {"supported": 1134, "other_or_general": 156}, "elapsed_seconds": 1409.9795949459076}
{"event": "task_complete", "fold": 0, "completed": 1291, "total": 1344, "format_errors": 0, "decisions": {"supported": 1135, "other_or_general": 156}, "elapsed_seconds": 1410.9047179222107}
{"event": "task_complete", "fold": 0, "completed": 1292, "total": 1344, "format_errors": 0, "decisions": {"supported": 1136, "other_or_general": 156}, "elapsed_seconds": 1411.8585402965546}
{"event": "task_complete", "fold": 0, "completed": 1293, "total": 1344, "format_errors": 0, "decisions": {"supported": 1137, "other_or_general": 156}, "elapsed_seconds": 1412.8312258720398}
{"event": "task_complete", "fold": 0, "completed": 1294, "total": 1344, "format_errors": 0, "decisions": {"supported": 1138, "other_or_general": 156}, "elapsed_seconds": 1413.7721769809723}
{"event": "task_complete", "fold": 0, "completed": 1295, "total": 1344, "format_errors": 0, "decisions": {"supported": 1139, "other_or_general": 156}, "elapsed_seconds": 1414.74871468544}
{"event": "task_complete", "fold": 0, "completed": 1296, "total": 1344, "format_errors": 0, "decisions": {"supported": 1140, "other_or_general": 156}, "elapsed_seconds": 1415.6492955684662}
{"event": "task_complete", "fold": 0, "completed": 1297, "total": 1344, "format_errors": 0, "decisions": {"supported": 1140, "other_or_general": 157}, "elapsed_seconds": 1416.704520225525}
{"event": "task_complete", "fold": 0, "completed": 1298, "total": 1344, "format_errors": 0, "decisions": {"supported": 1141, "other_or_general": 157}, "elapsed_seconds": 1417.7031381130219}
{"event": "task_complete", "fold": 0, "completed": 1299, "total": 1344, "format_errors": 0, "decisions": {"supported": 1142, "other_or_general": 157}, "elapsed_seconds": 1418.9503557682037}
{"event": "task_complete", "fold": 0, "completed": 1300, "total": 1344, "format_errors": 0, "decisions": {"supported": 1143, "other_or_general": 157}, "elapsed_seconds": 1419.8345623016357}
{"event": "task_complete", "fold": 0, "completed": 1301, "total": 1344, "format_errors": 0, "decisions": {"supported": 1144, "other_or_general": 157}, "elapsed_seconds": 1420.7524418830872}
{"event": "task_complete", "fold": 0, "completed": 1302, "total": 1344, "format_errors": 0, "decisions": {"supported": 1145, "other_or_general": 157}, "elapsed_seconds": 1422.002513408661}
{"event": "task_complete", "fold": 0, "completed": 1303, "total": 1344, "format_errors": 0, "decisions": {"supported": 1146, "other_or_general": 157}, "elapsed_seconds": 1422.8872735500336}
{"event": "task_complete", "fold": 0, "completed": 1304, "total": 1344, "format_errors": 0, "decisions": {"supported": 1146, "other_or_general": 158}, "elapsed_seconds": 1423.9980311393738}
{"event": "task_complete", "fold": 0, "completed": 1305, "total": 1344, "format_errors": 0, "decisions": {"supported": 1146, "other_or_general": 159}, "elapsed_seconds": 1425.1150176525116}
{"event": "task_complete", "fold": 0, "completed": 1306, "total": 1344, "format_errors": 0, "decisions": {"supported": 1147, "other_or_general": 159}, "elapsed_seconds": 1426.429312467575}
{"event": "task_complete", "fold": 0, "completed": 1307, "total": 1344, "format_errors": 0, "decisions": {"supported": 1147, "other_or_general": 160}, "elapsed_seconds": 1427.7089455127716}
{"event": "task_complete", "fold": 0, "completed": 1308, "total": 1344, "format_errors": 0, "decisions": {"supported": 1148, "other_or_general": 160}, "elapsed_seconds": 1428.595008134842}
{"event": "task_complete", "fold": 0, "completed": 1309, "total": 1344, "format_errors": 0, "decisions": {"supported": 1149, "other_or_general": 160}, "elapsed_seconds": 1429.7056517601013}
{"event": "task_complete", "fold": 0, "completed": 1310, "total": 1344, "format_errors": 0, "decisions": {"supported": 1150, "other_or_general": 160}, "elapsed_seconds": 1430.9117574691772}
{"event": "task_complete", "fold": 0, "completed": 1311, "total": 1344, "format_errors": 0, "decisions": {"supported": 1151, "other_or_general": 160}, "elapsed_seconds": 1431.7764596939087}
{"event": "task_complete", "fold": 0, "completed": 1312, "total": 1344, "format_errors": 0, "decisions": {"supported": 1152, "other_or_general": 160}, "elapsed_seconds": 1432.6617739200592}
{"event": "task_complete", "fold": 0, "completed": 1313, "total": 1344, "format_errors": 0, "decisions": {"supported": 1153, "other_or_general": 160}, "elapsed_seconds": 1434.1993958950043}
{"event": "task_complete", "fold": 0, "completed": 1314, "total": 1344, "format_errors": 0, "decisions": {"supported": 1154, "other_or_general": 160}, "elapsed_seconds": 1435.2760255336761}
{"event": "task_complete", "fold": 0, "completed": 1315, "total": 1344, "format_errors": 0, "decisions": {"supported": 1155, "other_or_general": 160}, "elapsed_seconds": 1436.2910749912262}
{"event": "task_complete", "fold": 0, "completed": 1316, "total": 1344, "format_errors": 0, "decisions": {"supported": 1156, "other_or_general": 160}, "elapsed_seconds": 1437.55131649971}
{"event": "task_complete", "fold": 0, "completed": 1317, "total": 1344, "format_errors": 0, "decisions": {"supported": 1157, "other_or_general": 160}, "elapsed_seconds": 1438.8289725780487}
{"event": "task_complete", "fold": 0, "completed": 1318, "total": 1344, "format_errors": 0, "decisions": {"supported": 1158, "other_or_general": 160}, "elapsed_seconds": 1439.8083844184875}
{"event": "task_complete", "fold": 0, "completed": 1319, "total": 1344, "format_errors": 0, "decisions": {"supported": 1159, "other_or_general": 160}, "elapsed_seconds": 1441.0410590171814}
{"event": "task_complete", "fold": 0, "completed": 1320, "total": 1344, "format_errors": 0, "decisions": {"supported": 1160, "other_or_general": 160}, "elapsed_seconds": 1442.2530994415283}
{"event": "task_complete", "fold": 0, "completed": 1321, "total": 1344, "format_errors": 0, "decisions": {"supported": 1161, "other_or_general": 160}, "elapsed_seconds": 1443.2390513420105}
{"event": "task_complete", "fold": 0, "completed": 1322, "total": 1344, "format_errors": 0, "decisions": {"supported": 1162, "other_or_general": 160}, "elapsed_seconds": 1444.220541715622}
{"event": "task_complete", "fold": 0, "completed": 1323, "total": 1344, "format_errors": 0, "decisions": {"supported": 1163, "other_or_general": 160}, "elapsed_seconds": 1445.224335193634}
{"event": "task_complete", "fold": 0, "completed": 1324, "total": 1344, "format_errors": 0, "decisions": {"supported": 1164, "other_or_general": 160}, "elapsed_seconds": 1446.3468656539917}
{"event": "task_complete", "fold": 0, "completed": 1325, "total": 1344, "format_errors": 0, "decisions": {"supported": 1165, "other_or_general": 160}, "elapsed_seconds": 1447.2943406105042}
{"event": "task_complete", "fold": 0, "completed": 1326, "total": 1344, "format_errors": 0, "decisions": {"supported": 1166, "other_or_general": 160}, "elapsed_seconds": 1448.21648311615}
{"event": "task_complete", "fold": 0, "completed": 1327, "total": 1344, "format_errors": 0, "decisions": {"supported": 1167, "other_or_general": 160}, "elapsed_seconds": 1449.1219727993011}
{"event": "task_complete", "fold": 0, "completed": 1328, "total": 1344, "format_errors": 0, "decisions": {"supported": 1168, "other_or_general": 160}, "elapsed_seconds": 1450.0011763572693}
{"event": "task_complete", "fold": 0, "completed": 1329, "total": 1344, "format_errors": 0, "decisions": {"supported": 1169, "other_or_general": 160}, "elapsed_seconds": 1451.1233005523682}
{"event": "task_complete", "fold": 0, "completed": 1330, "total": 1344, "format_errors": 0, "decisions": {"supported": 1170, "other_or_general": 160}, "elapsed_seconds": 1452.1201152801514}
{"event": "task_complete", "fold": 0, "completed": 1331, "total": 1344, "format_errors": 0, "decisions": {"supported": 1171, "other_or_general": 160}, "elapsed_seconds": 1453.1869006156921}
{"event": "task_complete", "fold": 0, "completed": 1332, "total": 1344, "format_errors": 0, "decisions": {"supported": 1172, "other_or_general": 160}, "elapsed_seconds": 1454.1801328659058}
{"event": "task_complete", "fold": 0, "completed": 1333, "total": 1344, "format_errors": 0, "decisions": {"supported": 1173, "other_or_general": 160}, "elapsed_seconds": 1455.183756351471}
{"event": "task_complete", "fold": 0, "completed": 1334, "total": 1344, "format_errors": 0, "decisions": {"supported": 1174, "other_or_general": 160}, "elapsed_seconds": 1456.183988571167}
{"event": "task_complete", "fold": 0, "completed": 1335, "total": 1344, "format_errors": 0, "decisions": {"supported": 1175, "other_or_general": 160}, "elapsed_seconds": 1457.1767234802246}
{"event": "task_complete", "fold": 0, "completed": 1336, "total": 1344, "format_errors": 0, "decisions": {"supported": 1176, "other_or_general": 160}, "elapsed_seconds": 1458.1705179214478}
{"event": "task_complete", "fold": 0, "completed": 1337, "total": 1344, "format_errors": 0, "decisions": {"supported": 1177, "other_or_general": 160}, "elapsed_seconds": 1459.238980293274}
{"event": "task_complete", "fold": 0, "completed": 1338, "total": 1344, "format_errors": 0, "decisions": {"supported": 1178, "other_or_general": 160}, "elapsed_seconds": 1460.2081198692322}
{"event": "task_complete", "fold": 0, "completed": 1339, "total": 1344, "format_errors": 0, "decisions": {"supported": 1179, "other_or_general": 160}, "elapsed_seconds": 1461.1771202087402}
{"event": "task_complete", "fold": 0, "completed": 1340, "total": 1344, "format_errors": 0, "decisions": {"supported": 1179, "other_or_general": 161}, "elapsed_seconds": 1462.3302838802338}
{"event": "task_complete", "fold": 0, "completed": 1341, "total": 1344, "format_errors": 0, "decisions": {"supported": 1180, "other_or_general": 161}, "elapsed_seconds": 1463.3059387207031}
{"event": "task_complete", "fold": 0, "completed": 1342, "total": 1344, "format_errors": 0, "decisions": {"supported": 1181, "other_or_general": 161}, "elapsed_seconds": 1464.2476675510406}
{"event": "task_complete", "fold": 0, "completed": 1343, "total": 1344, "format_errors": 0, "decisions": {"supported": 1182, "other_or_general": 161}, "elapsed_seconds": 1465.2174561023712}
{"event": "task_complete", "fold": 0, "completed": 1344, "total": 1344, "format_errors": 0, "decisions": {"supported": 1182, "other_or_general": 162}, "elapsed_seconds": 1466.253540277481}
{"event": "completed", "fold": 0, "partition_role": "blind_b_shard", "validation_document_ids": ["11196984", "11803302", "11869264", "11880773", "11895343", "11964616", "12000180", "12111208", "12216401", "12249766", "12411262", "12646977", "12649092", "12652073", "12652972", "12698336", "12779174", "12801135", "12892861", "3541344", "3775762", "3824280", "4630879", "4784292", "5031822", "5111003", "5167130", "5219735", "5351214", "5359868", "5388735", "5568374", "5618395", "6026433", "6062669", "6099051", "6192414", "6311306", "6389469", "6417543", "6438871", "6687635", "8071555", "8222854", "8304864", "8391275", "8426226", "8447699", "8527611", "8606201"], "upstream_training_document_ids": ["10313222", "10553122", "10789033", "11196099", "11203018", "11221135", "11235872", "11765409", "11826603", "11871647", "11906559", "11919040", "11986149", "12017973", "12059664", "12078887", "12110755", "12110769", "12118522", "12126309", "12147048", "12250201", "12334843", "12386172", "12405443", "12444410", "12455887", "12628480", "12640707", "12646972", "12652105", "12733031", "12779223", "12798528", "12811285", "12846941", "12891056", "2866573", "2964533", "3563609", "4607013", "4644339", "4678370", "4899602", "5023785", "5368377", "5415817", "5422868", "5425407", "5452357", "5473715", "5537416", "5538066", "5562981", "5574094", "5575846", "5693559", "5763540", "5773845", "5789735", "5793168", "5866036", "5959423", "5970456", "6036836", "6048891", "6049015", "6057141", "6059678", "6063015", "6096008", "6134758", "6151044", "6219255", "6220403", "6332535", "6338757", "6390251", "6491447", "9327653"], "llm_training_document_ids": [], "demonstration_document_ids": [], "answers_removed_before_prompting": true, "baseline_exact_replay": true, "plan_sha256": "ed4577d345d5ec77033dc8b94fca7e942f9de48e86b6ed170b48ac3c7eb4bb0f", "parent_plan_sha256": "e9449586e4f7f11eaf84d5c0ffd39351b90ef862a71c217942e586a84f6c231b", "task_count": 1344, "tasks_sha256": "ae005e9878c18f256f8bdbac0fb375bff7fd2773c487cfac656fea0158a6d3f5", "max_input_tokens": 996, "maximum_grammar_tokens": 16, "protocol_module": "patientphex.llm_concept_review", "source_truncation": false, "hard_nonthinking": true, "status": "completed", "decisions_sha256": "9e16d3204633a5bd7ea51e8a41656ca4230cd64e1dad7996cb4b478e083f6c8b", "format_success_rate": 1.0, "format_errors": 0, "elapsed_seconds": 1466.306788444519, "physical_gpu": "2", "peak_allocated_gib": 16.417583465576172, "generated_tokens": 16832, "generation_seconds": 1451.216692686081, "decisions": {"supported": 1182, "other_or_general": 162}}
